Source,BaySeg,Basin,Fac Name,Year,Month,TNLoad (tons/mnth),TPLoad (tons/mnth),TSS Load (tons/mnth),BOD Load (tons/mnth),H2O Load (10e6m3/mnth),Entity
PS - Domestic - REUSE,7,202-7,City of Bradenton WRF,2022,1,0.200627705,0.006079627,0.051676833,0.036477765,0.330920717,Bradenton
PS - Domestic - SW,7,202-7,City of Bradenton WRF,2022,1,0.384180712,0.069851039,0.593733828,0.419106231,0.316838984,Bradenton
PS - Domestic - REUSE,7,202-7,City of Bradenton WRF,2022,2,0.256571127,0.007126976,0.057015806,0.035634879,0.387929022,Bradenton
PS - Domestic - SW,7,202-7,City of Bradenton WRF,2022,2,0.238344762,0.039724127,0.317793017,0.198620635,0.180185611,Bradenton
PS - Domestic - REUSE,7,202-7,City of Bradenton WRF,2022,3,0.504479723,0.008407995,0.046243975,0.042039977,0.457656311,Bradenton
PS - Domestic - SW,7,202-7,City of Bradenton WRF,2022,3,0.41393208,0.041393208,0.227662644,0.20696604,0.187756435,Bradenton
PS - Domestic - REUSE,7,202-7,City of Bradenton WRF,2022,4,0.5205029,0.011829611,0.051261649,0.039432038,0.429265721,Bradenton
PS - Domestic - SW,7,202-7,City of Bradenton WRF,2022,4,0.358017868,0.048820618,0.211556013,0.162735395,0.147631068,Bradenton
PS - Domestic - REUSE,7,202-7,City of Bradenton WRF,2022,5,0.537852997,0.012223932,0.069268947,0.044821083,0.443574578,Bradenton
PS - Domestic - SW,7,202-7,City of Bradenton WRF,2022,5,0.341493966,0.046567359,0.263881701,0.170746983,0.140817326,Bradenton
PS - Domestic - REUSE,7,202-7,City of Bradenton WRF,2022,6,0.746955461,0.006384235,0.028729056,0.028729056,0.347500822,Bradenton
PS - Domestic - SW,7,202-7,City of Bradenton WRF,2022,6,1.46461855,0.075108644,0.337988896,0.337988896,0.34068708,Bradenton
PS - Domestic - REUSE,7,202-7,City of Bradenton WRF,2022,7,0.347702948,0.000905476,0.006338335,0.008149288,0.098572129,Bradenton
PS - Domestic - SW,7,202-7,City of Bradenton WRF,2022,7,5.877835541,0.09184118,0.642888262,0.826570623,0.833169181,Bradenton
PS - Domestic - REUSE,7,202-7,City of Bradenton WRF,2022,8,0.645734045,0.003363198,0.030268783,0.033631982,0.366125049,Bradenton
PS - Domestic - SW,7,202-7,City of Bradenton WRF,2022,8,1.572941905,0.049154435,0.442389911,0.491544345,0.445921534,Bradenton
PS - Domestic - REUSE,7,202-7,City of Bradenton WRF,2022,9,0.049571705,0.000751086,0.004506519,0.003254708,0.027254966,Bradenton
PS - Domestic - SW,7,202-7,City of Bradenton WRF,2022,9,3.552638843,0.322967168,1.937803005,1.399524393,0.976636296,Bradenton
PS - Domestic - REUSE,7,202-7,City of Bradenton WRF,2022,10,0.510688704,0.003039814,0.033437951,0.030398137,0.330920717,Bradenton
PS - Domestic - SW,7,202-7,City of Bradenton WRF,2022,10,1.992048137,0.071144576,0.782590339,0.711445763,0.645412746,Bradenton
PS - Domestic - REUSE,7,202-7,City of Bradenton WRF,2022,11,0.740571226,0.003630251,0.036302511,0.036302511,0.395197013,Bradenton
PS - Domestic - SW,7,202-7,City of Bradenton WRF,2022,11,1.234285377,0.036302511,0.363025111,0.363025111,0.329330844,Bradenton
PS - Domestic - REUSE,7,202-7,City of Bradenton WRF,2022,12,0.46567359,0.006467689,0.05174151,0.048507666,0.352043316,Bradenton
PS - Domestic - SW,7,202-7,City of Bradenton WRF,2022,12,0.776122651,0.064676888,0.5174151,0.485076657,0.29336943,Bradenton
PS - Domestic - REUSE,7,202-7,City of Bradenton WRF,2023,1,0.554927695,0.00249006,0.040552409,0.033793674,0.387247648,Bradenton
PS - Domestic - SW,7,202-7,City of Bradenton WRF,2023,1,0.807167557,0.021731434,0.353911929,0.294926607,0.281634653,Bradenton
PS - Domestic - REUSE,7,202-7,City of Bradenton WRF,2023,2,0.438133754,0.004381338,0.036803235,0.026872204,0.317974608,Bradenton
PS - Domestic - SW,7,202-7,City of Bradenton WRF,2023,2,0.584178339,0.0350507,0.294425883,0.214977629,0.211983072,Bradenton
PS - Domestic - REUSE,7,202-7,City of Bradenton WRF,2023,3,0.577435252,0.005277634,0.051534544,0.027940415,0.337961583,Bradenton
PS - Domestic - SW,7,202-7,City of Bradenton WRF,2023,3,0.761893735,0.041781269,0.407981807,0.221194955,0.222960767,Bradenton
PS - Domestic - REUSE,7,202-7,City of Bradenton WRF,2023,4,0.788640758,0.021280782,0.056957388,0.030669363,0.34068708,Bradenton
PS - Domestic - SW,7,202-7,City of Bradenton WRF,2023,4,0.788640758,0.127684694,0.341744328,0.184016177,0.17034354,Bradenton
PS - Domestic - REUSE,7,202-7,City of Bradenton WRF,2023,5,0.534360445,0.028565194,0.062342052,0.032985213,0.359084182,Bradenton
PS - Domestic - SW,7,202-7,City of Bradenton WRF,2023,5,0.48895727,0.156828517,0.342270089,0.181095285,0.164286881,Bradenton
PS - Domestic - REUSE,7,202-7,City of Bradenton WRF,2023,6,0.582091988,0.010327439,0.051950145,0.031608221,0.34068708,Bradenton
PS - Domestic - SW,7,202-7,City of Bradenton WRF,2023,6,0.853734916,0.090881459,0.457161277,0.278152344,0.249837192,Bradenton
PS - Domestic - REUSE,7,202-7,City of Bradenton WRF,2023,7,0.682987933,0.012165723,0.04446536,0.037706625,0.387247648,Bradenton
PS - Domestic - SW,7,202-7,City of Bradenton WRF,2023,7,0.579504913,0.061934588,0.226369106,0.191961002,0.164286881,Bradenton
PS - Domestic - REUSE,7,202-7,City of Bradenton WRF,2023,8,0.495166251,0.01010253,0.040979276,0.026181204,0.309798118,Bradenton
PS - Domestic - SW,7,202-7,City of Bradenton WRF,2023,8,0.93781487,0.114801475,0.46567359,0.297513683,0.29336943,Bradenton
PS - Domestic - REUSE,7,202-7,City of Bradenton WRF,2023,9,0.518249641,0.005787121,0.037717057,0.025912482,0.313432114,Bradenton
PS - Domestic - SW,7,202-7,City of Bradenton WRF,2023,9,1.539727194,0.103161722,0.672347541,0.461918158,0.465605676,Bradenton
PS - Domestic - REUSE,7,202-7,City of Bradenton WRF,2023,10,0.640301187,0.004873404,0.047666866,0.032015059,0.387247648,Bradenton
PS - Domestic - SW,7,202-7,City of Bradenton WRF,2023,10,0.737316518,0.033670788,0.329334711,0.221194955,0.222960767,Bradenton
PS - Domestic - REUSE,7,202-7,City of Bradenton WRF,2023,11,0.342495415,0.00378172,0.03591445,0.03472523,0.258922181,Bradenton
PS - Domestic - SW,7,202-7,City of Bradenton WRF,2023,11,0.510738777,0.033836444,0.321339814,0.310699422,0.193056012,Bradenton
PS - Domestic - REUSE,7,202-7,City of Bradenton WRF,2023,12,0.312389367,0.001859461,0.01978466,0.015768225,0.161939925,Bradenton
PS - Domestic - SW,7,202-7,City of Bradenton WRF,2023,12,1.539309924,0.054975354,0.584937771,0.466191006,0.398982425,Bradenton
PS - Domestic - REUSE,7,202-7,City of Bradenton WRF,2024,1,0.911944115,0.004203998,0.050447972,0.029427984,0.352043316,Bradenton
PS - Domestic - SW,7,202-7,City of Bradenton WRF,2024,1,2.431850972,0.067263963,0.807167557,0.470847741,0.469391088,Bradenton
PS - Domestic - REUSE,7,202-7,City of Bradenton WRF,2024,2,1.352631563,0.00751462,0.053019817,0.045087719,0.454476565,Bradenton
PS - Domestic - SW,7,202-7,City of Bradenton WRF,2024,2,2.091024638,0.069700821,0.491778017,0.418204928,0.351286234,Bradenton
PS - Domestic - REUSE,7,202-7,City of Bradenton WRF,2024,3,0.857615529,0.010509994,0.07230876,0.048766373,0.457656311,Bradenton
PS - Domestic - SW,7,202-7,City of Bradenton WRF,2024,3,1.143487372,0.084079954,0.578470082,0.390130986,0.305104207,Bradenton
PS - Domestic - REUSE,7,202-7,City of Bradenton WRF,2024,4,0.621899569,0.011228742,0.069963702,0.050961215,0.47014817,Bradenton
PS - Domestic - SW,7,202-7,City of Bradenton WRF,2024,4,0.510738777,0.055330034,0.344748674,0.251113232,0.193056012,Bradenton
PS - Domestic - REUSE,7,202-7,City of Bradenton WRF,2024,5,0.768361424,0.023904578,0.075982408,0.083239154,0.464697177,Bradenton
PS - Domestic - SW,7,202-7,City of Bradenton WRF,2024,5,0.504479723,0.094169548,0.299324636,0.32791182,0.152552104,Bradenton
PS - Domestic - REUSE,7,202-7,City of Bradenton WRF,2024,6,0.587349593,0.018514281,0.068524119,0.038305408,0.463334429,Bradenton
PS - Domestic - SW,7,202-7,City of Bradenton WRF,2024,6,0.690999521,0.13068904,0.483699665,0.270391117,0.272549664,Bradenton
PS - Domestic - REUSE,7,202-7,City of Bradenton WRF,2024,7,0.358956726,0.007298787,0.03948524,0.023451839,0.260512054,Bradenton
PS - Domestic - SW,7,202-7,City of Bradenton WRF,2024,7,1.584583745,0.193319217,1.045825272,0.621156828,0.575004083,Bradenton
PS - Domestic - REUSE,7,202-7,City of Bradenton WRF,2024,8,0.628659347,0.021330438,0.603952776,0.031044906,0.140817326,Bradenton
PS - Domestic - SW,7,202-7,City of Bradenton WRF,2024,8,8.486901185,1.727765439,48.92017485,2.514637388,0.950516953,Bradenton
PS - Domestic - REUSE,7,202-7,City of Bradenton WRF,2024,9,0.577209926,0.013177812,0.311294033,0.176430204,0.197598506,Bradenton
PS - Domestic - SW,7,202-7,City of Bradenton WRF,2024,9,4.843255702,0.663434649,15.6720444,8.882348193,0.829005228,Bradenton
PS - Domestic - REUSE,7,202-7,City of Bradenton WRF,2024,10,1.749535679,0.020579474,0.422991372,0.03102809,0.203481037,Bradenton
PS - Domestic - SW,7,202-7,City of Bradenton WRF,2024,10,7.062716121,0.498464772,10.24546576,0.751545433,0.410717202,Bradenton
PS - Domestic - REUSE,7,202-7,City of Bradenton WRF,2024,11,1.834153077,0.011764517,0.062527946,0.045390657,0.504216878,Bradenton
PS - Domestic - SW,7,202-7,City of Bradenton WRF,2024,11,1.569770651,0.060412386,0.321089451,0.233087157,0.215768484,Bradenton
PS - Domestic - REUSE,7,202-7,City of Bradenton WRF,2024,12,1.21230358,0.01322513,0.049594237,0.085412298,0.499901509,Bradenton
PS - Domestic - SW,7,202-7,City of Bradenton WRF,2024,12,1.309060204,0.085683941,0.321314777,0.55337545,0.269899876,Bradenton
PS - Domestic - REUSE,1,206-1,City of Clearwater East AWWTF,2022,1,0,0,0,0,0,Clearwater
PS - Domestic - SW,1,206-1,City of Clearwater East AWWTF,2022,1,0.285147462,0.028082705,0.153374771,0.216020804,0.195970779,Clearwater
PS - Domestic - REUSE,1,206-1,City of Clearwater East AWWTF,2022,2,0,0,0,0,0,Clearwater
PS - Domestic - SW,1,206-1,City of Clearwater East AWWTF,2022,2,0.242866303,0.051337592,0.110573276,0.197452279,0.179125696,Clearwater
PS - Domestic - REUSE,1,206-1,City of Clearwater East AWWTF,2022,3,0,0,0,0,0,Clearwater
PS - Domestic - SW,1,206-1,City of Clearwater East AWWTF,2022,3,0.268538437,0.163360883,0.163360883,0.223782031,0.203011646,Clearwater
PS - Domestic - REUSE,1,206-1,City of Clearwater East AWWTF,2022,4,0,0,0,0,0,Clearwater
PS - Domestic - SW,1,206-1,City of Clearwater East AWWTF,2022,4,0.290995922,0.083846283,0.147964028,0.246606713,0.223717849,Clearwater
PS - Domestic - REUSE,1,206-1,City of Clearwater East AWWTF,2022,5,0.014598867,0.001465578,0.000725675,0.001422892,0.015489906,Clearwater
PS - Domestic - SW,1,206-1,City of Clearwater East AWWTF,2022,5,0.371607525,0.223833772,0.110830315,0.217314342,0.197144257,Clearwater
PS - Domestic - REUSE,1,206-1,City of Clearwater East AWWTF,2022,6,0.035691627,0.003616481,0.001723743,0.003379889,0.036794205,Clearwater
PS - Domestic - SW,1,206-1,City of Clearwater East AWWTF,2022,6,0.449450123,0.273245246,0.130238388,0.255369388,0.231667214,Clearwater
PS - Domestic - REUSE,1,206-1,City of Clearwater East AWWTF,2022,7,0,0,0,0,0,Clearwater
PS - Domestic - SW,1,206-1,City of Clearwater East AWWTF,2022,7,0.631919062,0.11067509,0.37486724,0.357016419,0.323879851,Clearwater
PS - Domestic - REUSE,1,206-1,City of Clearwater East AWWTF,2022,8,0.007768988,0.000344728,0.00088284,0.0008408,0.009153126,Clearwater
PS - Domestic - SW,1,206-1,City of Clearwater East AWWTF,2022,8,0.498012034,0.13258762,0.33955366,0.323384438,0.29336943,Clearwater
PS - Domestic - REUSE,1,206-1,City of Clearwater East AWWTF,2022,9,0.002854129,0.000125181,0.000306694,0.000312953,0.003406871,Clearwater
PS - Domestic - SW,1,206-1,City of Clearwater East AWWTF,2022,9,0.572728444,0.150718012,0.369259128,0.376795029,0.341822704,Clearwater
PS - Domestic - REUSE,1,206-1,City of Clearwater East AWWTF,2022,10,0,0,0,0,0,Clearwater
PS - Domestic - SW,1,206-1,City of Clearwater East AWWTF,2022,10,0.559002339,0.083433185,0.305921678,0.278110617,0.25229771,Clearwater
PS - Domestic - REUSE,1,206-1,City of Clearwater East AWWTF,2022,11,0.005896029,0.00013144,0.000657201,0.000625905,0.006813742,Clearwater
PS - Domestic - SW,1,206-1,City of Clearwater East AWWTF,2022,11,0.448098168,0.059936698,0.299683488,0.285412846,0.258922181,Clearwater
PS - Domestic - REUSE,1,206-1,City of Clearwater East AWWTF,2022,12,0,0,0,0,0,Clearwater
PS - Domestic - SW,1,206-1,City of Clearwater East AWWTF,2022,12,0.463086515,0.056915661,0.297513683,0.25870755,0.234695544,Clearwater
PS - Domestic - REUSE,1,206-1,City of Clearwater East AWWTF,2023,1,0.001955829,3.68658E-05,0.00012612,0.000207613,0.00211226,Clearwater
PS - Domestic - SW,1,206-1,City of Clearwater East AWWTF,2023,1,0.438974971,0.049645979,0.169841507,0.27958525,0.237042499,Clearwater
PS - Domestic - REUSE,1,206-1,City of Clearwater East AWWTF,2023,2,0.004731845,0.000194531,0.000341744,0.000899051,0.005723543,Clearwater
PS - Domestic - SW,1,206-1,City of Clearwater East AWWTF,2023,2,0.313703768,0.077380263,0.1359383,0.357622296,0.189724849,Clearwater
PS - Domestic - REUSE,1,206-1,City of Clearwater East AWWTF,2023,3,0.008257945,0.000316917,0.000525176,0.001204284,0.009857213,Clearwater
PS - Domestic - SW,1,206-1,City of Clearwater East AWWTF,2023,3,0.328351623,0.075607282,0.125292067,0.28730767,0.195970779,Clearwater
PS - Domestic - REUSE,1,206-1,City of Clearwater East AWWTF,2023,4,0.009170765,0.000413098,0.000757346,0.00330478,0.014990232,Clearwater
PS - Domestic - SW,1,206-1,City of Clearwater East AWWTF,2023,4,0.229269135,0.061964631,0.113601824,0.495717048,0.187377894,Clearwater
PS - Domestic - REUSE,1,206-1,City of Clearwater East AWWTF,2023,5,0.007217941,0.000996024,0.000103483,0.001940307,0.014081733,Clearwater
PS - Domestic - SW,1,206-1,City of Clearwater East AWWTF,2023,5,0.182854497,0.151395658,0.015729419,0.294926607,0.178368613,Clearwater
PS - Domestic - REUSE,1,206-1,City of Clearwater East AWWTF,2023,6,0.00425866,0.000709777,0.000963894,0.001331927,0.009539238,Clearwater
PS - Domestic - SW,1,206-1,City of Clearwater East AWWTF,2023,6,0.184541937,0.184541937,0.250612508,0.34630092,0.206683495,Clearwater
PS - Domestic - REUSE,1,206-1,City of Clearwater East AWWTF,2023,7,0.010543626,0.000663585,0.00061443,0.001585231,0.013377646,Clearwater
PS - Domestic - SW,1,206-1,City of Clearwater East AWWTF,2023,7,0.332956617,0.125731869,0.116418398,0.300359466,0.21122599,Clearwater
PS - Domestic - REUSE,1,206-1,City of Clearwater East AWWTF,2023,8,0.009437651,0.000639008,0.001880157,0.001634385,0.013377646,Clearwater
PS - Domestic - SW,1,206-1,City of Clearwater East AWWTF,2023,8,0.321211294,0.130492088,0.383947875,0.333758611,0.227654678,Clearwater
PS - Domestic - REUSE,1,206-1,City of Clearwater East AWWTF,2023,9,0.008874086,0.000617143,0.001383251,0.001500295,0.011583361,Clearwater
PS - Domestic - SW,1,206-1,City of Clearwater East AWWTF,2023,9,0.341043314,0.142305843,0.318961373,0.345950413,0.222582226,Clearwater
PS - Domestic - REUSE,1,206-1,City of Clearwater East AWWTF,2023,10,0.01670604,0.001086572,0.00249006,0.00373509,0.024643032,Clearwater
PS - Domestic - SW,1,206-1,City of Clearwater East AWWTF,2023,10,0.280025052,0.109278069,0.250428909,0.375643363,0.206532079,Clearwater
PS - Domestic - REUSE,1,206-1,City of Clearwater East AWWTF,2023,11,0.01399274,0.000460666,0.000734187,0.002202561,0.015671606,Clearwater
PS - Domestic - SW,1,206-1,City of Clearwater East AWWTF,2023,11,0.332581074,0.065695027,0.104701449,0.314104348,0.18624227,Clearwater
PS - Domestic - REUSE,1,206-1,City of Clearwater East AWWTF,2023,12,0.013256175,0.00019015,0.000543286,0.001702296,0.009857213,Clearwater
PS - Domestic - SW,1,206-1,City of Clearwater East AWWTF,2023,12,0.558653084,0.048080798,0.137373709,0.430437622,0.207705556,Clearwater
PS - Domestic - REUSE,1,206-1,City of Clearwater East AWWTF,2024,1,0.002048964,3.29852E-05,0.000100896,0.000246419,0.00211226,Clearwater
PS - Domestic - SW,1,206-1,City of Clearwater East AWWTF,2024,1,0.443942156,0.042880776,0.131164728,0.320344624,0.228828155,Clearwater
PS - Domestic - REUSE,1,206-1,City of Clearwater East AWWTF,2024,2,0.001865949,4.11428E-05,6.77647E-05,0.000170622,0.001317323,Clearwater
PS - Domestic - SW,1,206-1,City of Clearwater East AWWTF,2024,2,0.612653278,0.081051406,0.133496434,0.33612495,0.216260588,Clearwater
PS - Domestic - REUSE,1,206-1,City of Clearwater East AWWTF,2024,3,0.002561205,0.000209553,0.000244479,0.000265822,0.00211226,Clearwater
PS - Domestic - SW,1,206-1,City of Clearwater East AWWTF,2024,3,0.515086733,0.25286076,0.29500422,0.320758556,0.212399467,Clearwater
PS - Domestic - REUSE,1,206-1,City of Clearwater East AWWTF,2024,4,0.004784421,0.000144584,0.00026288,0.000696633,0.004769619,Clearwater
PS - Domestic - SW,1,206-1,City of Clearwater East AWWTF,2024,4,0.380475352,0.068987289,0.125431435,0.332393302,0.189649141,Clearwater
PS - Domestic - REUSE,1,206-1,City of Clearwater East AWWTF,2024,5,0.017497685,0.000558808,0.001047766,0.00284643,0.019010339,Clearwater
PS - Domestic - SW,1,206-1,City of Clearwater East AWWTF,2024,5,0.306749542,0.058778355,0.110209416,0.299402248,0.166633836,Clearwater
PS - Domestic - REUSE,1,206-1,City of Clearwater East AWWTF,2024,6,0.016501369,0.000423112,0.001090327,0.003840555,0.017715728,Clearwater
PS - Domestic - SW,1,206-1,City of Clearwater East AWWTF,2024,6,0.310987339,0.047844206,0.123290839,0.434278177,0.166936669,Clearwater
PS - Domestic - REUSE,1,206-1,City of Clearwater East AWWTF,2024,7,0.017179475,0.000577565,0.000823337,0.002285681,0.013377646,Clearwater
PS - Domestic - SW,1,206-1,City of Clearwater East AWWTF,2024,7,0.690192938,0.139223468,0.198467497,0.55096947,0.268726398,Clearwater
PS - Domestic - REUSE,1,206-1,City of Clearwater East AWWTF,2024,8,0.001893739,0.000315623,0.000512241,0.00048637,0.002816347,Clearwater
PS - Domestic - SW,1,206-1,City of Clearwater East AWWTF,2024,8,0.60441845,0.60441845,0.980941418,0.931398922,0.449441967,Clearwater
PS - Domestic - REUSE,1,206-1,City of Clearwater East AWWTF,2024,9,0.000769864,1.56476E-05,4.56911E-05,0.000130188,0.000681374,Clearwater
PS - Domestic - SW,1,206-1,City of Clearwater East AWWTF,2024,9,1.049580704,0.127997647,0.373753129,1.064940422,0.464470052,Clearwater
PS - Domestic - REUSE,1,206-1,City of Clearwater East AWWTF,2024,10,0.032783421,0.000786471,0.00206966,0.005215544,0.022530772,Clearwater
PS - Domestic - SW,1,206-1,City of Clearwater East AWWTF,2024,10,1.266942615,0.182362952,0.479902506,1.209354314,0.435360234,Clearwater
PS - Domestic - REUSE,1,206-1,City of Clearwater East AWWTF,2024,11,0.048129619,0.001502173,0.003725389,0.006819865,0.03270596,Clearwater
PS - Domestic - SW,1,206-1,City of Clearwater East AWWTF,2024,11,0.685178601,0.1283106,0.318210287,0.582530122,0.232802838,Clearwater
PS - Domestic - REUSE,1,206-1,City of Clearwater East AWWTF,2024,12,0.032597151,0.000565923,0.001924137,0.004233102,0.024643032,Clearwater
PS - Domestic - SW,1,206-1,City of Clearwater East AWWTF,2024,12,0.496718496,0.05174151,0.175921134,0.387026495,0.187756435,Clearwater
PS - Domestic - REUSE,1,206-1,City of Clearwater Northeast AWWTF,2022,1,0.044126453,0.001240503,0.005050618,0.008860734,0.096459869,Clearwater
PS - Domestic - SW,1,206-1,City of Clearwater Northeast AWWTF,2022,1,0.368257262,0.062115683,0.252899566,0.443683449,0.402502858,Clearwater
PS - Domestic - REUSE,1,206-1,City of Clearwater Northeast AWWTF,2022,2,0.068138562,0.004731845,0.018138737,0.015772815,0.171706288,Clearwater
PS - Domestic - SW,1,206-1,City of Clearwater Northeast AWWTF,2022,2,0.254047476,0.105853115,0.405770274,0.352843717,0.320094439,Clearwater
PS - Domestic - REUSE,1,206-1,City of Clearwater Northeast AWWTF,2022,3,0.225940945,0.08532369,0.023833433,0.047666866,0.518911848,Clearwater
PS - Domestic - SW,1,206-1,City of Clearwater Northeast AWWTF,2022,3,0.182919173,0.414462431,0.115771629,0.231543257,0.210052512,Clearwater
PS - Domestic - REUSE,1,206-1,City of Clearwater Northeast AWWTF,2022,4,0.128300585,0.042355642,0.020560991,0.041121982,0.447662823,Clearwater
PS - Domestic - SW,1,206-1,City of Clearwater Northeast AWWTF,2022,4,0.188122116,0.372626499,0.18088665,0.3617733,0.32819522,Clearwater
PS - Domestic - REUSE,1,206-1,City of Clearwater Northeast AWWTF,2022,5,0.410537837,0.080220037,0.077860624,0.078647095,0.856169345,Clearwater
PS - Domestic - SW,1,206-1,City of Clearwater Northeast AWWTF,2022,5,0.049516625,0.058053974,0.056346504,0.056915661,0.05163302,Clearwater
PS - Domestic - REUSE,1,206-1,City of Clearwater Northeast AWWTF,2022,6,0.238781644,0.057787339,0.056697011,0.054516357,0.593476893,Clearwater
PS - Domestic - SW,1,206-1,City of Clearwater Northeast AWWTF,2022,6,0.032897586,0.047769097,0.046867794,0.045065186,0.04088245,Clearwater
PS - Domestic - REUSE,1,206-1,City of Clearwater Northeast AWWTF,2022,7,0.202117861,0.076084597,0.034847907,0.058079845,0.632269796,Clearwater
PS - Domestic - SW,1,206-1,City of Clearwater Northeast AWWTF,2022,7,0.23332834,0.527000215,0.241374144,0.402290241,0.364951571,Clearwater
PS - Domestic - REUSE,1,206-1,City of Clearwater Northeast AWWTF,2022,8,0.04872498,0.022096212,0.015297377,0.018885651,0.205593297,Clearwater
PS - Domestic - SW,1,206-1,City of Clearwater Northeast AWWTF,2022,8,0.219707387,0.597808472,0.413867403,0.510947412,0.463523699,Clearwater
PS - Domestic - REUSE,1,206-1,City of Clearwater Northeast AWWTF,2022,9,0.013463224,0.011368945,0.007928343,0.014959138,0.162848424,Clearwater
PS - Domestic - SW,1,206-1,City of Clearwater Northeast AWWTF,2022,9,0.105527644,0.534673398,0.372864343,0.703517629,0.638220463,Clearwater
PS - Domestic - REUSE,1,206-1,City of Clearwater Northeast AWWTF,2022,10,0.072994335,0.017695596,0.025253091,0.018432913,0.20066469,Clearwater
PS - Domestic - SW,1,206-1,City of Clearwater Northeast AWWTF,2022,10,0.242460716,0.352670132,0.503289668,0.367364721,0.333267673,Clearwater
PS - Domestic - REUSE,1,206-1,City of Clearwater Northeast AWWTF,2022,11,0.046146751,0.01538225,0.016023177,0.016023177,0.174431785,Clearwater
PS - Domestic - SW,1,206-1,City of Clearwater Northeast AWWTF,2022,11,0.201291165,0.40258233,0.419356594,0.419356594,0.380433906,Clearwater
PS - Domestic - REUSE,1,206-1,City of Clearwater Northeast AWWTF,2022,12,0.036912393,0.002651752,0.010288799,0.01092522,0.115470208,Clearwater
PS - Domestic - SW,1,206-1,City of Clearwater Northeast AWWTF,2022,12,0.297850003,0.128383622,0.498128453,0.528940522,0.465870655,Clearwater
PS - Domestic - REUSE,1,206-1,City of Clearwater Northeast AWWTF,2023,1,0.036912393,0.002651752,0.067884861,0.01092522,0.115470208,Clearwater
PS - Domestic - SW,1,206-1,City of Clearwater Northeast AWWTF,2023,1,0.122291059,0.052711663,1.349418582,0.217172053,0.191276868,Clearwater
PS - Domestic - REUSE,1,206-1,City of Clearwater Northeast AWWTF,2023,2,0.046498259,0.010063056,0.015036751,0.016887427,0.125917945,Clearwater
PS - Domestic - SW,1,206-1,City of Clearwater Northeast AWWTF,2023,2,0.265368852,0.344583435,0.514894788,0.578266454,0.359311307,Clearwater
PS - Domestic - REUSE,1,206-1,City of Clearwater Northeast AWWTF,2023,3,0.114447046,0.031355355,0.026129463,0.038671605,0.284450999,Clearwater
PS - Domestic - SW,1,206-1,City of Clearwater Northeast AWWTF,2023,3,0.133143841,0.218866588,0.182388823,0.269935458,0.165460359,Clearwater
PS - Domestic - REUSE,1,206-1,City of Clearwater Northeast AWWTF,2023,4,0.085713984,0.022023732,0.016666608,0.052777592,0.215995609,Clearwater
PS - Domestic - SW,1,206-1,City of Clearwater Northeast AWWTF,2023,4,0.155925544,0.240385214,0.181913135,0.57605826,0.196462883,Clearwater
PS - Domestic - REUSE,1,206-1,City of Clearwater Northeast AWWTF,2023,5,0.15768872,0.057656211,0.032800884,0.042987493,0.221787289,Clearwater
PS - Domestic - SW,1,206-1,City of Clearwater Northeast AWWTF,2023,5,0.236950245,0.519821081,0.295728601,0.387569781,0.166633836,Clearwater
PS - Domestic - REUSE,1,206-1,City of Clearwater Northeast AWWTF,2023,6,0.090126617,0.022604572,0.021875393,0.026833815,0.158760179,Clearwater
PS - Domestic - SW,1,206-1,City of Clearwater Northeast AWWTF,2023,6,0.364890309,0.549106775,0.531393654,0.651842882,0.321381479,Clearwater
PS - Domestic - REUSE,1,206-1,City of Clearwater Northeast AWWTF,2023,7,0.083926023,0.016750667,0.018132165,0.026248468,0.187991131,Clearwater
PS - Domestic - SW,1,206-1,City of Clearwater Northeast AWWTF,2023,7,0.240986083,0.288588272,0.312389367,0.452220798,0.269899876,Clearwater
PS - Domestic - REUSE,1,206-1,City of Clearwater Northeast AWWTF,2023,8,0.077092263,0.015518572,0.022026361,0.027366085,0.181654351,Clearwater
PS - Domestic - SW,1,206-1,City of Clearwater Northeast AWWTF,2023,8,0.267930474,0.323604339,0.459309385,0.570657114,0.315665507,Clearwater
PS - Domestic - REUSE,1,206-1,City of Clearwater Northeast AWWTF,2023,9,0.11852144,0.035721045,0.026338098,0.035721045,0.179201404,Clearwater
PS - Domestic - SW,1,206-1,City of Clearwater Northeast AWWTF,2023,9,0.41309754,0.747018051,0.55079672,0.747018051,0.31229649,Clearwater
PS - Domestic - REUSE,1,206-1,City of Clearwater Northeast AWWTF,2023,10,0.100895945,0.015344592,0.012822193,0.045613375,0.228828155,Clearwater
PS - Domestic - SW,1,206-1,City of Clearwater Northeast AWWTF,2023,10,0.164538002,0.150140927,0.125460227,0.44630933,0.186582958,Clearwater
PS - Domestic - REUSE,1,206-1,City of Clearwater Northeast AWWTF,2023,11,0.251091951,0.08268648,0.028505608,0.046498509,0.220083854,Clearwater
PS - Domestic - SW,1,206-1,City of Clearwater Northeast AWWTF,2023,11,0.414599713,0.81918494,0.2824085,0.460666348,0.181699776,Clearwater
PS - Domestic - REUSE,1,206-1,City of Clearwater Northeast AWWTF,2023,12,0.185501075,0.015638871,0.013593788,0.029834155,0.130960114,Clearwater
PS - Domestic - SW,1,206-1,City of Clearwater Northeast AWWTF,2023,12,1.073778623,0.543156502,0.472128344,1.03617548,0.379033304,Clearwater
PS - Domestic - REUSE,1,206-1,City of Clearwater Northeast AWWTF,2024,1,0.100341017,0.001967471,0.006507788,0.014907376,0.082378136,Clearwater
PS - Domestic - SW,1,206-1,City of Clearwater Northeast AWWTF,2024,1,1.152063527,0.135536886,0.448314314,1.026952556,0.472911521,Clearwater
PS - Domestic - REUSE,1,206-1,City of Clearwater Northeast AWWTF,2024,2,0.122034521,0.014056332,0.010648737,0.015866618,0.115924457,Clearwater
PS - Domestic - SW,1,206-1,City of Clearwater Northeast AWWTF,2024,2,0.792762136,0.547877497,0.41505871,0.618437478,0.376534932,Clearwater
PS - Domestic - REUSE,1,206-1,City of Clearwater Northeast AWWTF,2024,3,0.140074616,0.031857248,0.021278696,0.024075325,0.132368287,Clearwater
PS - Domestic - SW,1,206-1,City of Clearwater Northeast AWWTF,2024,3,0.841937851,1.14889436,0.767391271,0.868248409,0.397808947,Clearwater
PS - Domestic - REUSE,1,206-1,City of Clearwater Northeast AWWTF,2024,4,0.079344771,0.012876125,0.007830076,0.011919116,0.094711008,Clearwater
PS - Domestic - SW,1,206-1,City of Clearwater Northeast AWWTF,2024,4,0.70972661,0.691049594,0.420232861,0.6396878,0.423587603,Clearwater
PS - Domestic - REUSE,1,206-1,City of Clearwater Northeast AWWTF,2024,5,0.19977397,0.04866289,0.019635903,0.040338975,0.232348589,Clearwater
PS - Domestic - SW,1,206-1,City of Clearwater Northeast AWWTF,2024,5,0.248204024,0.362759727,0.146376732,0.300708721,0.14433776,Clearwater
PS - Domestic - REUSE,1,206-1,City of Clearwater Northeast AWWTF,2024,6,0.131398817,0.016578355,0.030700658,0.053009803,0.22280935,Clearwater
PS - Domestic - SW,1,206-1,City of Clearwater Northeast AWWTF,2024,6,0.216988871,0.164262604,0.304190007,0.525234745,0.183971023,Clearwater
PS - Domestic - REUSE,1,206-1,City of Clearwater Northeast AWWTF,2024,7,0.044367051,0.007394509,0.004063649,0.013789759,0.072520923,Clearwater
PS - Domestic - SW,1,206-1,City of Clearwater Northeast AWWTF,2024,7,0.733707548,0.733707548,0.403208652,1.368265427,0.599647115,Clearwater
PS - Domestic - REUSE,1,206-1,City of Clearwater Northeast AWWTF,2024,8,0.11276286,0.014041352,0.020413966,0.025706476,0.117582468,Clearwater
PS - Domestic - SW,1,206-1,City of Clearwater Northeast AWWTF,2024,8,1.739834146,1.299876086,1.889819848,2.379773142,0.907098278,Clearwater
PS - Domestic - REUSE,1,206-1,City of Clearwater Northeast AWWTF,2024,9,0.061408827,0.001822636,0.005047301,0.007430749,0.076313906,Clearwater
PS - Domestic - SW,1,206-1,City of Clearwater Northeast AWWTF,2024,9,1.164209012,0.207324893,0.574130472,0.845247639,0.723392233,Clearwater
PS - Domestic - REUSE,1,206-1,City of Clearwater Northeast AWWTF,2024,10,0.044704665,0.001722992,0.004656736,0.005494948,0.050694238,Clearwater
PS - Domestic - SW,1,206-1,City of Clearwater Northeast AWWTF,2024,10,1.401160092,0.324018271,0.875725058,1.033355568,0.794444416,Clearwater
PS - Domestic - REUSE,1,206-1,City of Clearwater Northeast AWWTF,2024,11,0.055801967,0.003020619,0.008346448,0.017090346,0.086534518,Clearwater
PS - Domestic - SW,1,206-1,City of Clearwater Northeast AWWTF,2024,11,0.537515008,0.174577524,0.482385264,0.987741254,0.416773861,Clearwater
PS - Domestic - REUSE,1,206-1,City of Clearwater Northeast AWWTF,2024,12,0.097636229,0.00615724,0.008356254,0.016624547,0.095755782,Clearwater
PS - Domestic - SW,1,206-1,City of Clearwater Northeast AWWTF,2024,12,0.799276976,0.302429126,0.410439528,0.816558641,0.391941559,Clearwater
PS - Domestic - REUSE,2,02301500,City of Lakeland,2022,1,0,0,0,0,0,Lakeland
PS - Domestic - SW,2,02301500,City of Lakeland,2022,1,0,0,0,0,0,Lakeland
PS - Domestic - REUSE,2,02301500,City of Lakeland,2022,2,0,0,0,0,0,Lakeland
PS - Domestic - SW,2,02301500,City of Lakeland,2022,2,0,0,0,0,0,Lakeland
PS - Domestic - REUSE,2,02301500,City of Lakeland,2022,3,0,0,0,0,0,Lakeland
PS - Domestic - SW,2,02301500,City of Lakeland,2022,3,0,0,0,0,0,Lakeland
PS - Domestic - REUSE,2,02301500,City of Lakeland,2022,4,0,0,0,0,0,Lakeland
PS - Domestic - SW,2,02301500,City of Lakeland,2022,4,1.372618198,4.902207851,5.828180445,2.461997721,0.988268489,Lakeland
PS - Domestic - REUSE,2,02301500,City of Lakeland,2022,5,0,0,0,0,0,Lakeland
PS - Domestic - SW,2,02301500,City of Lakeland,2022,5,1.927316351,6.057279961,7.648080759,3.456932503,1.387644445,Lakeland
PS - Domestic - REUSE,2,02301500,City of Lakeland,2022,6,0,0,0,0,0,Lakeland
PS - Domestic - SW,2,02301500,City of Lakeland,2022,6,0.30428363,0.875591669,1.500718581,0.345682763,0.187783312,Lakeland
PS - Domestic - REUSE,2,02301500,City of Lakeland,2022,7,0,0,0,0,0,Lakeland
PS - Domestic - SW,2,02301500,City of Lakeland,2022,7,0,0,0,0,0,Lakeland
PS - Domestic - REUSE,2,02301500,City of Lakeland,2022,8,0,0,0,0,0,Lakeland
PS - Domestic - SW,2,02301500,City of Lakeland,2022,8,,,,,0.00002699,Lakeland
PS - Domestic - REUSE,2,02301500,City of Lakeland,2022,9,0,0,0,0,0,Lakeland
PS - Domestic - SW,2,02301500,City of Lakeland,2022,9,1.632453146,3.721439799,7.996253545,4.842022043,1.255031015,Lakeland
PS - Domestic - REUSE,2,02301500,City of Lakeland,2022,10,0,0,0,0,0,Lakeland
PS - Domestic - SW,2,02301500,City of Lakeland,2022,10,3.003744734,7.017151564,13.60519674,12.16642825,2.289875137,Lakeland
PS - Domestic - REUSE,2,02301500,City of Lakeland,2022,11,0,0,0,0,0,Lakeland
PS - Domestic - SW,2,02301500,City of Lakeland,2022,11,2.015177426,5.602193245,8.423441641,9.954976485,1.828138228,Lakeland
PS - Domestic - REUSE,2,02301500,City of Lakeland,2022,12,0,0,0,0,0,Lakeland
PS - Domestic - SW,2,02301500,City of Lakeland,2022,12,2.266009964,3.740468502,6.285849557,3.78703035,1.40800663,Lakeland
PS - Domestic - REUSE,2,02301500,City of Lakeland,2023,1,0,0,0,0,0,Lakeland
PS - Domestic - SW,2,02301500,City of Lakeland,2023,1,5.6656953E-6,9.3522779E-6,1.57165E-05,9.4686963E-6,3.5204332E-6,Lakeland
PS - Domestic - REUSE,2,02301500,City of Lakeland,2023,2,0,0,0,0,0,Lakeland
PS - Domestic - SW,2,02301500,City of Lakeland,2023,2,0,0,0,0,0,Lakeland
PS - Domestic - REUSE,2,02301500,City of Lakeland,2023,3,0,0,0,0,0,Lakeland
PS - Domestic - SW,2,02301500,City of Lakeland,2023,3,0.885640387,1.960520172,5.048907161,2.270872786,0.686700386,Lakeland
PS - Domestic - REUSE,2,02301500,City of Lakeland,2023,4,0,0,0,0,0,Lakeland
PS - Domestic - SW,2,02301500,City of Lakeland,2023,4,0,0,0,0,0,Lakeland
PS - Domestic - REUSE,2,02301500,City of Lakeland,2023,5,0,0,0,0,0,Lakeland
PS - Domestic - SW,2,02301500,City of Lakeland,2023,5,0.474380134,0.620879882,2.033556017,0.697617845,0.316434135,Lakeland
PS - Domestic - REUSE,2,02301500,City of Lakeland,2023,6,0,0,0,0,0,Lakeland
PS - Domestic - SW,2,02301500,City of Lakeland,2023,6,2.592521421,4.603542711,9.570523004,4.48239685,2.198033547,Lakeland
PS - Domestic - REUSE,2,02301500,City of Lakeland,2023,7,0,0,0,0,0,Lakeland
PS - Domestic - SW,2,02301500,City of Lakeland,2023,7,2.24418837,3.490959686,7.445005862,4.18558942,1.615788463,Lakeland
PS - Domestic - REUSE,2,02301500,City of Lakeland,2023,8,0,0,0,0,0,Lakeland
PS - Domestic - SW,2,02301500,City of Lakeland,2023,8,1.795731431,3.213414139,8.080791438,3.292174289,1.429000147,Lakeland
PS - Domestic - REUSE,2,02301500,City of Lakeland,2023,9,0,0,0,0,0,Lakeland
PS - Domestic - SW,2,02301500,City of Lakeland,2023,9,1.892431564,3.911025231,5.226715747,4.505789437,1.635033384,Lakeland
PS - Domestic - REUSE,2,02301500,City of Lakeland,2023,10,0,0,0,0,0,Lakeland
PS - Domestic - SW,2,02301500,City of Lakeland,2023,10,1.34285336,2.62782511,3.426591333,2.755164653,1.050186283,Lakeland
PS - Domestic - REUSE,2,02301500,City of Lakeland,2023,11,0,0,0,0,0,Lakeland
PS - Domestic - SW,2,02301500,City of Lakeland,2023,11,0.929186555,1.979882122,2.623165122,1.665388211,0.648418363,Lakeland
PS - Domestic - REUSE,2,02301500,City of Lakeland,2023,12,0,0,0,0,0,Lakeland
PS - Domestic - SW,2,02301500,City of Lakeland,2023,12,0,0,0,0,0,Lakeland
PS - Domestic - REUSE,2,02301500,City of Lakeland,2024,1,0,0,0,0,0,Lakeland
PS - Domestic - SW,2,02301500,City of Lakeland,2024,1,1.274271412,3.077485674,6.695935626,2.34417854,1.090565652,Lakeland
PS - Domestic - REUSE,2,02301500,City of Lakeland,2024,2,0,0,0,0,0,Lakeland
PS - Domestic - SW,2,02301500,City of Lakeland,2024,2,1.567252202,3.078531111,10.03321276,3.358397575,1.269452942,Lakeland
PS - Domestic - REUSE,2,02301500,City of Lakeland,2024,3,0,0,0,0,0,Lakeland
PS - Domestic - SW,2,02301500,City of Lakeland,2024,3,0.851339077,1.672273187,5.45009034,1.824298022,0.68957306,Lakeland
PS - Domestic - REUSE,2,02301500,City of Lakeland,2024,4,0,0,0,0,0,Lakeland
PS - Domestic - SW,2,02301500,City of Lakeland,2024,4,0,0,0,0,0,Lakeland
PS - Domestic - REUSE,2,02301500,City of Lakeland,2024,5,0,0,0,0,0,Lakeland
PS - Domestic - SW,2,02301500,City of Lakeland,2024,5,,,,,3.75513E-05,Lakeland
PS - Domestic - REUSE,2,02301500,City of Lakeland,2024,6,0,0,0,0,0,Lakeland
PS - Domestic - SW,2,02301500,City of Lakeland,2024,6,7.15911E-05,0.00014372,0.000346651,0.000191627,4.88318E-05,Lakeland
PS - Domestic - REUSE,2,02301500,City of Lakeland,2024,7,0,0,0,0,0,Lakeland
PS - Domestic - SW,2,02301500,City of Lakeland,2024,7,1.606208398,2.956560591,6.566975927,4.733339792,1.289493595,Lakeland
PS - Domestic - REUSE,2,02301500,City of Lakeland,2024,8,0,0,0,0,0,Lakeland
PS - Domestic - SW,2,02301500,City of Lakeland,2024,8,3.290318425,6.611973216,10.4036735,7.520727828,2.842787328,Lakeland
PS - Domestic - REUSE,2,02301500,City of Lakeland,2024,9,0,0,0,0,0,Lakeland
PS - Domestic - SW,2,02301500,City of Lakeland,2024,9,5.698778604,6.281608234,24.21980907,15.89829713,2.937411953,Lakeland
PS - Domestic - REUSE,2,02301500,City of Lakeland,2024,10,0,0,0,0,0,Lakeland
PS - Domestic - SW,2,02301500,City of Lakeland,2024,10,3.726716721,6.348051363,17.68611325,10.13793277,2.86510218,Lakeland
PS - Domestic - REUSE,2,02301500,City of Lakeland,2024,11,0,0,0,0,0,Lakeland
PS - Domestic - SW,2,02301500,City of Lakeland,2024,11,3.648286921,4.6547109,9.078782971,4.717612398,1.902109342,Lakeland
PS - Domestic - REUSE,2,02301500,City of Lakeland,2024,12,0,0,0,0,0,Lakeland
PS - Domestic - SW,2,02301500,City of Lakeland,2024,12,0.789913962,1.007821262,1.965705434,1.021440468,0.411837873,Lakeland
PS - Domestic - REUSE,1,206-1,City of Largo,2022,1,0.132468614,0.007467593,0.035389899,0.063312205,0.353451489,Largo
PS - Domestic - SW,1,206-1,City of Largo,2022,1,1.496209246,0.168690258,0.799445136,1.430200015,0.665361867,Largo
PS - Domestic - REUSE,1,206-1,City of Largo,2022,2,0.127584549,0.004907098,0.02453549,0.049070981,0.333873338,Largo
PS - Domestic - SW,1,206-1,City of Largo,2022,2,1.38763386,0.106741066,0.533705331,1.067410661,0.605211671,Largo
PS - Domestic - REUSE,1,206-1,City of Largo,2022,3,0.165966068,0.007299434,0.046101685,0.042259878,0.418227459,Largo
PS - Domestic - SW,1,206-1,City of Largo,2022,3,1.41378502,0.124360719,0.785436122,0.719983112,0.593779726,Largo
PS - Domestic - REUSE,1,206-1,City of Largo,2022,4,0.145282649,0.007097141,0.020873944,0.054272254,0.454476565,Largo
PS - Domestic - SW,1,206-1,City of Largo,2022,4,1.091253483,0.10661672,0.313578587,0.815304326,0.568947424,Largo
PS - Domestic - REUSE,1,206-1,City of Largo,2022,5,0.147967783,0.024820402,0.03341208,0.047731543,0.519615934,Largo
PS - Domestic - SW,1,206-1,City of Largo,2022,5,0.66164456,0.221971078,0.298807221,0.426867458,0.387247648,Largo
PS - Domestic - REUSE,1,206-1,City of Largo,2022,6,0.137535193,0.022057531,0.017300024,0.043250061,0.470829545,Largo
PS - Domestic - SW,1,206-1,City of Largo,2022,6,0.718526839,0.230470873,0.180761469,0.451903672,0.40996012,Largo
PS - Domestic - REUSE,1,206-1,City of Largo,2022,7,0.102681027,0.007334359,0.011001539,0.040338975,0.39921712,Largo
PS - Domestic - SW,1,206-1,City of Largo,2022,7,1.207905552,0.172557936,0.258836904,0.949068648,0.782709639,Largo
PS - Domestic - REUSE,1,206-1,City of Largo,2022,8,0.094066065,0.007446897,0.007838839,0.039194194,0.426676499,Largo
PS - Domestic - SW,1,206-1,City of Largo,2022,8,1.074153749,0.170074344,0.179025625,0.895128124,0.812046582,Largo
PS - Domestic - REUSE,1,206-1,City of Largo,2022,9,0.108907533,0.006259054,0.008762675,0.032547079,0.34068708,Largo
PS - Domestic - SW,1,206-1,City of Largo,2022,9,2.550614428,0.293174072,0.410443701,1.524505176,1.329815236,Largo
PS - Domestic - REUSE,1,206-1,City of Largo,2022,10,0.14429931,0.003738324,0.011214972,0.041121565,0.406962073,Largo
PS - Domestic - SW,1,206-1,City of Largo,2022,10,1.650204915,0.085502845,0.256508536,0.940531299,0.775668773,Largo
PS - Domestic - REUSE,1,206-1,City of Largo,2022,11,0.105339873,0.003192117,0.006384235,0.035113291,0.347500822,Largo
PS - Domestic - SW,1,206-1,City of Largo,2022,11,1.644128209,0.099644134,0.199288268,1.096085472,0.903956386,Largo
PS - Domestic - REUSE,1,206-1,City of Largo,2022,12,0.103927997,0.003130361,0.006260723,0.040694698,0.34077793,Largo
PS - Domestic - SW,1,206-1,City of Largo,2022,12,1.533152684,0.092358595,0.184717191,1.200661741,0.837863092,Largo
PS - Domestic - REUSE,1,206-1,City of Largo,2023,1,0.100275047,0.003298521,0.009895564,0.056074862,0.359084182,Largo
PS - Domestic - SW,1,206-1,City of Largo,2023,1,1.281947653,0.084338661,0.253015984,1.433757243,0.765107473,Largo
PS - Domestic - REUSE,1,206-1,City of Largo,2023,2,0.104931282,0.006858254,0.006858254,0.034291269,0.37330219,Largo
PS - Domestic - SW,1,206-1,City of Largo,2023,2,0.929544573,0.121509095,0.121509095,0.607545473,0.551155987,Largo
PS - Domestic - REUSE,1,206-1,City of Largo,2023,3,0.129981141,0.003938823,0.007877645,0.039388225,0.428788759,Largo
PS - Domestic - SW,1,206-1,City of Largo,2023,3,0.977526479,0.059244029,0.118488058,0.59244029,0.537452796,Largo
PS - Domestic - REUSE,1,206-1,City of Largo,2023,4,0.13303243,0.009238363,0.013857545,0.046191816,0.50285413,Largo
PS - Domestic - SW,1,206-1,City of Largo,2023,4,0.547992664,0.076110092,0.114165138,0.380550461,0.345229574,Largo
PS - Domestic - REUSE,1,206-1,City of Largo,2023,5,0.136908036,0.02535334,0.015212004,0.060848016,0.55200392,Largo
PS - Domestic - SW,1,206-1,City of Largo,2023,5,0.478479614,0.177214672,0.106328803,0.425315213,0.321532895,Largo
PS - Domestic - REUSE,1,206-1,City of Largo,2023,6,0.144020824,0.024003471,0.014402082,0.067209718,0.522613981,Largo
PS - Domestic - SW,1,206-1,City of Largo,2023,6,0.704143534,0.234714511,0.140828707,0.657200632,0.42585885,Largo
PS - Domestic - REUSE,1,206-1,City of Largo,2023,7,0.187278396,0.039427031,0.019713515,0.08378244,0.536514014,Largo
PS - Domestic - SW,1,206-1,City of Largo,2023,7,0.845456274,0.355981589,0.177990795,0.756460877,0.403676336,Largo
PS - Domestic - REUSE,1,206-1,City of Largo,2023,8,0.140520887,0.014338866,0.019118488,0.066914708,0.520320021,Largo
PS - Domestic - SW,1,206-1,City of Largo,2023,8,0.743486693,0.151731978,0.202309304,0.708082565,0.458829789,Largo
PS - Domestic - REUSE,1,206-1,City of Largo,2023,9,0.128031446,0.014439637,0.014439637,0.048132122,0.523976729,Largo
PS - Domestic - SW,1,206-1,City of Largo,2023,9,0.621010784,0.14007762,0.14007762,0.466925401,0.423587603,Largo
PS - Domestic - REUSE,1,206-1,City of Largo,2023,10,0.134505936,0.03436283,0.019635903,0.049089758,0.534401754,Largo
PS - Domestic - SW,1,206-1,City of Largo,2023,10,0.535188309,0.273453881,0.15625936,0.390648401,0.354390271,Largo
PS - Domestic - REUSE,1,206-1,City of Largo,2023,11,0.141244308,0.034449831,0.012918687,0.047368518,0.468785422,Largo
PS - Domestic - SW,1,206-1,City of Largo,2023,11,0.716486388,0.349505555,0.131064583,0.480570138,0.396332636,Largo
PS - Domestic - REUSE,1,206-1,City of Largo,2023,12,0.140222079,0.003938823,0.019694112,0.039388225,0.428788759,Largo
PS - Domestic - SW,1,206-1,City of Largo,2023,12,1.192693548,0.067005256,0.335026278,0.670052555,0.607861459,Largo
PS - Domestic - REUSE,1,206-1,City of Largo,2024,1,0.150505704,0,0.014901555,0.037253887,0.4055539,Largo
PS - Domestic - SW,1,206-1,City of Largo,2024,1,1.727157476,0,0.342011381,0.855028453,0.775668773,Largo
PS - Domestic - REUSE,1,206-1,City of Largo,2024,2,0.122678286,0.001657815,0.013262517,0.039787552,0.360946605,Largo
PS - Domestic - SW,1,206-1,City of Largo,2024,2,1.443932378,0.039025199,0.312201595,0.936604786,0.708061315,Largo
PS - Domestic - REUSE,1,206-1,City of Largo,2024,3,0.12556371,0,0.014772201,0.036930503,0.402033467,Largo
PS - Domestic - SW,1,206-1,City of Largo,2024,3,1.400772031,0,0.329593419,0.823983547,0.747505308,Largo
PS - Domestic - REUSE,1,206-1,City of Largo,2024,4,0.145424104,0,0.012186377,0.044683384,0.44221183,Largo
PS - Domestic - SW,1,206-1,City of Largo,2024,4,1.050907623,0,0.176129769,0.645809154,0.532607468,Largo
PS - Domestic - REUSE,1,206-1,City of Largo,2024,5,0.15806902,0.004908976,0.014726927,0.049089758,0.534401754,Largo
PS - Domestic - SW,1,206-1,City of Largo,2024,5,0.528979328,0.032855859,0.098567577,0.328558589,0.298063341,Largo
PS - Domestic - REUSE,1,206-1,City of Largo,2024,6,0.164302662,0.005232569,0.010465138,0.052325688,0.569628798,Largo
PS - Domestic - SW,1,206-1,City of Largo,2024,6,0.554226681,0.035301063,0.070602125,0.353010625,0.320245855,Largo
PS - Domestic - REUSE,1,206-1,City of Largo,2024,7,0.062151902,0.003984096,0.003984096,0.039840963,0.216858683,Largo
PS - Domestic - SW,1,206-1,City of Largo,2024,7,1.561869222,0.200239644,0.200239644,2.002396439,0.908271755,Largo
PS - Domestic - REUSE,1,206-1,City of Largo,2024,8,0.143287764,0.010535865,0.186133615,0.052679325,0.382319041,Largo
PS - Domestic - SW,1,206-1,City of Largo,2024,8,3.433100933,0.504867784,8.919330855,2.524338921,1.526694514,Largo
PS - Domestic - REUSE,1,206-1,City of Largo,2024,9,0.091970534,0.008900374,0.011867166,0.032634706,0.322971352,Largo
PS - Domestic - SW,1,206-1,City of Largo,2024,9,2.504935855,0.484826295,0.646435059,1.777696413,1.466090068,Largo
PS - Domestic - REUSE,1,206-1,City of Largo,2024,10,0.105001633,0.0063254,0.015813499,0.037952398,0.344298363,Largo
PS - Domestic - SW,1,206-1,City of Largo,2024,10,2.767834467,0.333474032,0.833685081,2.000844193,1.512612781,Largo
PS - Domestic - REUSE,1,206-1,City of Largo,2024,11,0.112846982,0,0.011209965,0.03736655,0.406780374,Largo
PS - Domestic - SW,1,206-1,City of Largo,2024,11,1.190847544,0,0.236592227,0.788640758,0.715442868,Largo
PS - Domestic - REUSE,1,206-1,City of Largo,2024,12,0.101471569,0.006998039,0.010497059,0.034990196,0.380910868,Largo
PS - Domestic - SW,1,206-1,City of Largo,2024,12,1.057855173,0.145911058,0.218866588,0.729555292,0.661841434,Largo
PS - Domestic - SW,2,02301500,City of Mulberry,2022,1,0.073084883,0.128629394,0.070161488,0.055544511,0.026520597,Mulberry
PS - Domestic - SW,2,02301500,City of Mulberry,2022,2,0.076761034,0.127935056,0.056291425,0.063967528,0.023212146,Mulberry
PS - Domestic - SW,2,02301500,City of Mulberry,2022,3,0.102900928,0.102900928,0.066746548,0.066746548,0.025229771,Mulberry
PS - Domestic - SW,2,02301500,City of Mulberry,2022,4,0.101847321,0.127309151,0.059410937,0.062240029,0.025665093,Mulberry
PS - Domestic - SW,2,02301500,City of Mulberry,2022,5,0.071972441,0.138408539,0.033218049,0.03598622,0.025112423,Mulberry
PS - Domestic - SW,2,02301500,City of Mulberry,2022,6,0.062790826,0.128197937,0.015959335,0.028779129,0.023734533,Mulberry
PS - Domestic - SW,2,02301500,City of Mulberry,2022,7,0.083200348,0.127400533,0.062400261,0.013000054,0.023586902,Mulberry
PS - Domestic - SW,2,02301500,City of Mulberry,2022,8,0.064030119,0.125149777,0.029104599,0.037835979,0.026403249,Mulberry
PS - Domestic - SW,2,02301500,City of Mulberry,2022,9,0.080629129,0.152770981,0.028432377,0.040738928,0.03849764,Mulberry
PS - Domestic - SW,2,02301500,City of Mulberry,2022,10,0.059024128,0.095346668,0.113507938,0.059024128,0.041189068,Mulberry
PS - Domestic - SW,2,02301500,City of Mulberry,2022,11,0.07823817,0.07823817,0.062590536,0.046942902,0.02839059,Mulberry
PS - Domestic - SW,2,02301500,City of Mulberry,2022,12,0.105397456,0.13174682,0.120454235,0.067755507,0.034148202,Mulberry
PS - Domestic - SW,2,02301500,City of Mulberry,2023,1,0.112693009,0.136597587,0.092203371,0.047809155,0.030979812,Mulberry
PS - Domestic - SW,2,02301500,City of Mulberry,2023,2,0.109369869,0.13597335,0.050251021,0.032515366,0.026815859,Mulberry
PS - Domestic - SW,2,02301500,City of Mulberry,2023,3,0.096860107,0.093833229,0.039349418,0.020582773,0.027459379,Mulberry
PS - Domestic - SW,2,02301500,City of Mulberry,2023,4,0.114665863,0.128999095,0.071666164,0.031533112,0.02600578,Mulberry
PS - Domestic - SW,2,02301500,City of Mulberry,2023,5,0.125072165,0.189503281,0.09475164,0.041690722,0.034382897,Mulberry
PS - Domestic - SW,2,02301500,City of Mulberry,2023,6,0.184767263,0.227879625,0.104701449,0.086224723,0.055872681,Mulberry
PS - Domestic - SW,2,02301500,City of Mulberry,2023,7,0.083937665,0.063952506,0.087934696,0.04796438,0.036260462,Mulberry
PS - Domestic - SW,2,02301500,City of Mulberry,2023,8,0.115913918,0.083937665,0.051961412,0.034374472,0.036260462,Mulberry
PS - Domestic - SW,2,02301500,City of Mulberry,2023,9,0.092997019,0.078313279,0.073418699,0.0244729,0.044402883,Mulberry
PS - Domestic - SW,2,02301500,City of Mulberry,2023,10,0.083303831,0.119522888,0.047084774,0.036219057,0.032857376,Mulberry
PS - Domestic - SW,2,02301500,City of Mulberry,2023,11,0.055079672,0.044752234,0.023753109,0.041309754,0.031229649,Mulberry
PS - Domestic - SW,2,02301500,City of Mulberry,2023,12,0.073886876,0.073886876,0.03870265,0.042221072,0.031918594,Mulberry
PS - Domestic - SW,2,02301500,City of Mulberry,2024,1,0.070782386,0.137632417,0.058985321,0.039323548,0.035673723,Mulberry
PS - Domestic - SW,2,02301500,City of Mulberry,2024,2,0.080155945,0.100194931,0.050097465,0.030726445,0.030298438,Mulberry
PS - Domestic - SW,2,02301500,City of Mulberry,2024,3,0.077120721,0.059593284,0.05258231,0.27342801,0.031801246,Mulberry
PS - Domestic - SW,2,02301500,City of Mulberry,2024,4,0.075709513,0.129337084,0.075709513,0.020189203,0.028617715,Mulberry
PS - Domestic - SW,2,02301500,City of Mulberry,2024,5,0.03699518,0.024215027,0.032623022,0.016815991,0.030510421,Mulberry
PS - Domestic - SW,2,02301500,City of Mulberry,2024,6,0.104513678,0.494064658,0.038004974,0.015835406,0.028731277,Mulberry
PS - Domestic - SW,2,02301500,City of Mulberry,2024,7,0.541345549,0.073343591,0.038418071,0.034227009,0.031683898,Mulberry
PS - Domestic - SW,2,02301500,City of Mulberry,2024,8,0.131759755,0.119781596,0.054500626,0.029945399,0.054332018,Mulberry
PS - Domestic - SW,2,02301500,City of Mulberry,2024,9,0.162735395,0.087626751,0.087626751,0.031295268,0.05678118,Mulberry
PS - Domestic - SW,2,02301500,City of Mulberry,2024,10,0.16412407,0.11993682,0.088374499,0.031562321,0.057265713,Mulberry
PS - Domestic - SW,2,02301500,City of Mulberry,2024,11,0.116493506,0.070602125,0.042361275,0.017650531,0.032024586,Mulberry
PS - Domestic - SW,2,02301500,City of Mulberry,2024,12,0.093406361,0.109510906,0.077301816,0.025767272,0.029219595,Mulberry
PS - Domestic - REUSE,1,206-1,City of Oldsmar WRF,2022,1,0.028862061,0.00042331,0.004425516,0.00769655,0.041893155,Oldsmar
PS - Domestic - SW,1,206-1,City of Oldsmar WRF,2022,1,0.024628959,0.001407369,0.017592113,0.035184227,0.015959297,Oldsmar
PS - Domestic - REUSE,1,206-1,City of Oldsmar WRF,2022,2,0.029223521,0.000428612,0.00448094,0.007792939,0.042417813,Oldsmar
PS - Domestic - SW,1,206-1,City of Oldsmar WRF,2022,2,0.021427662,0.001071383,0.015305473,0.030610945,0.013884891,Oldsmar
PS - Domestic - REUSE,1,206-1,City of Oldsmar WRF,2022,3,0.033324766,0.000488763,0.005109798,0.008886604,0.048370752,Oldsmar
PS - Domestic - SW,1,206-1,City of Oldsmar WRF,2022,3,0.013802048,0.002133044,0.025094632,0.025094632,0.011382734,Oldsmar
PS - Domestic - REUSE,1,206-1,City of Oldsmar WRF,2022,4,0.035817434,0.000525322,0.005492007,0.009551316,0.051988848,Oldsmar
PS - Domestic - SW,1,206-1,City of Oldsmar WRF,2022,4,0.025036215,0.001877716,0.015647634,0.031295268,0.014195295,Oldsmar
PS - Domestic - REUSE,1,206-1,City of Oldsmar WRF,2022,5,0.045403175,0.000665913,0.00696182,0.012107513,0.065902509,Oldsmar
PS - Domestic - SW,1,206-1,City of Oldsmar WRF,2022,5,0.010826911,0.001924784,0.012029901,0.024059802,0.010913343,Oldsmar
PS - Domestic - REUSE,1,206-1,City of Oldsmar WRF,2022,6,0.037976808,0.000556993,0.005823111,0.010127149,0.05512317,Oldsmar
PS - Domestic - SW,1,206-1,City of Oldsmar WRF,2022,6,0,0,0,0,0,Oldsmar
PS - Domestic - REUSE,1,206-1,City of Oldsmar WRF,2022,7,0.031529983,0.00046244,0.004834597,0.008407995,0.045765631,Oldsmar
PS - Domestic - SW,1,206-1,City of Oldsmar WRF,2022,7,0.023801095,0.002856131,0.011900547,0.023801095,0.010795995,Oldsmar
PS - Domestic - REUSE,1,206-1,City of Oldsmar WRF,2022,8,0.03220909,0.0004724,0.004938727,0.008589091,0.046751352,Oldsmar
PS - Domestic - SW,1,206-1,City of Oldsmar WRF,2022,8,0.03030759,0.003030759,0.027552354,0.055104708,0.024995075,Oldsmar
PS - Domestic - REUSE,1,206-1,City of Oldsmar WRF,2022,9,0.022203993,0.000325659,0.003404612,0.009473704,0.032228998,Oldsmar
PS - Domestic - SW,1,206-1,City of Oldsmar WRF,2022,9,0.070476944,0.005638156,0.070476944,0.225526221,0.063935609,Oldsmar
PS - Domestic - REUSE,1,206-1,City of Oldsmar WRF,2022,10,0.033906858,0.000497301,0.005199052,0.009041829,0.049215656,Oldsmar
PS - Domestic - SW,1,206-1,City of Oldsmar WRF,2022,10,0.051974347,0.002969963,0.037124534,0.074249067,0.033678811,Oldsmar
PS - Domestic - REUSE,1,206-1,City of Oldsmar WRF,2022,11,0.029104599,0.000426868,0.004462705,0.010089595,0.042245198,Oldsmar
PS - Domestic - SW,1,206-1,City of Oldsmar WRF,2022,11,0.048570256,0.003885621,0.048570256,0.126282666,0.044062196,Oldsmar
PS - Domestic - REUSE,1,206-1,City of Oldsmar WRF,2022,12,0.029589676,0.000433982,0.004537084,0.008679638,0.042949285,Oldsmar
PS - Domestic - SW,1,206-1,City of Oldsmar WRF,2022,12,0.045868849,0.004077231,0.08154462,0.112123852,0.046235022,Oldsmar
PS - Domestic - REUSE,1,206-1,City of Oldsmar WRF,2023,1,0.025525898,0.001679335,0.003731856,0.007463713,0.040625799,Oldsmar
PS - Domestic - SW,1,206-1,City of Oldsmar WRF,2023,1,0.043074807,0.004307481,0.047860897,0.095721794,0.043418676,Oldsmar
PS - Domestic - REUSE,1,206-1,City of Oldsmar WRF,2023,2,0.028569826,0.001879594,0.004176875,0.008771438,0.045470369,Oldsmar
PS - Domestic - SW,1,206-1,City of Oldsmar WRF,2023,2,0.025061251,0.004048356,0.019277885,0.040483559,0.017488603,Oldsmar
PS - Domestic - REUSE,1,206-1,City of Oldsmar WRF,2023,3,0.040257482,0.002648519,0.005885597,0.012359753,0.064071884,Oldsmar
PS - Domestic - SW,1,206-1,City of Oldsmar WRF,2023,3,0,0,0,0,0,Oldsmar
PS - Domestic - REUSE,1,206-1,City of Oldsmar WRF,2023,4,0.044695652,0.002940503,0.006534452,0.013068904,0.071135462,Oldsmar
PS - Domestic - SW,1,206-1,City of Oldsmar WRF,2023,4,0,0,0,0,0,Oldsmar
PS - Domestic - REUSE,1,206-1,City of Oldsmar WRF,2023,5,0.04910528,0.003230611,0.007179135,0.014358269,0.078153616,Oldsmar
PS - Domestic - SW,1,206-1,City of Oldsmar WRF,2023,5,0,0,0,0,0,Oldsmar
PS - Domestic - REUSE,1,206-1,City of Oldsmar WRF,2023,6,0.03865917,0.002543366,0.005651925,0.011303851,0.061528087,Oldsmar
PS - Domestic - SW,1,206-1,City of Oldsmar WRF,2023,6,0,0,0,0,0,Oldsmar
PS - Domestic - REUSE,1,206-1,City of Oldsmar WRF,2023,7,0.034285218,0.002255607,0.005012459,0.010024918,0.054566714,Oldsmar
PS - Domestic - SW,1,206-1,City of Oldsmar WRF,2023,7,0,0,0,0,0,Oldsmar
PS - Domestic - REUSE,1,206-1,City of Oldsmar WRF,2023,8,0.034860325,0.002293442,0.005096539,0.010193078,0.055482027,Oldsmar
PS - Domestic - SW,1,206-1,City of Oldsmar WRF,2023,8,0.013970208,0.012107513,0.009313472,0.018626944,0.00844904,Oldsmar
PS - Domestic - REUSE,1,206-1,City of Oldsmar WRF,2023,9,0.033007996,0.002171579,0.00482573,0.009651461,0.052533948,Oldsmar
PS - Domestic - SW,1,206-1,City of Oldsmar WRF,2023,9,0,0,0,0,0,Oldsmar
PS - Domestic - REUSE,1,206-1,City of Oldsmar WRF,2023,10,0.042248237,0.002779489,0.006176643,0.012353286,0.067240273,Oldsmar
PS - Domestic - SW,1,206-1,City of Oldsmar WRF,2023,10,0,0,0,0,0,Oldsmar
PS - Domestic - REUSE,1,206-1,City of Oldsmar WRF,2023,11,0.038145427,0.002509568,0.005576817,0.012268997,0.060710438,Oldsmar
PS - Domestic - SW,1,206-1,City of Oldsmar WRF,2023,11,0,0,0,0,0,Oldsmar
PS - Domestic - REUSE,1,206-1,City of Oldsmar WRF,2023,12,0.032604136,0.002145009,0.004766687,0.009533373,0.051891185,Oldsmar
PS - Domestic - SW,1,206-1,City of Oldsmar WRF,2023,12,0.004553253,0.001252145,0.005691566,0.011383132,0.005163302,Oldsmar
PS - Domestic - REUSE,1,206-1,City of Oldsmar WRF,2024,1,0.031985955,0.001256349,0.003395537,0.006791073,0.036964548,Oldsmar
PS - Domestic - SW,1,206-1,City of Oldsmar WRF,2024,1,0.056074862,0.012534381,0.032985213,0.065970425,0.029923682,Oldsmar
PS - Domestic - REUSE,1,206-1,City of Oldsmar WRF,2024,2,0.034025981,0.001336477,0.0036121,0.0072242,0.039322103,Oldsmar
PS - Domestic - SW,1,206-1,City of Oldsmar WRF,2024,2,0.048790575,0.002710588,0.027105875,0.05421175,0.024590036,Oldsmar
PS - Domestic - REUSE,1,206-1,City of Oldsmar WRF,2024,3,0.037652038,0.001478902,0.003997032,0.008393767,0.043512554,Oldsmar
PS - Domestic - SW,1,206-1,City of Oldsmar WRF,2024,3,0.070536614,0.002408567,0.017204052,0.034408104,0.015607254,Oldsmar
PS - Domestic - REUSE,1,206-1,City of Oldsmar WRF,2024,4,0.046401745,0.001822574,0.004925875,0.00985175,0.053624146,Oldsmar
PS - Domestic - SW,1,206-1,City of Oldsmar WRF,2024,4,0.013219121,0.005047301,0.012017383,0.024034766,0.010901987,Oldsmar
PS - Domestic - REUSE,1,206-1,City of Oldsmar WRF,2024,5,0.07372001,0.002895584,0.007825903,0.015651807,0.085194483,Oldsmar
PS - Domestic - SW,1,206-1,City of Oldsmar WRF,2024,5,0.00291046,0.002716429,0.003233844,0.006467689,0.002933694,Oldsmar
PS - Domestic - REUSE,1,206-1,City of Oldsmar WRF,2024,6,0.057722119,0.002267217,0.006127614,0.012255227,0.06670653,Oldsmar
PS - Domestic - SW,1,206-1,City of Oldsmar WRF,2024,6,0,0,0,0,0,Oldsmar
PS - Domestic - REUSE,1,206-1,City of Oldsmar WRF,2024,7,0.038931476,0.001529156,0.004132853,0.008265706,0.044991136,Oldsmar
PS - Domestic - SW,1,206-1,City of Oldsmar WRF,2024,7,0.030010076,0.0050642,0.018756297,0.037512595,0.017015427,Oldsmar
PS - Domestic - REUSE,1,206-1,City of Oldsmar WRF,2024,8,0.034727608,0.001364036,0.003686583,0.007373165,0.040132938,Oldsmar
PS - Domestic - SW,1,206-1,City of Oldsmar WRF,2024,8,0.081492878,0.013038861,0.081492878,0.162985757,0.073929096,Oldsmar
PS - Domestic - REUSE,1,206-1,City of Oldsmar WRF,2024,9,0.026650049,0.001046764,0.002829092,0.005658185,0.030798112,Oldsmar
PS - Domestic - SW,1,206-1,City of Oldsmar WRF,2024,9,0.160231773,0.080115887,0.100144858,0.200289716,0.090849888,Oldsmar
PS - Domestic - REUSE,1,206-1,City of Oldsmar WRF,2024,10,0.024796731,0.000973969,0.002632349,0.006054403,0.028656326,Oldsmar
PS - Domestic - SW,1,206-1,City of Oldsmar WRF,2024,10,0.142935922,0.036283734,0.109950709,0.25288663,0.099745606,Oldsmar
PS - Domestic - REUSE,1,206-1,City of Oldsmar WRF,2024,11,0.041802842,0.001641938,0.004437669,0.014644308,0.048309428,Oldsmar
PS - Domestic - SW,1,206-1,City of Oldsmar WRF,2024,11,0.01137896,0.003666554,0.012643288,0.025286577,0.011469798,Oldsmar
PS - Domestic - REUSE,1,206-1,City of Oldsmar WRF,2024,12,0.045511444,0.001787605,0.004831364,0.010145863,0.052595271,Oldsmar
PS - Domestic - SW,1,206-1,City of Oldsmar WRF,2024,12,0,0,0,0,0,Oldsmar
PS - Domestic - REUSE,6,206-6,City of Palmetto WWTF,2022,1,0,0,0,0,0,Palmetto
PS - Domestic - SW,6,206-6,City of Palmetto WWTF,2022,1,0,0,0,0,0,Palmetto
PS - Domestic - REUSE,6,206-6,City of Palmetto WWTF,2022,2,0,0,0,0,0,Palmetto
PS - Domestic - SW,6,206-6,City of Palmetto WWTF,2022,2,0,0,0,0,0,Palmetto
PS - Domestic - REUSE,6,206-6,City of Palmetto WWTF,2022,3,0,0,0,0,0,Palmetto
PS - Domestic - SW,6,206-6,City of Palmetto WWTF,2022,3,0,0,0,0,0,Palmetto
PS - Domestic - REUSE,6,206-6,City of Palmetto WWTF,2022,4,0,0,0,0,0,Palmetto
PS - Domestic - SW,6,206-6,City of Palmetto WWTF,2022,4,0,0,0,0,0,Palmetto
PS - Domestic - REUSE,6,206-6,City of Palmetto WWTF,2022,5,0,0,0,0,0,Palmetto
PS - Domestic - SW,6,206-6,City of Palmetto WWTF,2022,5,0,0,0,0,0,Palmetto
PS - Domestic - REUSE,6,206-6,City of Palmetto WWTF,2022,6,0,0,0,0,0,Palmetto
PS - Domestic - SW,6,206-6,City of Palmetto WWTF,2022,6,0,0,0,0,0,Palmetto
PS - Domestic - REUSE,6,206-6,City of Palmetto WWTF,2022,7,0,0,0,0,0,Palmetto
PS - Domestic - SW,6,206-6,City of Palmetto WWTF,2022,7,0,0,0,0,0,Palmetto
PS - Domestic - REUSE,6,206-6,City of Palmetto WWTF,2022,8,0,0,0,0,0,Palmetto
PS - Domestic - SW,6,206-6,City of Palmetto WWTF,2022,8,0,0,0,0,0,Palmetto
PS - Domestic - REUSE,6,206-6,City of Palmetto WWTF,2022,9,0,0,0,0,0,Palmetto
PS - Domestic - SW,6,206-6,City of Palmetto WWTF,2022,9,0.350239116,0.034857922,0.102913864,0.497970307,0.150583689,Palmetto
PS - Domestic - REUSE,6,206-6,City of Palmetto WWTF,2022,10,0,0,0,0,0,Palmetto
PS - Domestic - SW,6,206-6,City of Palmetto WWTF,2022,10,0.157746929,0.024538411,0.065903161,0.140219492,0.063602492,Palmetto
PS - Domestic - REUSE,6,206-6,City of Palmetto WWTF,2022,11,0,0,0,0,0,Palmetto
PS - Domestic - SW,6,206-6,City of Palmetto WWTF,2022,11,0.145465414,0.016704162,0.069600676,0.139201353,0.063140672,Palmetto
PS - Domestic - REUSE,6,206-6,City of Palmetto WWTF,2022,12,0,0,0,0,0,Palmetto
PS - Domestic - SW,6,206-6,City of Palmetto WWTF,2022,12,0.154879156,0.003737031,0.041522562,0.083045124,0.037668635,Palmetto
PS - Domestic - REUSE,6,206-6,City of Palmetto WWTF,2023,1,0,0,0,0,0,Palmetto
PS - Domestic - SW,6,206-6,City of Palmetto WWTF,2023,1,0.044835312,0.003898723,0.017721467,0.035442934,0.016076645,Palmetto
PS - Domestic - REUSE,6,206-6,City of Palmetto WWTF,2023,2,0,0,0,0,0,Palmetto
PS - Domestic - SW,6,206-6,City of Palmetto WWTF,2023,2,0.040052435,0.001913768,0.013669773,0.027339546,0.01240101,Palmetto
PS - Domestic - REUSE,6,206-6,City of Palmetto WWTF,2023,3,0,0,0,0,0,Palmetto
PS - Domestic - SW,6,206-6,City of Palmetto WWTF,2023,3,0,0,0,0,0,Palmetto
PS - Domestic - REUSE,6,206-6,City of Palmetto WWTF,2023,4,0,0,0,0,0,Palmetto
PS - Domestic - SW,6,206-6,City of Palmetto WWTF,2023,4,0,0,0,0,0,Palmetto
PS - Domestic - REUSE,6,206-6,City of Palmetto WWTF,2023,5,0,0,0,0,0,Palmetto
PS - Domestic - SW,6,206-6,City of Palmetto WWTF,2023,5,0,0,0,0,0,Palmetto
PS - Domestic - REUSE,6,206-6,City of Palmetto WWTF,2023,6,0,0,0,0,0,Palmetto
PS - Domestic - SW,6,206-6,City of Palmetto WWTF,2023,6,0,0,0,0,0,Palmetto
PS - Domestic - REUSE,6,206-6,City of Palmetto WWTF,2023,7,0,0,0,0,0,Palmetto
PS - Domestic - SW,6,206-6,City of Palmetto WWTF,2023,7,0,0,0,0,0,Palmetto
PS - Domestic - REUSE,6,206-6,City of Palmetto WWTF,2023,8,0,0,0,0,0,Palmetto
PS - Domestic - SW,6,206-6,City of Palmetto WWTF,2023,8,0,0,0,0,0,Palmetto
PS - Domestic - REUSE,6,206-6,City of Palmetto WWTF,2023,9,0,0,0,0,0,Palmetto
PS - Domestic - SW,6,206-6,City of Palmetto WWTF,2023,9,0,0,0,0,0,Palmetto
PS - Domestic - REUSE,6,206-6,City of Palmetto WWTF,2023,10,0,0,0,0,0,Palmetto
PS - Domestic - SW,6,206-6,City of Palmetto WWTF,2023,10,0,0,0,0,0,Palmetto
PS - Domestic - REUSE,6,206-6,City of Palmetto WWTF,2023,11,0,0,0,0,0,Palmetto
PS - Domestic - SW,6,206-6,City of Palmetto WWTF,2023,11,0,0,0,0,0,Palmetto
PS - Domestic - REUSE,6,206-6,City of Palmetto WWTF,2023,12,0,0,0,0,0,Palmetto
PS - Domestic - SW,6,206-6,City of Palmetto WWTF,2023,12,0,0,0,0,0,Palmetto
PS - Domestic - REUSE,6,206-6,City of Palmetto WWTF,2024,1,0,0,0,0,0,Palmetto
PS - Domestic - SW,6,206-6,City of Palmetto WWTF,2024,1,0,0,0,0,0,Palmetto
PS - Domestic - REUSE,6,206-6,City of Palmetto WWTF,2024,2,0,0,0,0,0,Palmetto
PS - Domestic - SW,6,206-6,City of Palmetto WWTF,2024,2,0,0,0,0,0,Palmetto
PS - Domestic - REUSE,6,206-6,City of Palmetto WWTF,2024,3,0,0,0,0,0,Palmetto
PS - Domestic - SW,6,206-6,City of Palmetto WWTF,2024,3,0,0,0,0,0,Palmetto
PS - Domestic - REUSE,6,206-6,City of Palmetto WWTF,2024,4,0,0,0,0,0,Palmetto
PS - Domestic - SW,6,206-6,City of Palmetto WWTF,2024,4,0,0,0,0,0,Palmetto
PS - Domestic - REUSE,6,206-6,City of Palmetto WWTF,2024,5,0,0,0,0,0,Palmetto
PS - Domestic - SW,6,206-6,City of Palmetto WWTF,2024,5,0,0,0,0,0,Palmetto
PS - Domestic - REUSE,6,206-6,City of Palmetto WWTF,2024,6,0,0,0,0,0,Palmetto
PS - Domestic - SW,6,206-6,City of Palmetto WWTF,2024,6,0,0,0,0,0,Palmetto
PS - Domestic - REUSE,6,206-6,City of Palmetto WWTF,2024,7,0,0,0,0,0,Palmetto
PS - Domestic - SW,6,206-6,City of Palmetto WWTF,2024,7,0,0,0,0,0,Palmetto
PS - Domestic - REUSE,6,206-6,City of Palmetto WWTF,2024,8,0,0,0,0,0,Palmetto
PS - Domestic - SW,6,206-6,City of Palmetto WWTF,2024,8,0.317845509,0.021812927,0.103871081,0.207742163,0.094230261,Palmetto
PS - Domestic - REUSE,6,206-6,City of Palmetto WWTF,2024,9,0,0,0,0,0,Palmetto
PS - Domestic - SW,6,206-6,City of Palmetto WWTF,2024,9,0.29960212,0.099237295,0.09451171,0.18902342,0.085739582,Palmetto
PS - Domestic - REUSE,6,206-6,City of Palmetto WWTF,2024,10,0,0,0,0,0,Palmetto
PS - Domestic - SW,6,206-6,City of Palmetto WWTF,2024,10,0.931254046,0.111796587,0.121016924,0.230508427,0.104556865,Palmetto
PS - Domestic - REUSE,6,206-6,City of Palmetto WWTF,2024,11,0,0,0,0,0,Palmetto
PS - Domestic - SW,6,206-6,City of Palmetto WWTF,2024,11,0.005645666,0.000237844,0.001251811,0.002503622,0.001135624,Palmetto
PS - Domestic - REUSE,6,206-6,City of Palmetto WWTF,2024,12,0,0,0,0,0,Palmetto
PS - Domestic - SW,6,206-6,City of Palmetto WWTF,2024,12,0,0,0,0,0,Palmetto
PS - Domestic - REUSE,2,02304500,City of Zephyrhills WWTF,2022,1,0.13395877,0.045769246,0.012279554,0.022326462,0.121525353,Zephyrhills
PS - Domestic - REUSE,2,02304500,City of Zephyrhills WWTF,2022,2,0.131040548,0.039116582,0.009779145,0.02151412,0.106457899,Zephyrhills
PS - Domestic - REUSE,2,02304500,City of Zephyrhills WWTF,2022,3,0.114723863,0.057361932,0.01404782,0.04916737,0.12743968,Zephyrhills
PS - Domestic - REUSE,2,02304500,City of Zephyrhills WWTF,2022,4,0.115335331,0.061826932,0.011803323,0.022482521,0.122374799,Zephyrhills
PS - Domestic - REUSE,2,02304500,City of Zephyrhills WWTF,2022,5,0.119807467,0.066438686,0.010891588,0.021783176,0.118568189,Zephyrhills
PS - Domestic - REUSE,2,02304500,City of Zephyrhills WWTF,2022,6,0.093227853,0.049439013,0.010291386,0.024013235,0.109837515,Zephyrhills
PS - Domestic - REUSE,2,02304500,City of Zephyrhills WWTF,2022,7,0.08445107,0.046917261,0.010910991,0.021821982,0.118779415,Zephyrhills
PS - Domestic - REUSE,2,02304500,City of Zephyrhills WWTF,2022,8,0.138424062,0.048001892,0.012279554,0.02321952,0.121525353,Zephyrhills
PS - Domestic - REUSE,2,02304500,City of Zephyrhills WWTF,2022,9,0.118958322,0.053867919,0.016833725,0.039278691,0.122170387,Zephyrhills
PS - Domestic - REUSE,2,02304500,City of Zephyrhills WWTF,2022,10,0.143291386,0.046152133,0.014065412,0.021977206,0.119624319,Zephyrhills
PS - Domestic - REUSE,2,02304500,City of Zephyrhills WWTF,2022,11,0.127023738,0.04423148,0.02154867,0.02268281,0.123464998,Zephyrhills
PS - Domestic - REUSE,2,02304500,City of Zephyrhills WWTF,2022,12,0.09900738,0.055259933,0.020722475,0.023024972,0.125327421,Zephyrhills
PS - Domestic - REUSE,2,02304500,City of Zephyrhills WWTF,2023,1,0.069385365,0.065916097,0.013877073,0.023128455,0.12589069,Zephyrhills
PS - Domestic - REUSE,2,02304500,City of Zephyrhills WWTF,2023,2,0.039624817,0.035453783,0.010427583,0.020855167,0.113516935,Zephyrhills
PS - Domestic - REUSE,2,02304500,City of Zephyrhills WWTF,2023,3,0.04431337,0.04821662,0.012628162,0.022960295,0.124975377,Zephyrhills
PS - Domestic - REUSE,2,02304500,City of Zephyrhills WWTF,2023,4,0.045746672,0.048855669,0.01443463,0.022207122,0.120875776,Zephyrhills
PS - Domestic - REUSE,2,02304500,City of Zephyrhills WWTF,2023,5,0.076323902,0.049726178,0.019659187,0.023128455,0.12589069,Zephyrhills
PS - Domestic - REUSE,2,02304500,City of Zephyrhills WWTF,2023,6,0.072771638,0.041940041,0.031738409,0.030604895,0.12339686,Zephyrhills
PS - Domestic - REUSE,2,02304500,City of Zephyrhills WWTF,2023,7,0.076366588,0.04743985,0.015041904,0.02429846,0.125961099,Zephyrhills
PS - Domestic - REUSE,2,02304500,City of Zephyrhills WWTF,2023,8,0.0753553,0.043026946,0.012791795,0.023257809,0.126594776,Zephyrhills
PS - Domestic - REUSE,2,02304500,City of Zephyrhills WWTF,2023,9,0.037901073,0.022294749,0.011147375,0.022294749,0.121352738,Zephyrhills
PS - Domestic - REUSE,2,02304500,City of Zephyrhills WWTF,2023,10,0.067056997,0.040234198,0.014529016,0.022352332,0.12166617,Zephyrhills
PS - Domestic - REUSE,2,02304500,City of Zephyrhills WWTF,2023,11,0.058539677,0.089977651,0.011382715,0.023849498,0.118014005,Zephyrhills
PS - Domestic - REUSE,2,02304500,City of Zephyrhills WWTF,2023,12,0.046075815,0.026493593,0.011518954,0.025341698,0.125397829,Zephyrhills
PS - Domestic - REUSE,2,02304500,City of Zephyrhills WWTF,2024,1,0.041864056,0.024420699,0.011628904,0.023257809,0.126594776,Zephyrhills
PS - Domestic - REUSE,2,02304500,City of Zephyrhills WWTF,2024,2,0.044264862,0.033198646,0.012172837,0.032092025,0.120469223,Zephyrhills
PS - Domestic - REUSE,2,02304500,City of Zephyrhills WWTF,2024,3,0.026979058,0.033723823,0.015117576,0.024420699,0.126594776,Zephyrhills
PS - Domestic - REUSE,2,02304500,City of Zephyrhills WWTF,2024,4,0.028784637,0.044703413,0.010903271,0.023987197,0.118695379,Zephyrhills
PS - Domestic - REUSE,2,02304500,City of Zephyrhills WWTF,2024,5,0.030218335,0.054625453,0.01278468,0.023244873,0.126524368,Zephyrhills
PS - Domestic - REUSE,2,02304500,City of Zephyrhills WWTF,2024,6,0.028560062,0.029658526,0.012083103,0.021969278,0.119581165,Zephyrhills
PS - Domestic - REUSE,2,02304500,City of Zephyrhills WWTF,2024,7,0.033629395,0.046840942,0.014412598,0.025222046,0.130748888,Zephyrhills
PS - Domestic - REUSE,2,02304500,City of Zephyrhills WWTF,2024,8,0.058167806,0.04494785,0.014541951,0.029083903,0.143915308,Zephyrhills
PS - Domestic - REUSE,2,02304500,City of Zephyrhills WWTF,2024,9,0.069680792,0.039817596,0.014931598,0.024885997,0.135457183,Zephyrhills
PS - Domestic - REUSE,2,02304500,City of Zephyrhills WWTF,2024,10,0.085113491,0.0520138,0.026794988,0.031523515,0.171585912,Zephyrhills
PS - Domestic - REUSE,2,02304500,City of Zephyrhills WWTF,2024,11,0.063153851,0.050523081,0.015156924,0.037892311,0.137501306,Zephyrhills
PS - Domestic - REUSE,2,02304500,City of Zephyrhills WWTF,2024,12,0.065136094,0.047042734,0.01206224,0.024124479,0.131312157,Zephyrhills
PS - Domestic - REUSE,2,206-2,Falkenburg AWTP,2022,1,0.065132163,0.001411684,0.002190544,0.005305983,0.05299274,Hillsborough Co.
PS - Domestic - SW,2,206-2,Falkenburg AWTP,2022,1,1.46231985,0.247995764,0.359166279,0.923570432,0.775786121,Hillsborough Co.
PS - Domestic - REUSE,2,206-2,Falkenburg AWTP,2022,2,0.052492718,0.001759015,0.001759015,0.005693655,0.050392162,Hillsborough Co.
PS - Domestic - SW,2,206-2,Falkenburg AWTP,2022,2,1.124384406,0.235758021,0.229712943,0.743544527,0.548400207,Hillsborough Co.
PS - Domestic - REUSE,2,206-2,Falkenburg AWTP,2022,3,0.061277387,0.002649833,0.00204258,0.009660849,0.060097201,Hillsborough Co.
PS - Domestic - SW,2,206-2,Falkenburg AWTP,2022,3,1.325260471,0.339988288,0.25672585,1.214243887,0.629453449,Hillsborough Co.
PS - Domestic - REUSE,2,206-2,Falkenburg AWTP,2022,4,0.072087398,0.002643205,0.002563108,0.002963593,0.087195451,Hillsborough Co.
PS - Domestic - SW,2,206-2,Falkenburg AWTP,2022,4,1.114061474,0.24186861,0.234539258,0.271186017,0.664907618,Hillsborough Co.
PS - Domestic - REUSE,2,206-2,Falkenburg AWTP,2022,5,0.08405889,0.003651494,0.001937528,0.006706826,0.081124408,Hillsborough Co.
PS - Domestic - SW,2,206-2,Falkenburg AWTP,2022,5,1.319695672,0.349125839,0.181545436,0.614461477,0.633443273,Hillsborough Co.
PS - Domestic - REUSE,2,206-2,Falkenburg AWTP,2022,6,0.063065191,0.002935996,0.001702878,0.003288315,0.063923776,Hillsborough Co.
PS - Domestic - SW,2,206-2,Falkenburg AWTP,2022,6,1.721024438,0.472808912,0.274229169,0.529545981,0.857850067,Hillsborough Co.
PS - Domestic - REUSE,2,206-2,Falkenburg AWTP,2022,7,0,0,0,0,0,Hillsborough Co.
PS - Domestic - SW,2,206-2,Falkenburg AWTP,2022,7,2.153005626,0.490840661,0.457374252,0.792038339,1.012007186,Hillsborough Co.
PS - Domestic - REUSE,2,206-2,Falkenburg AWTP,2022,8,0,0,0,0,0,Hillsborough Co.
PS - Domestic - SW,2,206-2,Falkenburg AWTP,2022,8,1.780521082,0.470137589,0.290084895,0.450131734,0.907450321,Hillsborough Co.
PS - Domestic - REUSE,2,206-2,Falkenburg AWTP,2022,9,0,0,0,0,0,Hillsborough Co.
PS - Domestic - SW,2,206-2,Falkenburg AWTP,2022,9,2.211558989,0.684530163,0.473905498,1.079451412,1.194221778,Hillsborough Co.
PS - Domestic - REUSE,2,206-2,Falkenburg AWTP,2022,10,0,0,0,0,0,Hillsborough Co.
PS - Domestic - SW,2,206-2,Falkenburg AWTP,2022,10,1.92090356,0.66164456,0.458882517,1.173885509,0.968119119,Hillsborough Co.
PS - Domestic - REUSE,2,206-2,Falkenburg AWTP,2022,11,0,0,0,0,0,Hillsborough Co.
PS - Domestic - SW,2,206-2,Falkenburg AWTP,2022,11,1.541429657,0.624903915,0.43743274,1.135242112,0.944838835,Hillsborough Co.
PS - Domestic - REUSE,2,206-2,Falkenburg AWTP,2022,12,0,0,0,0,0,Hillsborough Co.
PS - Domestic - SW,2,206-2,Falkenburg AWTP,2022,12,1.712631047,0.546584377,0.655901252,1.020290837,1.101895579,Hillsborough Co.
PS - Domestic - REUSE,2,206-2,Falkenburg AWTP,2023,1,0,0,0,0,0,Hillsborough Co.
PS - Domestic - SW,2,206-2,Falkenburg AWTP,2023,1,2.067528652,0.418428418,0.529188881,0.344588109,1.116446703,Hillsborough Co.
PS - Domestic - REUSE,2,206-2,Falkenburg AWTP,2023,2,0,0,0,0,0,Hillsborough Co.
PS - Domestic - SW,2,206-2,Falkenburg AWTP,2023,2,2.00558238,0.5254801,0.411626078,0.297772057,0.794512554,Hillsborough Co.
PS - Domestic - REUSE,2,206-2,Falkenburg AWTP,2023,3,0.19600448,0.007121806,0.007895915,0.030190264,0.168542441,Hillsborough Co.
PS - Domestic - SW,2,206-2,Falkenburg AWTP,2023,3,1.124343013,0.238657715,0.286389258,1.034183432,0.481125865,Hillsborough Co.
PS - Domestic - REUSE,2,206-2,Falkenburg AWTP,2023,4,0.210565092,0.005749894,0.010508427,0.007534344,0.215843435,Hillsborough Co.
PS - Domestic - SW,2,206-2,Falkenburg AWTP,2023,4,0.578081186,0.093024559,0.176082201,0.126247615,0.301394503,Hillsborough Co.
PS - Domestic - REUSE,2,206-2,Falkenburg AWTP,2023,5,0.230184839,0.007354783,0.010734008,0.010932786,0.216393964,Hillsborough Co.
PS - Domestic - SW,2,206-2,Falkenburg AWTP,2023,5,0.842682929,0.162392023,0.237004574,0.241393547,0.39816099,Hillsborough Co.
PS - Domestic - REUSE,2,206-2,Falkenburg AWTP,2023,6,0.080622044,0.002805529,0.00516808,0.006570844,0.080372625,Hillsborough Co.
PS - Domestic - SW,2,206-2,Falkenburg AWTP,2023,6,1.27220022,0.258634111,0.440376999,0.601149555,0.634132218,Hillsborough Co.
PS - Domestic - REUSE,2,206-2,Falkenburg AWTP,2023,7,0.138514059,0.003130261,0.006749626,0.00890168,0.106489696,Hillsborough Co.
PS - Domestic - SW,2,206-2,Falkenburg AWTP,2023,7,1.401910344,0.190382886,0.392304129,0.519226053,0.523371063,Hillsborough Co.
PS - Domestic - REUSE,2,206-2,Falkenburg AWTP,2023,8,0.15471612,0.004489064,0.006577001,0.006055017,0.113648667,Hillsborough Co.
PS - Domestic - SW,2,206-2,Falkenburg AWTP,2023,8,1.484414769,0.252410608,0.378615913,0.336547478,0.545197749,Hillsborough Co.
PS - Domestic - REUSE,2,206-2,Falkenburg AWTP,2023,9,0.09241499,0.003744921,0.003805323,0.00277849,0.065754878,Hillsborough Co.
PS - Domestic - SW,2,206-2,Falkenburg AWTP,2023,9,1.319603789,0.425275155,0.394004923,0.287686134,0.567357551,Hillsborough Co.
PS - Domestic - REUSE,2,206-2,Falkenburg AWTP,2023,10,0.115585205,0.004560783,0.002654784,0.001633713,0.074103982,Hillsborough Co.
PS - Domestic - SW,2,206-2,Falkenburg AWTP,2023,10,1.553073165,0.388268291,0.210774215,0.133120557,0.503187246,Hillsborough Co.
PS - Domestic - REUSE,2,206-2,Falkenburg AWTP,2023,11,0.034739625,0.001209454,0.000952123,0.001929979,0.028013563,Hillsborough Co.
PS - Domestic - SW,2,206-2,Falkenburg AWTP,2023,11,1.253413045,0.26858851,0.21263257,0.408478358,0.507623749,Hillsborough Co.
PS - Domestic - REUSE,2,206-2,Falkenburg AWTP,2023,12,0,0,0,0,0,Hillsborough Co.
PS - Domestic - SW,2,206-2,Falkenburg AWTP,2023,12,1.829310739,0.272637658,0.395764343,0.351790527,0.797847502,Hillsborough Co.
PS - Domestic - REUSE,2,206-2,Falkenburg AWTP,2024,1,0,0,0,0,0,Hillsborough Co.
PS - Domestic - SW,2,206-2,Falkenburg AWTP,2024,1,2.501478229,0.140928351,0.763361901,0.751617872,1.065400422,Hillsborough Co.
PS - Domestic - REUSE,2,206-2,Falkenburg AWTP,2024,2,0,0,0,0,0,Hillsborough Co.
PS - Domestic - SW,2,206-2,Falkenburg AWTP,2024,2,1.733459425,0.108341214,0.433364856,0.379194249,0.819045809,Hillsborough Co.
PS - Domestic - REUSE,2,206-2,Falkenburg AWTP,2024,3,0,0,0,0,0,Hillsborough Co.
PS - Domestic - SW,2,206-2,Falkenburg AWTP,2024,3,1.280369537,0.189684376,0.576956643,1.185527349,0.716994887,Hillsborough Co.
PS - Domestic - REUSE,2,206-2,Falkenburg AWTP,2024,4,0.07668938,0.002785725,0.004096655,0.016960151,0.089194149,Hillsborough Co.
PS - Domestic - SW,2,206-2,Falkenburg AWTP,2024,4,0.857421498,0.182547803,0.271055829,1.028905798,0.501832069,Hillsborough Co.
PS - Domestic - REUSE,2,206-2,Falkenburg AWTP,2024,5,0.233780986,0.011385438,0.023023885,0.04630078,0.275431877,Hillsborough Co.
PS - Domestic - SW,2,206-2,Falkenburg AWTP,2024,5,0.611920969,0.173706598,0.363204704,0.761940303,0.3581454,Hillsborough Co.
PS - Domestic - REUSE,2,206-2,Falkenburg AWTP,2024,6,0.164592919,0.0073266,0.009200846,0.027261767,0.185485945,Hillsborough Co.
PS - Domestic - SW,2,206-2,Falkenburg AWTP,2024,6,0.58346898,0.158792191,0.195720607,0.214184815,0.335008962,Hillsborough Co.
PS - Domestic - REUSE,2,206-2,Falkenburg AWTP,2024,7,0,0,0,0,0,Hillsborough Co.
PS - Domestic - SW,2,206-2,Falkenburg AWTP,2024,7,2.251997483,0.454031751,0.472193021,0.535757466,0.823781359,Hillsborough Co.
PS - Domestic - REUSE,2,206-2,Falkenburg AWTP,2024,8,0,0,0,0,0,Hillsborough Co.
PS - Domestic - SW,2,206-2,Falkenburg AWTP,2024,8,2.714023297,0.447015602,0.425729145,0.585377574,0.965537468,Hillsborough Co.
PS - Domestic - REUSE,2,206-2,Falkenburg AWTP,2024,9,0.034579556,0.000855325,0.000916419,0.001282987,0.022169644,Hillsborough Co.
PS - Domestic - SW,2,206-2,Falkenburg AWTP,2024,9,1.62941067,0.235172674,0.229573325,0.319162915,0.507964436,Hillsborough Co.
PS - Domestic - REUSE,2,206-2,Falkenburg AWTP,2024,10,0.176184724,0.007776269,0.004642549,0.013347328,0.126349482,Hillsborough Co.
PS - Domestic - SW,2,206-2,Falkenburg AWTP,2024,10,1.749980656,0.470144057,0.2742507,0.50279295,0.592371553,Hillsborough Co.
PS - Domestic - REUSE,2,206-2,Falkenburg AWTP,2024,11,0.190472716,0.006191022,0.004478612,0.007903432,0.143397463,Hillsborough Co.
PS - Domestic - SW,2,206-2,Falkenburg AWTP,2024,11,0.844536611,0.155572534,0.14446021,0.35929847,0.336031023,Hillsborough Co.
PS - Domestic - REUSE,2,206-2,Falkenburg AWTP,2024,12,0,0,0,0,0,Hillsborough Co.
PS - Domestic - SW,2,206-2,Falkenburg AWTP,2024,12,1.706621271,0.254352209,0.426655318,1.025613744,0.744336918,Hillsborough Co.
PS - Domestic - REUSE,2,206-2,Howard F. Curren,2022,1,0.278395195,0.062671904,0.017592113,0.048378312,0.239389455,Tampa
PS - Domestic - SW,2,206-2,Howard F. Curren,2022,1,13.45576775,18.17485217,5.10171289,14.02971045,5.78524516,Tampa
PS - Domestic - REUSE,2,206-2,Howard F. Curren,2022,2,0.257082867,0.058248422,0.016191087,0.043439501,0.214950835,Tampa
PS - Domestic - SW,2,206-2,Howard F. Curren,2022,2,12.52454992,17.02646187,4.732779233,12.69770038,5.235981878,Tampa
PS - Domestic - REUSE,2,206-2,Howard F. Curren,2022,3,0.397933605,0.074368719,0.035599452,0.068272923,0.26544066,Tampa
PS - Domestic - SW,2,206-2,Howard F. Curren,2022,3,17.34582383,19.45028039,9.310626025,17.85599512,5.78524516,Tampa
PS - Domestic - REUSE,2,206-2,Howard F. Curren,2022,4,0.36964719,0.072721441,0.025126345,0.053151884,0.263010426,Tampa
PS - Domestic - SW,2,206-2,Howard F. Curren,2022,4,16.63093141,19.631021,6.782811242,14.34825455,5.916598956,Tampa
PS - Domestic - REUSE,2,206-2,Howard F. Curren,2022,5,0.475569154,0.082320743,0.040326039,0.061184336,0.302757252,Tampa
PS - Domestic - SW,2,206-2,Howard F. Curren,2022,5,18.28544965,18.99120385,9.303123506,14.11508394,5.820449491,Tampa
PS - Domestic - REUSE,2,206-2,Howard F. Curren,2022,6,0.430575321,0.063871139,0.024660671,0.049321343,0.268461419,Tampa
PS - Domestic - SW,2,206-2,Howard F. Curren,2022,6,19.78023684,17.60509052,6.797332247,13.59466449,6.166436148,Tampa
PS - Domestic - REUSE,2,206-2,Howard F. Curren,2022,7,0.392865525,0.070121388,0.016717682,0.044116105,0.252767101,Tampa
PS - Domestic - SW,2,206-2,Howard F. Curren,2022,7,22.7621251,24.37646021,5.811606408,15.33618358,7.322500973,Tampa
PS - Domestic - REUSE,2,206-2,Howard F. Curren,2022,8,0.353690734,0.058948456,0.018137986,0.045344966,0.259807967,Tampa
PS - Domestic - SW,2,206-2,Howard F. Curren,2022,8,19.01047756,19.01047756,5.84937771,14.62344428,6.982192434,Tampa
PS - Domestic - REUSE,2,206-2,Howard F. Curren,2022,9,0.306030168,0.043199988,0.036847049,0.039932762,0.197598506,Tampa
PS - Domestic - SW,2,206-2,Howard F. Curren,2022,9,26.34673519,22.31502838,19.03340656,20.62733716,8.505820764,Tampa
PS - Domestic - REUSE,2,206-2,Howard F. Curren,2022,10,0.312622204,0.061197271,0.018924457,0.054069878,0.26755292,Tampa
PS - Domestic - SW,2,206-2,Howard F. Curren,2022,10,16.8102992,19.74417217,6.105627539,17.44465011,7.193418424,Tampa
PS - Domestic - REUSE,2,206-2,Howard F. Curren,2022,11,0.376260506,0.060642719,0.026186629,0.053062379,0.250064317,Tampa
PS - Domestic - SW,2,206-2,Howard F. Curren,2022,11,19.85534548,19.20077365,8.291243168,16.80067695,6.597973116,Tampa
PS - Domestic - REUSE,2,206-2,Howard F. Curren,2022,12,0.282372823,0.052766639,0.020169487,0.046654673,0.221787289,Tampa
PS - Domestic - SW,2,206-2,Howard F. Curren,2022,12,16.19535135,18.15842424,6.940864865,16.05513186,6.360249242,Tampa
PS - Domestic - REUSE,2,206-2,Howard F. Curren,2023,1,0.263043489,0.046137905,0.016655592,0.047860897,0.208409643,Tampa
PS - Domestic - SW,2,206-2,Howard F. Curren,2023,1,15.67004567,16.49118343,5.953248792,17.10703676,6.207697139,Tampa
PS - Domestic - REUSE,2,206-2,Howard F. Curren,2023,2,0.259364667,0.054582119,0.013147518,0.039243348,0.216858683,Tampa
PS - Domestic - SW,2,206-2,Howard F. Curren,2023,2,12.98091004,16.39064217,3.948110888,11.7845128,5.426766643,Tampa
PS - Domestic - REUSE,2,206-2,Howard F. Curren,2023,3,0.350477586,0.073867473,0.02069337,0.04505392,0.285155086,Tampa
PS - Domestic - SW,2,206-2,Howard F. Curren,2023,3,13.84602809,17.509327,4.905095152,10.67944767,5.632693056,Tampa
PS - Domestic - REUSE,2,206-2,Howard F. Curren,2023,4,0.441278303,0.085899878,0.029590928,0.045391909,0.312750739,Tampa
PS - Domestic - SW,2,206-2,Howard F. Curren,2023,4,15.06178667,17.59169614,6.060015729,9.295946457,5.33743092,Tampa
PS - Domestic - REUSE,2,206-2,Howard F. Curren,2023,5,0.408768278,0.083267612,0.018924457,0.045689047,0.294308212,Tampa
PS - Domestic - SW,2,206-2,Howard F. Curren,2023,5,15.51624403,18.96429826,4.310067787,10.40573509,5.585753947,Tampa
PS - Domestic - REUSE,2,206-2,Howard F. Curren,2023,6,0.401249151,0.069497402,0.01389948,0.040649424,0.285495773,Tampa
PS - Domestic - SW,2,206-2,Howard F. Curren,2023,6,15.73713855,16.35428124,3.270856248,9.565711669,5.598624348,Tampa
PS - Domestic - REUSE,2,206-2,Howard F. Curren,2023,7,0.41972713,0.072106968,0.010762234,0.042779881,0.292900039,Tampa
PS - Domestic - SW,2,206-2,Howard F. Curren,2023,7,16.88325473,17.40273949,2.597423804,10.32475962,5.890858154,Tampa
PS - Domestic - REUSE,2,206-2,Howard F. Curren,2023,8,0.426867458,0.070885869,0.015005038,0.054069878,0.281634653,Tampa
PS - Domestic - SW,2,206-2,Howard F. Curren,2023,8,19.67147535,19.59994271,4.148892983,14.95032127,6.489331792,Tampa
PS - Domestic - REUSE,2,206-2,Howard F. Curren,2023,9,0.44715931,0.086187169,0.0152095,0.053233251,0.275956535,Tampa
PS - Domestic - SW,2,206-2,Howard F. Curren,2023,9,21.21338487,24.5324859,4.329262218,15.15241776,6.54573443,Tampa
PS - Domestic - REUSE,2,206-2,Howard F. Curren,2023,10,0.45504071,0.06629381,0.013258762,0.050383295,0.288675519,Tampa
PS - Domestic - SW,2,206-2,Howard F. Curren,2023,10,19.51125776,17.05529525,3.41105905,12.96202439,6.188921495,Tampa
PS - Domestic - REUSE,2,206-2,Howard F. Curren,2023,11,0.397948126,0.06607057,0.012705879,0.04828234,0.276637909,Tampa
PS - Domestic - SW,2,206-2,Howard F. Curren,2023,11,16.14663088,16.08476639,3.093224306,11.75425236,5.612251831,Tampa
PS - Domestic - REUSE,2,206-2,Howard F. Curren,2023,12,0.421046538,0.048119604,0.026064786,0.056139538,0.218266856,Tampa
PS - Domestic - SW,2,206-2,Howard F. Curren,2023,12,23.45636681,16.08436581,8.712364815,18.76509345,6.079788067,Tampa
PS - Domestic - REUSE,2,206-2,Howard F. Curren,2024,1,0.393040152,0.044141976,0.015891111,0.05473605,0.192215651,Tampa
PS - Domestic - SW,2,206-2,Howard F. Curren,2024,1,26.46182416,17.8314179,6.419310443,22.11095819,6.470556148,Tampa
PS - Domestic - REUSE,2,206-2,Howard F. Curren,2024,2,0.314844418,0.046564021,0.014327391,0.053727716,0.19496386,Tampa
PS - Domestic - SW,2,206-2,Howard F. Curren,2024,2,19.56786423,17.36397508,5.342761564,20.03535586,6.05858976,Tampa
PS - Domestic - REUSE,2,206-2,Howard F. Curren,2024,3,0.330407054,0.052912162,0.023516516,0.047033033,0.21333825,Tampa
PS - Domestic - SW,2,206-2,Howard F. Curren,2024,3,19.62814183,18.85978041,8.382124627,16.76424925,6.336779688,Tampa
PS - Domestic - REUSE,2,206-2,Howard F. Curren,2024,4,0.367765718,0.061513979,0.010984639,0.041741629,0.23916233,Tampa
PS - Domestic - SW,2,206-2,Howard F. Curren,2024,4,18.4755997,18.54182049,3.311039373,12.58194962,6.007448844,Tampa
PS - Domestic - REUSE,2,206-2,Howard F. Curren,2024,5,0.529063408,0.083840649,0.011564228,0.060712194,0.314726725,Tampa
PS - Domestic - SW,2,206-2,Howard F. Curren,2024,5,19.0084079,18.07356817,2.492905954,13.08775626,5.653815655,Tampa
PS - Domestic - REUSE,2,206-2,Howard F. Curren,2024,6,0.445781066,0.06957564,0.014909066,0.05218173,0.270505542,Tampa
PS - Domestic - SW,2,206-2,Howard F. Curren,2024,6,20.09196275,18.81521595,4.031831989,14.11141196,6.096027485,Tampa
PS - Domestic - REUSE,2,206-2,Howard F. Curren,2024,7,0.360384792,0.048643487,0.019034408,0.04018375,0.230236329,Tampa
PS - Domestic - SW,2,206-2,Howard F. Curren,2024,7,24.52526879,19.86201346,7.772092223,16.40775025,7.834137259,Tampa
PS - Domestic - REUSE,2,206-2,Howard F. Curren,2024,8,0.408473351,0.039414095,0.014332398,0.034039446,0.195031997,Tampa
PS - Domestic - SW,2,206-2,Howard F. Curren,2024,8,38.69928631,22.40484997,8.147218171,19.34964316,9.23879009,Tampa
PS - Domestic - REUSE,2,206-2,Howard F. Curren,2024,9,0.219016805,0.036502801,0.01064665,0.036502801,0.165573921,Tampa
PS - Domestic - SW,2,206-2,Howard F. Curren,2024,9,23.75235746,23.75235746,6.927770924,23.75235746,8.978240182,Tampa
PS - Domestic - REUSE,2,206-2,Howard F. Curren,2024,10,0.311229064,0.039271806,0.026181204,0.032726505,0.178133918,Tampa
PS - Domestic - SW,2,206-2,Howard F. Curren,2024,10,32.97223847,24.96320894,16.64213929,20.80267411,9.435934347,Tampa
PS - Domestic - REUSE,2,206-2,Howard F. Curren,2024,11,0.357592252,0.053984338,0.010796868,0.045346844,0.235074085,Tampa
PS - Domestic - SW,2,206-2,Howard F. Curren,2024,11,20.93728549,18.96493251,3.792986502,15.93054331,6.881879016,Tampa
PS - Domestic - REUSE,2,206-2,Howard F. Curren,2024,12,0.400646154,0.068770935,0.017747338,0.048805179,0.241501715,Tampa
PS - Domestic - SW,2,206-2,Howard F. Curren,2024,12,21.23930778,21.87437014,5.644998746,15.52374655,6.401320963,Tampa
PS - Domestic - REUSE,3,206-3C,MacDill AFB WWTP,2022,1,0.029536641,0.0105488,0.00428161,0.004911563,0.032810437,MacDill
PS - Domestic - REUSE,3,206-3C,MacDill AFB WWTP,2022,2,0.004636039,0.010141336,0.004971358,0.003570498,0.031543081,MacDill
PS - Domestic - REUSE,3,206-3C,MacDill AFB WWTP,2022,3,0.024168459,0.011748557,0.003891608,0.005773706,0.036542096,MacDill
PS - Domestic - REUSE,3,206-3C,MacDill AFB WWTP,2022,4,0.005903539,0.011479104,0.002941755,0.004962178,0.035704006,MacDill
PS - Domestic - REUSE,3,206-3C,MacDill AFB WWTP,2022,5,0.006414654,0.012472938,0.002355532,0.005247883,0.038795173,MacDill
PS - Domestic - REUSE,3,206-3C,MacDill AFB WWTP,2022,6,0.012437991,0.012092492,0.003089469,0.003180851,0.037611854,MacDill
PS - Domestic - REUSE,3,206-3C,MacDill AFB WWTP,2022,7,0.011176166,0.013038861,0.003680115,0.005588083,0.04055539,MacDill
PS - Domestic - REUSE,3,206-3C,MacDill AFB WWTP,2022,8,0.005525993,0.01208811,0.002355532,0.003453746,0.037598226,MacDill
PS - Domestic - REUSE,3,206-3C,MacDill AFB WWTP,2022,9,0.006449329,0.014107907,0.004736226,0.004030831,0.043880496,MacDill
PS - Domestic - REUSE,3,206-3C,MacDill AFB WWTP,2022,10,0.023151739,0.01421598,0.004843523,0.004061709,0.044216641,MacDill
PS - Domestic - REUSE,3,206-3C,MacDill AFB WWTP,2022,11,0.00778814,0.011851518,0.005614997,0.003386148,0.036862342,MacDill
PS - Domestic - REUSE,3,206-3C,MacDill AFB WWTP,2022,12,0.006065399,0.01179383,0.006258782,0.003369666,0.036682914,MacDill
PS - Domestic - REUSE,3,206-3C,MacDill AFB WWTP,2023,1,0.006173538,0.011024176,0.002722638,0.003812703,0.034289019,MacDill
PS - Domestic - REUSE,3,206-3C,MacDill AFB WWTP,2023,2,0.005030477,0.009568841,0.002799149,0.002733955,0.029762423,MacDill
PS - Domestic - REUSE,3,206-3C,MacDill AFB WWTP,2023,3,0.006315698,0.010526163,0.004091201,0.003170461,0.032740028,MacDill
PS - Domestic - REUSE,3,206-3C,MacDill AFB WWTP,2023,4,0.003904147,0.009901823,0.004893579,0.005087672,0.030798112,MacDill
PS - Domestic - REUSE,3,206-3C,MacDill AFB WWTP,2023,5,0.028079471,0.010345068,0.005970582,0.006293061,0.032176759,MacDill
PS - Domestic - REUSE,3,206-3C,MacDill AFB WWTP,2023,6,0.00588664,0.01084381,0.009547811,0.003098232,0.033728021,MacDill
PS - Domestic - REUSE,3,206-3C,MacDill AFB WWTP,2023,7,0.006362136,0.010503527,0.003114968,0.007768988,0.03266962,MacDill
PS - Domestic - REUSE,3,206-3C,MacDill AFB WWTP,2023,8,0.002671802,0.011544824,0.004555969,0.01478546,0.035908418,MacDill
PS - Domestic - REUSE,3,206-3C,MacDill AFB WWTP,2023,9,0.008770812,0.011369571,0.003390216,0.004176041,0.035363319,MacDill
PS - Domestic - REUSE,3,206-3C,MacDill AFB WWTP,2023,10,0.02119785,0.010752533,0.003132496,0.00399936,0.033444115,MacDill
PS - Domestic - REUSE,3,206-3C,MacDill AFB WWTP,2023,11,0.02302831,0.009595129,0.001934792,0.003336076,0.029844188,MacDill
PS - Domestic - REUSE,3,206-3C,MacDill AFB WWTP,2023,12,0.009340507,0.010028151,0.003735588,0.004931548,0.031191038,MacDill
PS - Domestic - REUSE,3,206-3C,MacDill AFB WWTP,2024,1,0.033842828,0.011612735,0.003351104,0.007487643,0.036119644,MacDill
PS - Domestic - REUSE,3,206-3C,MacDill AFB WWTP,2024,2,0.006416469,0.010694115,0.004229908,0.009118888,0.033262415,MacDill
PS - Domestic - REUSE,3,206-3C,MacDill AFB WWTP,2024,3,0.008677051,0.011680646,0.0050512,0.007102816,0.03633087,MacDill
PS - Domestic - REUSE,3,206-3C,MacDill AFB WWTP,2024,4,0.00786738,0.010756184,0.004910854,0.005777107,0.033455471,MacDill
PS - Domestic - REUSE,3,206-3C,MacDill AFB WWTP,2024,5,0.005685875,0.010050788,0.007491007,0.006754854,0.031261447,MacDill
PS - Domestic - REUSE,3,206-3C,MacDill AFB WWTP,2024,6,0.016155243,0.010668557,0.005088235,0.005035346,0.033182922,MacDill
PS - Domestic - REUSE,3,206-3C,MacDill AFB WWTP,2024,7,0.013401051,0.013401051,0.006112871,0.008307099,0.041681929,MacDill
PS - Domestic - REUSE,3,206-3C,MacDill AFB WWTP,2024,8,0.008956714,0.017611517,0.007030378,0.00860526,0.05477794,MacDill
PS - Domestic - REUSE,3,206-3C,MacDill AFB WWTP,2024,9,0.007003631,0.01726247,0.005517231,0.012180744,0.053692284,MacDill
PS - Domestic - REUSE,3,206-3C,MacDill AFB WWTP,2024,10,0.047622886,0.016026933,0.028935793,0.01316304,0.049849334,MacDill
PS - Domestic - REUSE,3,206-3C,MacDill AFB WWTP,2024,11,0.017955973,0.01428316,0.008325042,0.010747421,0.044425595,MacDill
PS - Domestic - REUSE,3,206-3C,MacDill AFB WWTP,2024,12,0.041644931,0.013084134,0.009495343,0.007476648,0.040696207,MacDill
PS - Domestic - REUSE,4,206-4,Manatee County North WRF,2022,1,0.366989595,0.19135886,0.005766979,0.002621354,0.285366312,Manatee Co.
PS - Domestic - SW,4,206-4,Manatee County North WRF,2022,1,0,0,0,0,0,Manatee Co.
PS - Domestic - REUSE,4,206-4,Manatee County North WRF,2022,2,0.438388456,0.183511447,0.007391433,0.00254877,0.277464643,Manatee Co.
PS - Domestic - SW,4,206-4,Manatee County North WRF,2022,2,0,0,0,0,0,Manatee Co.
PS - Domestic - REUSE,4,206-4,Manatee County North WRF,2022,3,0.262438113,0.205775339,0.006859178,0.002982251,0.324654346,Manatee Co.
PS - Domestic - SW,4,206-4,Manatee County North WRF,2022,3,0,0,0,0,0,Manatee Co.
PS - Domestic - REUSE,4,206-4,Manatee County North WRF,2022,4,0.309541498,0.264829948,0.007910505,0.00343935,0.374415101,Manatee Co.
PS - Domestic - SW,4,206-4,Manatee County North WRF,2022,4,0,0,0,0,0,Manatee Co.
PS - Domestic - REUSE,4,206-4,Manatee County North WRF,2022,5,0.500420601,0.34455189,0.009023978,0.004101808,0.446531742,Manatee Co.
PS - Domestic - SW,4,206-4,Manatee County North WRF,2022,5,0,0,0,0,0,Manatee Co.
PS - Domestic - REUSE,4,206-4,Manatee County North WRF,2022,6,0.440096594,0.241148818,0.007535901,0.00301436,0.328149796,Manatee Co.
PS - Domestic - SW,4,206-4,Manatee County North WRF,2022,6,0,0,0,0,0,Manatee Co.
PS - Domestic - REUSE,4,206-4,Manatee County North WRF,2022,7,0.395822552,0.206642656,0.006403012,0.00291046,0.316838984,Manatee Co.
PS - Domestic - SW,4,206-4,Manatee County North WRF,2022,7,0,0,0,0,0,Manatee Co.
PS - Domestic - REUSE,4,206-4,Manatee County North WRF,2022,8,0.727289014,0.21053103,0.005263276,0.002392398,0.260441645,Manatee Co.
PS - Domestic - SW,4,206-4,Manatee County North WRF,2022,8,0,0,0,0,0,Manatee Co.
PS - Domestic - REUSE,4,206-4,Manatee County North WRF,2022,9,0.251779195,0.068363887,0.001834153,0.000833706,0.090759038,Manatee Co.
PS - Domestic - SW,4,206-4,Manatee County North WRF,2022,9,0,0,0,0,0,Manatee Co.
PS - Domestic - REUSE,4,206-4,Manatee County North WRF,2022,10,0.524640802,0.112897388,0.003652563,0.001660256,0.180739038,Manatee Co.
PS - Domestic - SW,4,206-4,Manatee County North WRF,2022,10,0,0,0,0,0,Manatee Co.
PS - Domestic - REUSE,4,206-4,Manatee County North WRF,2022,11,0.726399477,0.196619407,0.006007815,0.002730825,0.297283546,Manatee Co.
PS - Domestic - SW,4,206-4,Manatee County North WRF,2022,11,0,0,0,0,0,Manatee Co.
PS - Domestic - REUSE,4,206-4,Manatee County North WRF,2022,12,0.606312189,0.178911793,0.005466749,0.002484886,0.270510084,Manatee Co.
PS - Domestic - SW,4,206-4,Manatee County North WRF,2022,12,0,0,0,0,0,Manatee Co.
PS - Domestic - REUSE,4,206-4,Manatee County North WRF,2023,1,0.421402261,0.170084045,0.005584849,0.002538568,0.276354003,Manatee Co.
PS - Domestic - SW,4,206-4,Manatee County North WRF,2023,1,0,0,0,0,0,Manatee Co.
PS - Domestic - REUSE,4,206-4,Manatee County North WRF,2023,2,0.459584783,0.212557962,0.006319291,0.002872405,0.31269623,Manatee Co.
PS - Domestic - SW,4,206-4,Manatee County North WRF,2023,2,0,0,0,0,0,Manatee Co.
PS - Domestic - REUSE,4,206-4,Manatee County North WRF,2023,3,0.62249952,0.324401158,0.010082739,0.008767599,0.477229919,Manatee Co.
PS - Domestic - SW,4,206-4,Manatee County North WRF,2023,3,0,0,0,0,0,Manatee Co.
PS - Domestic - REUSE,4,206-4,Manatee County North WRF,2023,4,0.610407947,0.368182571,0.010657917,0.004844508,0.5273836,Manatee Co.
PS - Domestic - SW,4,206-4,Manatee County North WRF,2023,4,0,0,0,0,0,Manatee Co.
PS - Domestic - REUSE,4,206-4,Manatee County North WRF,2023,5,0.440441843,0.177320742,0.006292026,0.002860012,0.311347109,Manatee Co.
PS - Domestic - SW,4,206-4,Manatee County North WRF,2023,5,0,0,0,0,0,Manatee Co.
PS - Domestic - REUSE,4,206-4,Manatee County North WRF,2023,6,0.179354434,0.060664,0.005802643,0.002637565,0.287131071,Manatee Co.
PS - Domestic - SW,4,206-4,Manatee County North WRF,2023,6,0,0,0,0,0,Manatee Co.
PS - Domestic - REUSE,4,206-4,Manatee County North WRF,2023,7,0.176169493,0.084938863,0.009123063,0.006291768,0.342467738,Manatee Co.
PS - Domestic - SW,4,206-4,Manatee County North WRF,2023,7,0,0,0,0,0,Manatee Co.
PS - Domestic - REUSE,4,206-4,Manatee County North WRF,2023,8,0.152337354,0.078888987,0.010337178,0.00272031,0.296138837,Manatee Co.
PS - Domestic - SW,4,206-4,Manatee County North WRF,2023,8,0,0,0,0,0,Manatee Co.
PS - Domestic - REUSE,4,206-4,Manatee County North WRF,2023,9,0.147560945,0.060760389,0.006510042,0.002170014,0.236232421,Manatee Co.
PS - Domestic - SW,4,206-4,Manatee County North WRF,2023,9,0,0,0,0,0,Manatee Co.
PS - Domestic - REUSE,4,206-4,Manatee County North WRF,2023,10,0.185144058,0.049846477,0.006883561,0.009494567,0.258399794,Manatee Co.
PS - Domestic - SW,4,206-4,Manatee County North WRF,2023,10,0,0,0,0,0,Manatee Co.
PS - Domestic - REUSE,4,206-4,Manatee County North WRF,2023,11,0.193825366,0.07806855,0.006730047,0.002692019,0.293059026,Manatee Co.
PS - Domestic - SW,4,206-4,Manatee County North WRF,2023,11,0,0,0,0,0,Manatee Co.
PS - Domestic - REUSE,4,206-4,Manatee County North WRF,2023,12,0.228936779,0.07631226,0.005020543,0.002008217,0.218618899,Manatee Co.
PS - Domestic - SW,4,206-4,Manatee County North WRF,2023,12,0,0,0,0,0,Manatee Co.
PS - Domestic - REUSE,4,206-4,Manatee County North WRF,2024,1,0.202160547,0.070316712,0.003222849,0.001464932,0.159475622,Manatee Co.
PS - Domestic - SW,4,206-4,Manatee County North WRF,2024,1,0,0,0,0,0,Manatee Co.
PS - Domestic - REUSE,4,206-4,Manatee County North WRF,2024,2,0.360302422,0.088874598,0.005284436,0.004804032,0.26148869,Manatee Co.
PS - Domestic - SW,4,206-4,Manatee County North WRF,2024,2,0,0,0,0,0,Manatee Co.
PS - Domestic - REUSE,4,206-4,Manatee County North WRF,2024,3,0.380054327,0.065645747,0.008292094,0.006910079,0.376123079,Manatee Co.
PS - Domestic - SW,4,206-4,Manatee County North WRF,2024,3,0,0,0,0,0,Manatee Co.
PS - Domestic - REUSE,4,206-4,Manatee County North WRF,2024,4,0.460185652,0.125832014,0.008628481,0.007190401,0.391381318,Manatee Co.
PS - Domestic - SW,4,206-4,Manatee County North WRF,2024,4,0,0,0,0,0,Manatee Co.
PS - Domestic - REUSE,4,206-4,Manatee County North WRF,2024,5,0.612826445,0.105055962,0.00963013,0.008754664,0.476525833,Manatee Co.
PS - Domestic - SW,4,206-4,Manatee County North WRF,2024,5,0,0,0,0,0,Manatee Co.
PS - Domestic - REUSE,4,206-4,Manatee County North WRF,2024,6,0.395011379,0.093555327,0.007623027,0.006930024,0.377208735,Manatee Co.
PS - Domestic - SW,4,206-4,Manatee County North WRF,2024,6,0,0,0,0,0,Manatee Co.
PS - Domestic - REUSE,4,206-4,Manatee County North WRF,2024,7,0.215649559,0.08131049,0.003888763,0.003535239,0.192426877,Manatee Co.
PS - Domestic - SW,4,206-4,Manatee County North WRF,2024,7,0,0,0,0,0,Manatee Co.
PS - Domestic - REUSE,4,206-4,Manatee County North WRF,2024,8,0.258386753,0.013364832,0.004900438,0.006682416,0.242487436,Manatee Co.
PS - Domestic - SW,4,206-4,Manatee County North WRF,2024,8,0,0,0,0,0,Manatee Co.
PS - Domestic - REUSE,4,206-4,Manatee County North WRF,2024,9,0.651257034,0.115266732,0.007204171,0.008645005,0.313704663,Manatee Co.
PS - Domestic - SW,4,206-4,Manatee County North WRF,2024,9,0,0,0,0,0,Manatee Co.
PS - Domestic - REUSE,4,206-4,Manatee County North WRF,2024,10,0.316658042,0.059373383,0.004354048,0.003958226,0.215450509,Manatee Co.
PS - Domestic - SW,4,206-4,Manatee County North WRF,2024,10,0,0,0,0,0,Manatee Co.
PS - Domestic - REUSE,4,206-4,Manatee County North WRF,2024,11,0.60785926,0.163917104,0.008537349,0.006829879,0.371757742,Manatee Co.
PS - Domestic - SW,4,206-4,Manatee County North WRF,2024,11,0,0,0,0,0,Manatee Co.
PS - Domestic - REUSE,4,206-4,Manatee County North WRF,2024,12,0.453290554,0.088303355,0.007358613,0.00588689,0.320429826,Manatee Co.
PS - Domestic - SW,4,206-4,Manatee County North WRF,2024,12,0,0,0,0,0,Manatee Co.
PS - Domestic - REUSE,7,202-7,Manatee County Southeast WRF,2022,1,1.667301604,0.029987439,0.023989951,0.017992463,0.652899534,Manatee Co.
PS - Domestic - REUSE,7,202-7,Manatee County Southeast WRF,2022,2,1.697258895,0.018315744,0.024420991,0.012210496,0.664630526,Manatee Co.
PS - Domestic - REUSE,7,202-7,Manatee County Southeast WRF,2022,3,2.157786542,0.035029002,0.028023202,0.049040603,0.76266664,Manatee Co.
PS - Domestic - REUSE,7,202-7,Manatee County Southeast WRF,2022,4,1.603759816,0.031323434,0.031323434,0.144087796,0.681987397,Manatee Co.
PS - Domestic - REUSE,7,202-7,Manatee County Southeast WRF,2022,5,0.99421829,0.031313962,0.019571226,0.086113395,0.42611323,Manatee Co.
PS - Domestic - REUSE,7,202-7,Manatee County Southeast WRF,2022,6,0.833255292,0.037033569,0.041662765,0.018516784,0.503944329,Manatee Co.
PS - Domestic - REUSE,7,202-7,Manatee County Southeast WRF,2022,7,0.794358946,0.053280173,0.024218261,0.009687304,0.527290479,Manatee Co.
PS - Domestic - REUSE,7,202-7,Manatee County Southeast WRF,2022,8,0.73827503,0.032380484,0.032380484,0.006476097,0.705001945,Manatee Co.
PS - Domestic - REUSE,7,202-7,Manatee County Southeast WRF,2022,9,1.011260274,0.092580166,0.028486205,0.014243102,0.775267519,Manatee Co.
PS - Domestic - REUSE,7,202-7,Manatee County Southeast WRF,2022,10,1.277063254,0.429013437,0.049885283,0.009977057,1.086124039,Manatee Co.
PS - Domestic - REUSE,7,202-7,Manatee County Southeast WRF,2022,11,1.386250192,0.136801006,0.063840469,0.009120067,0.992830289,Manatee Co.
PS - Domestic - REUSE,7,202-7,Manatee County Southeast WRF,2022,12,1.329549842,0.128422428,0.045325563,0.015108521,0.822373186,Manatee Co.
PS - Domestic - REUSE,7,202-7,Manatee County Southeast WRF,2023,1,1.908744306,0.109071103,0.061352496,0.040901664,0.74210731,Manatee Co.
PS - Domestic - REUSE,7,202-7,Manatee County Southeast WRF,2023,2,2.411544265,0.150721517,0.02870886,0.01435443,0.781327207,Manatee Co.
PS - Domestic - REUSE,7,202-7,Manatee County Southeast WRF,2023,3,3.130572204,0.100690919,0.073229759,0.0457686,0.99649381,Manatee Co.
PS - Domestic - REUSE,7,202-7,Manatee County Southeast WRF,2023,4,1.158692282,0.03770892,0.030852753,0.03770892,0.373188627,Manatee Co.
PS - Domestic - REUSE,7,202-7,Manatee County Southeast WRF,2023,5,1.606249209,0.110352999,0.036784333,0.006130722,0.667403719,Manatee Co.
PS - Domestic - REUSE,7,202-7,Manatee County Southeast WRF,2023,6,0.629039898,0.092304768,0.01367478,0.003418695,0.372166566,Manatee Co.
PS - Domestic - REUSE,7,202-7,Manatee County Southeast WRF,2023,7,1.751479866,0.155273038,0.024843686,0.037265529,0.676134393,Manatee Co.
PS - Domestic - REUSE,7,202-7,Manatee County Southeast WRF,2023,8,1.250100753,0.1666801,0.023811443,0.071434329,0.648041336,Manatee Co.
PS - Domestic - REUSE,7,202-7,Manatee County Southeast WRF,2023,9,1.025413246,0.187441131,0.022051898,0.011025949,0.60015436,Manatee Co.
PS - Domestic - REUSE,7,202-7,Manatee County Southeast WRF,2023,10,0.880032538,0.138290827,0.025143787,0.01885784,0.684301798,Manatee Co.
PS - Domestic - REUSE,7,202-7,Manatee County Southeast WRF,2023,11,0.75476676,0.069670778,0.023223593,0.011611796,0.632042671,Manatee Co.
PS - Domestic - REUSE,7,202-7,Manatee County Southeast WRF,2023,12,0.629179349,0.114782719,0.017004847,0.004251212,0.462796143,Manatee Co.
PS - Domestic - REUSE,7,202-7,Manatee County Southeast WRF,2024,1,0.930512849,0.114945705,0.02189442,0.005473605,0.595868517,Manatee Co.
PS - Domestic - REUSE,7,202-7,Manatee County Southeast WRF,2024,2,1.312992851,0.240498691,0.025999858,0.012999929,0.707600251,Manatee Co.
PS - Domestic - REUSE,7,202-7,Manatee County Southeast WRF,2024,3,1.08011437,0.067507148,0.022502383,0.011251191,0.612414553,Manatee Co.
PS - Domestic - REUSE,7,202-7,Manatee County Southeast WRF,2024,4,1.680395669,0.200916874,0.036530341,0.027397756,0.994193037,Manatee Co.
PS - Domestic - REUSE,7,202-7,Manatee County Southeast WRF,2024,5,1.477108868,0.249150893,0.035592985,0.017796492,0.968682388,Manatee Co.
PS - Domestic - REUSE,7,202-7,Manatee County Southeast WRF,2024,6,0.846211533,0.131308686,0.024316423,0.014589854,0.529427722,Manatee Co.
PS - Domestic - REUSE,7,202-7,Manatee County Southeast WRF,2024,7,0.884619423,0.114304757,0.02484886,0.009939544,0.541020168,Manatee Co.
PS - Domestic - REUSE,7,202-7,Manatee County Southeast WRF,2024,8,0.892535874,0.006562764,0.019688291,0.026251055,0.714436706,Manatee Co.
PS - Domestic - REUSE,7,202-7,Manatee County Southeast WRF,2024,9,1.210169243,0.122239318,0.024447864,0.024447864,0.665361867,Manatee Co.
PS - Domestic - REUSE,7,202-7,Manatee County Southeast WRF,2024,10,1.281765264,0.077469329,0.028170665,0.014085333,0.766679934,Manatee Co.
PS - Domestic - REUSE,7,202-7,Manatee County Southeast WRF,2024,11,1.740918214,0.233537809,0.04246142,0.02123071,1.155610575,Manatee Co.
PS - Domestic - REUSE,7,202-7,Manatee County Southeast WRF,2024,12,1.47493055,0.067726403,0.030100624,0.022575468,0.819204796,Manatee Co.
PS - Domestic - REUSE,2,02304500,NW Regional WWTP,2022,1,0.02164412,0.003369343,0.00196359,0.002231353,0.024290989,Polk Co.
PS - Domestic - REUSE,2,02304500,NW Regional WWTP,2022,2,0.020810769,0.002262815,0.000890872,0.001781744,0.019396451,Polk Co.
PS - Domestic - REUSE,2,02304500,NW Regional WWTP,2022,3,0.026688142,0.003218387,0.001185721,0.002258517,0.020488921,Polk Co.
PS - Domestic - REUSE,2,02304500,NW Regional WWTP,2022,4,0.020292853,0.003085463,0.002472326,0.002373433,0.021531424,Polk Co.
PS - Domestic - REUSE,2,02304500,NW Regional WWTP,2022,5,0.028428338,0.001382533,0.001209717,0.002160208,0.023516494,Polk Co.
PS - Domestic - REUSE,2,02304500,NW Regional WWTP,2022,6,0.023481466,0.003345589,0.001039003,0.002909208,0.022621622,Polk Co.
PS - Domestic - REUSE,2,02304500,NW Regional WWTP,2022,7,0.020828545,0.003220909,0.001223945,0.002576727,0.023375676,Polk Co.
PS - Domestic - REUSE,2,02304500,NW Regional WWTP,2022,8,0.019736282,0.002202119,0.000827864,0.002483593,0.018024618,Polk Co.
PS - Domestic - REUSE,2,02304500,NW Regional WWTP,2022,9,0.017583184,0.001367228,0.001367228,0.00206674,0.017306904,Polk Co.
PS - Domestic - REUSE,2,02304500,NW Regional WWTP,2022,10,0.016599323,0.004140291,0.001106622,0.001907968,0.020770556,Polk Co.
PS - Domestic - REUSE,2,02304500,NW Regional WWTP,2022,11,0.015816629,0.002124949,0.00311075,0.002190669,0.023848096,Polk Co.
PS - Domestic - REUSE,2,02304500,NW Regional WWTP,2022,12,0.015440184,0.002240601,0.001575076,0.002218417,0.024150172,Polk Co.
PS - Domestic - REUSE,2,02304500,NW Regional WWTP,2023,1,0.011104375,0.00062963,0.001583614,0.001907968,0.020770556,Polk Co.
PS - Domestic - REUSE,2,02304500,NW Regional WWTP,2023,2,0.029508016,0.005163903,0.000838296,0.00201191,0.018251743,Polk Co.
PS - Domestic - REUSE,2,02304500,NW Regional WWTP,2023,3,0.024893358,0.006032025,0.001125378,0.002250756,0.024502215,Polk Co.
PS - Domestic - REUSE,2,02304500,NW Regional WWTP,2023,4,0.017963108,0.007442516,0.001401214,0.002297073,0.025006432,Polk Co.
PS - Domestic - REUSE,2,02304500,NW Regional WWTP,2023,5,0.022057406,0.00672976,0.002880967,0.002250756,0.024502215,Polk Co.
PS - Domestic - REUSE,2,02304500,NW Regional WWTP,2023,6,0.015793095,0.010343024,0.001211127,0.002422254,0.02636918,Polk Co.
PS - Domestic - REUSE,2,02304500,NW Regional WWTP,2023,7,0.014646211,0.004147599,0.001447339,0.002160208,0.023516494,Polk Co.
PS - Domestic - REUSE,2,02304500,NW Regional WWTP,2023,8,0.015818932,0.005967866,0.001021895,0.00204379,0.022249138,Polk Co.
PS - Domestic - REUSE,2,02304500,NW Regional WWTP,2023,9,0.018109445,0.006015076,0.001070298,0.003853073,0.023302996,Polk Co.
PS - Domestic - REUSE,2,02304500,NW Regional WWTP,2023,10,0.023652855,0.005913214,0.001552504,0.003652951,0.024854258,Polk Co.
PS - Domestic - REUSE,2,02304500,NW Regional WWTP,2023,11,0.022623475,0.00327336,0.001740267,0.002486096,0.022553485,Polk Co.
PS - Domestic - REUSE,2,02304500,NW Regional WWTP,2023,12,0.023888538,0.003182232,0.00156932,0.005449028,0.02372772,Polk Co.
PS - Domestic - REUSE,2,02304500,NW Regional WWTP,2024,1,0.018551918,0.000789834,0.000991885,0.002387871,0.01999606,Polk Co.
PS - Domestic - REUSE,2,02304500,NW Regional WWTP,2024,2,0.016797898,0.001268591,0.00077282,0.003062117,0.015873747,Polk Co.
PS - Domestic - REUSE,2,02304500,NW Regional WWTP,2024,3,0.019229215,0.003141615,0.002024128,0.00442778,0.022953224,Polk Co.
PS - Domestic - REUSE,2,02304500,NW Regional WWTP,2024,4,0.019527121,0.00347415,0.001098151,0.00419294,0.021735836,Polk Co.
PS - Domestic - REUSE,2,02304500,NW Regional WWTP,2024,5,0.02385801,0.005292639,0.00137115,0.00685575,0.029853273,Polk Co.
PS - Domestic - REUSE,2,02304500,NW Regional WWTP,2024,6,0.022041383,0.004906472,0.001710975,0.006541963,0.027391241,Polk Co.
PS - Domestic - REUSE,2,02304500,NW Regional WWTP,2024,7,0.029153107,0.003880613,0.001503738,0.008488842,0.026403249,Polk Co.
PS - Domestic - REUSE,2,02304500,NW Regional WWTP,2024,8,0.015697339,0.001792843,0.001394434,0.003784892,0.021685868,Polk Co.
PS - Domestic - REUSE,2,02304500,NW Regional WWTP,2024,9,0.020506537,0.002180654,0.001614523,0.00251614,0.022826034,Polk Co.
PS - Domestic - REUSE,2,02304500,NW Regional WWTP,2024,10,0.019156259,0.002024645,0.001771565,0.003698871,0.021193008,Polk Co.
PS - Domestic - REUSE,2,02304500,NW Regional WWTP,2024,11,0.01310045,0.002566462,0.001647133,0.002298325,0.020850049,Polk Co.
PS - Domestic - REUSE,2,02304500,NW Regional WWTP,2024,12,0.018493063,0.001050223,0.001484011,0.002511404,0.024854258,Polk Co.
PS - Domestic - REUSE,1,206-1,Northwest Regional WRF,2022,1,0.602695716,0.008680803,0.01612149,0.032863038,0.675007854,Hillsborough Co.
PS - Domestic - SW,1,206-1,Northwest Regional WRF,2022,1,0.834230954,0.072094033,0.133888919,0.272927411,0.46716148,Hillsborough Co.
PS - Domestic - REUSE,1,206-1,Northwest Regional WRF,2022,2,0.61199364,0.012142731,0.016999823,0.055249426,0.66094202,Hillsborough Co.
PS - Domestic - SW,1,206-1,Northwest Regional WRF,2022,2,0.612994688,0.072975558,0.102165781,0.33203879,0.331011567,Hillsborough Co.
PS - Domestic - REUSE,1,206-1,Northwest Regional WRF,2022,3,0.479466066,0.019800959,0.017679427,0.057988521,0.769848323,Hillsborough Co.
PS - Domestic - SW,1,206-1,Northwest Regional WRF,2022,3,0.505016541,0.125136842,0.111729323,0.36647218,0.405436552,Hillsborough Co.
PS - Domestic - REUSE,1,206-1,Northwest Regional WRF,2022,4,0.461940691,0.027689427,0.018909853,0.039845761,0.735202719,Hillsborough Co.
PS - Domestic - SW,1,206-1,Northwest Regional WRF,2022,4,0.58366927,0.209916141,0.143357364,0.302074447,0.464470052,Hillsborough Co.
PS - Domestic - REUSE,1,206-1,Northwest Regional WRF,2022,5,0.745603956,0.036733109,0.020320443,0.042203998,0.850818286,Hillsborough Co.
PS - Domestic - SW,1,206-1,Northwest Regional WRF,2022,5,0.608584935,0.179896176,0.099517033,0.206689223,0.347232057,Hillsborough Co.
PS - Domestic - REUSE,1,206-1,Northwest Regional WRF,2022,6,0.587484789,0.019582826,0.019582826,0.034969333,0.761367486,Hillsborough Co.
PS - Domestic - SW,1,206-1,Northwest Regional WRF,2022,6,0.585872456,0.117174491,0.117174491,0.209240163,0.37963897,Hillsborough Co.
PS - Domestic - REUSE,1,206-1,Northwest Regional WRF,2022,7,0.563362596,0.007879197,0.021011192,0.034143188,0.714788749,Hillsborough Co.
PS - Domestic - SW,1,206-1,Northwest Regional WRF,2022,7,0.953735732,0.080033768,0.213423381,0.346812994,0.605045112,Hillsborough Co.
PS - Domestic - REUSE,1,206-1,Northwest Regional WRF,2022,8,0.680155085,0.021338199,0.018004105,0.034674573,0.725913318,Hillsborough Co.
PS - Domestic - SW,1,206-1,Northwest Regional WRF,2022,8,1.133371907,0.213340594,0.180006126,0.346678466,0.604810417,Hillsborough Co.
PS - Domestic - REUSE,1,206-1,Northwest Regional WRF,2022,9,0.51844267,0.030686638,0.011709375,0.01574709,0.439554471,Hillsborough Co.
PS - Domestic - SW,1,206-1,Northwest Regional WRF,2022,9,2.743167954,0.97420918,0.371737713,0.499923132,1.162878566,Hillsborough Co.
PS - Domestic - REUSE,1,206-1,Northwest Regional WRF,2022,10,0.643728544,0.022351686,0.026822023,0.037039936,0.69521514,Hillsborough Co.
PS - Domestic - SW,1,206-1,Northwest Regional WRF,2022,10,1.07353285,0.223652677,0.268383213,0.370624436,0.579697994,Hillsborough Co.
PS - Domestic - REUSE,1,206-1,Northwest Regional WRF,2022,11,0.452522067,0.007542034,0.02478097,0.025858404,0.58645874,Hillsborough Co.
PS - Domestic - SW,1,206-1,Northwest Regional WRF,2022,11,1.072726684,0.107272668,0.352467339,0.367792006,0.695115206,Hillsborough Co.
PS - Domestic - REUSE,1,206-1,Northwest Regional WRF,2022,12,0.512163725,0.013800819,0.028112779,0.019934516,0.556439665,Hillsborough Co.
PS - Domestic - SW,1,206-1,Northwest Regional WRF,2022,12,1.392686126,0.225164823,0.458669084,0.325238077,0.756541086,Hillsborough Co.
PS - Domestic - REUSE,1,206-1,Northwest Regional WRF,2023,1,0.523646848,0.008429921,0.032727928,0.027273273,0.539823221,Hillsborough Co.
PS - Domestic - SW,1,206-1,Northwest Regional WRF,2023,1,1.516005548,0.146432354,0.56850208,0.473751734,0.781418814,Hillsborough Co.
PS - Domestic - REUSE,1,206-1,Northwest Regional WRF,2023,2,0.525194437,0.010165054,0.038401314,0.044613291,0.614772107,Hillsborough Co.
PS - Domestic - SW,1,206-1,Northwest Regional WRF,2023,2,0.722570188,0.083911377,0.316998534,0.368277709,0.422906229,Hillsborough Co.
PS - Domestic - REUSE,1,206-1,Northwest Regional WRF,2023,3,0.976794595,0.015015451,0.056900656,0.052949222,0.860323456,Hillsborough Co.
PS - Domestic - SW,1,206-1,Northwest Regional WRF,2023,3,0.514551208,0.047458607,0.179843141,0.167354034,0.226598548,Hillsborough Co.
PS - Domestic - REUSE,1,206-1,Northwest Regional WRF,2023,4,1.216009316,0.011307669,0.045230676,0.052189241,0.94690567,Hillsborough Co.
PS - Domestic - SW,1,206-1,Northwest Regional WRF,2023,4,0.258129631,0.014402082,0.05760833,0.06647115,0.100502689,Hillsborough Co.
PS - Domestic - REUSE,1,206-1,Northwest Regional WRF,2023,5,1.161113635,0.014393971,0.053577558,0.042382247,0.870532712,Hillsborough Co.
PS - Domestic - SW,1,206-1,Northwest Regional WRF,2023,5,0.340583316,0.025332643,0.094293728,0.074590561,0.127674376,Hillsborough Co.
PS - Domestic - REUSE,1,206-1,Northwest Regional WRF,2023,6,0.744592543,0.010909781,0.035456788,0.043639123,0.74228901,Hillsborough Co.
PS - Domestic - SW,1,206-1,Northwest Regional WRF,2023,6,0.553853642,0.04869043,0.158243898,0.19476172,0.276070097,Hillsborough Co.
PS - Domestic - REUSE,1,206-1,Northwest Regional WRF,2023,7,0.67915117,0.009966579,0.029187839,0.051968591,0.774988156,Hillsborough Co.
PS - Domestic - SW,1,206-1,Northwest Regional WRF,2023,7,0.478188568,0.042104654,0.123306486,0.219545695,0.27283357,Hillsborough Co.
PS - Domestic - REUSE,1,206-1,Northwest Regional WRF,2023,8,0.556833076,0.009803399,0.028103078,0.045749196,0.711479542,Hillsborough Co.
PS - Domestic - SW,1,206-1,Northwest Regional WRF,2023,8,0.824733799,0.087119768,0.249743334,0.406558915,0.526891496,Hillsborough Co.
PS - Domestic - REUSE,1,206-1,Northwest Regional WRF,2023,9,0.745310581,0.018031708,0.018699549,0.050755918,0.727026229,Hillsborough Co.
PS - Domestic - SW,1,206-1,Northwest Regional WRF,2023,9,0.912254564,0.13242405,0.137328644,0.372749177,0.444937327,Hillsborough Co.
PS - Domestic - REUSE,1,206-1,Northwest Regional WRF,2023,10,0.769659101,0.024051847,0.027696066,0.070697853,0.793435226,Hillsborough Co.
PS - Domestic - SW,1,206-1,Northwest Regional WRF,2023,10,0.639276705,0.119864382,0.138025652,0.352328639,0.329512544,Hillsborough Co.
PS - Domestic - REUSE,1,206-1,Northwest Regional WRF,2023,11,0.482983128,0.019430356,0.023594003,0.105479074,0.755439531,Hillsborough Co.
PS - Domestic - SW,1,206-1,Northwest Regional WRF,2023,11,0.350537047,0.084612391,0.102743617,0.459324406,0.274139537,Hillsborough Co.
PS - Domestic - REUSE,1,206-1,Northwest Regional WRF,2023,12,0.462246233,0.014445195,0.018190245,0.058850794,0.582420462,Hillsborough Co.
PS - Domestic - SW,1,206-1,Northwest Regional WRF,2023,12,1.057824128,0.198342024,0.24976403,0.808060098,0.666417997,Hillsborough Co.
PS - Domestic - REUSE,1,206-1,Northwest Regional WRF,2024,1,0.428801167,0.013376151,0.018726611,0.056562008,0.416044791,Hillsborough Co.
PS - Domestic - SW,1,206-1,Northwest Regional WRF,2024,1,2.100586302,0.393157864,0.55042101,1.662496111,1.019048052,Hillsborough Co.
PS - Domestic - REUSE,1,206-1,Northwest Regional WRF,2024,2,0.434523995,0.00960274,0.020405823,0.034809933,0.435572974,Hillsborough Co.
PS - Domestic - SW,1,206-1,Northwest Regional WRF,2024,2,1.746725573,0.231610021,0.492171294,0.839586325,0.87547116,Hillsborough Co.
PS - Domestic - REUSE,1,206-1,Northwest Regional WRF,2024,3,0.531275357,0.014757649,0.023612238,0.057259677,0.642619869,Hillsborough Co.
PS - Domestic - SW,1,206-1,Northwest Regional WRF,2024,3,1.066974614,0.177829102,0.284526564,0.689976917,0.645295398,Hillsborough Co.
PS - Domestic - REUSE,1,206-1,Northwest Regional WRF,2024,4,0.498491561,0.0121758,0.044405858,0.071622351,0.779696451,Hillsborough Co.
PS - Domestic - SW,1,206-1,Northwest Regional WRF,2024,4,0.449570297,0.065885302,0.240287573,0.387560601,0.351589067,Hillsborough Co.
PS - Domestic - REUSE,1,206-1,Northwest Regional WRF,2024,5,0.491925939,0.018219479,0.028240193,0.080165709,0.991706021,Hillsborough Co.
PS - Domestic - SW,1,206-1,Northwest Regional WRF,2024,5,0.044937502,0.009986111,0.015478473,0.04393889,0.04529624,Hillsborough Co.
PS - Domestic - REUSE,1,206-1,Northwest Regional WRF,2024,6,0.528205667,0.013244095,0.021813803,0.063883281,0.848106417,Hillsborough Co.
PS - Domestic - SW,1,206-1,Northwest Regional WRF,2024,6,0.341188525,0.051329247,0.084542289,0.247588133,0.273912412,Hillsborough Co.
PS - Domestic - REUSE,1,206-1,Northwest Regional WRF,2024,7,0.383107334,0.007478071,0.015531378,0.031637993,0.626214651,Hillsborough Co.
PS - Domestic - SW,1,206-1,Northwest Regional WRF,2024,7,0.885187286,0.103670583,0.215315826,0.438606313,0.723449014,Hillsborough Co.
PS - Domestic - REUSE,1,206-1,Northwest Regional WRF,2024,8,0.371489555,0.007392827,0.013861551,0.020792326,0.50299949,Hillsborough Co.
PS - Domestic - SW,1,206-1,Northwest Regional WRF,2024,8,1.842021041,0.219942811,0.41239277,0.618589156,1.247054773,Hillsborough Co.
PS - Domestic - REUSE,1,206-1,Northwest Regional WRF,2024,9,0.471973328,0.004437356,0.01210188,0.019766404,0.439145646,Hillsborough Co.
PS - Domestic - SW,1,206-1,Northwest Regional WRF,2024,9,2.76812906,0.15615087,0.425866009,0.695581149,1.287797162,Hillsborough Co.
PS - Domestic - REUSE,1,206-1,Northwest Regional WRF,2024,10,0.416234578,0.013633888,0.010425914,0.024861796,0.436533712,Hillsborough Co.
PS - Domestic - SW,1,206-1,Northwest Regional WRF,2024,10,2.479728685,0.487345522,0.372675987,0.888688893,1.300330662,Hillsborough Co.
PS - Domestic - REUSE,1,206-1,Northwest Regional WRF,2024,11,0.576793824,0.023226597,0.019355498,0.041291728,0.702360484,Hillsborough Co.
PS - Domestic - SW,1,206-1,Northwest Regional WRF,2024,11,0.754845624,0.182378808,0.15198234,0.324228993,0.459586871,Hillsborough Co.
PS - Domestic - REUSE,1,206-1,Northwest Regional WRF,2024,12,0.634712716,0.012483998,0.020368628,0.06044883,0.715281609,Hillsborough Co.
PS - Domestic - SW,1,206-1,Northwest Regional WRF,2024,12,0.75973094,0.089657689,0.146283597,0.434131966,0.428084672,Hillsborough Co.
PS - Domestic - REUSE,1,206-1,On Top Of The World WWTP,2022,1,0.075788377,0.000224558,0.001796465,0.003789419,0.03055736,Pinellas Co.
PS - Domestic - REUSE,1,206-1,On Top Of The World WWTP,2022,2,0.083469738,0.000437959,0.002189793,0.004379585,0.02804536,Pinellas Co.
PS - Domestic - REUSE,1,206-1,On Top Of The World WWTP,2022,3,0.083448707,0.00347703,0.001622614,0.003766782,0.031543081,Pinellas Co.
PS - Domestic - REUSE,1,206-1,On Top Of The World WWTP,2022,4,0.064075184,0.000224825,0.001911014,0.003934441,0.0305937,Pinellas Co.
PS - Domestic - REUSE,1,206-1,On Top Of The World WWTP,2022,5,0.033124915,0.000200757,0.001606057,0.002509463,0.027318561,Pinellas Co.
PS - Domestic - REUSE,1,206-1,On Top Of The World WWTP,2022,6,0.019190258,0.000228456,0.001416424,0.007082119,0.024870157,Pinellas Co.
PS - Domestic - REUSE,1,206-1,On Top Of The World WWTP,2022,7,0.06492654,0.003329566,0.001581544,0.008046452,0.030205317,Pinellas Co.
PS - Domestic - REUSE,1,206-1,On Top Of The World WWTP,2022,8,0.073421203,0.008537349,0.001565181,0.007057542,0.030979812,Pinellas Co.
PS - Domestic - REUSE,1,206-1,On Top Of The World WWTP,2022,9,0.094261348,0.00628409,0.00207375,0.006535453,0.034204983,Pinellas Co.
PS - Domestic - REUSE,1,206-1,On Top Of The World WWTP,2022,10,0.038837177,0.000458495,0.00204974,0.005070409,0.029360413,Pinellas Co.
PS - Domestic - REUSE,1,206-1,On Top Of The World WWTP,2022,11,0.044426763,0.00022783,0.00327505,0.004214847,0.031002524,Pinellas Co.
PS - Domestic - REUSE,1,206-1,On Top Of The World WWTP,2022,12,0.050754541,0.000233354,0.002858589,0.002916928,0.031754307,Pinellas Co.
PS - Domestic - REUSE,1,206-1,On Top Of The World WWTP,2023,1,0.052667683,0.00024215,0.00223989,0.003813867,0.032951254,Pinellas Co.
PS - Domestic - REUSE,1,206-1,On Top Of The World WWTP,2023,2,0.066165207,0.000205163,0.001692598,0.002564543,0.027918171,Pinellas Co.
PS - Domestic - REUSE,1,206-1,On Top Of The World WWTP,2023,3,0.10415566,0.000313036,0.001792843,0.009675662,0.030979812,Pinellas Co.
PS - Domestic - REUSE,1,206-1,On Top Of The World WWTP,2023,4,0.049631792,0.000284349,0.001576843,0.004135983,0.028140753,Pinellas Co.
PS - Domestic - REUSE,1,206-1,On Top Of The World WWTP,2023,5,0.032783421,0.000273195,0.002582936,0.003725389,0.027036927,Pinellas Co.
PS - Domestic - REUSE,1,206-1,On Top Of The World WWTP,2023,6,0.033517232,0.002287684,0.001888669,0.005932018,0.028958402,Pinellas Co.
PS - Domestic - REUSE,1,206-1,On Top Of The World WWTP,2023,7,0.029566392,0.000363096,0.001867351,0.007261921,0.028233874,Pinellas Co.
PS - Domestic - REUSE,1,206-1,On Top Of The World WWTP,2023,8,0.056094265,0.000614366,0.001522559,0.010524353,0.029078778,Pinellas Co.
PS - Domestic - REUSE,1,206-1,On Top Of The World WWTP,2023,9,0.071308146,0.000303439,0.001744774,0.005183748,0.027527516,Pinellas Co.
PS - Domestic - REUSE,1,206-1,On Top Of The World WWTP,2023,10,0.080716756,0.000376678,0.001775769,0.009255521,0.029290004,Pinellas Co.
PS - Domestic - REUSE,1,206-1,On Top Of The World WWTP,2023,11,0.086014419,0.000204796,0.001510372,0.011212594,0.027868203,Pinellas Co.
PS - Domestic - REUSE,1,206-1,On Top Of The World WWTP,2023,12,0.122332452,0.001320961,0.001665559,0.013066025,0.031261447,Pinellas Co.
PS - Domestic - REUSE,1,206-1,On Top Of The World WWTP,2024,1,0.180060455,0.001320443,0.003151058,0.010683587,0.03266962,Pinellas Co.
PS - Domestic - REUSE,1,206-1,On Top Of The World WWTP,2024,2,0.33452764,0.000718487,0.001609411,0.008334452,0.03128643,Pinellas Co.
PS - Domestic - REUSE,1,206-1,On Top Of The World WWTP,2024,3,0.247412379,0.000249912,0.002624071,0.012589292,0.034007384,Pinellas Co.
PS - Domestic - REUSE,1,206-1,On Top Of The World WWTP,2024,4,0.158096184,0.000244479,0.001602693,0.008529588,0.029571639,Pinellas Co.
PS - Domestic - REUSE,1,206-1,On Top Of The World WWTP,2024,5,0.086087524,0.000705237,0.001969799,0.010943329,0.026473657,Pinellas Co.
PS - Domestic - REUSE,1,206-1,On Top Of The World WWTP,2024,6,0.073546384,0.000408591,0.001378995,0.009448667,0.027800066,Pinellas Co.
PS - Domestic - REUSE,1,206-1,On Top Of The World WWTP,2024,7,0.065465946,0.000467614,0.00211985,0.008541747,0.033936976,Pinellas Co.
PS - Domestic - REUSE,1,206-1,On Top Of The World WWTP,2024,8,0.054534258,0.000632281,0.002726713,0.01027457,0.043019693,Pinellas Co.
PS - Domestic - REUSE,1,206-1,On Top Of The World WWTP,2024,9,0.148313283,0.006128928,0.002573473,0.008973292,0.036862342,Pinellas Co.
PS - Domestic - REUSE,1,206-1,On Top Of The World WWTP,2024,10,0.192788866,0.00521244,0.00282043,0.011781542,0.038865582,Pinellas Co.
PS - Domestic - REUSE,1,206-1,On Top Of The World WWTP,2024,11,0.140453164,0.000523257,0.002643824,0.012530625,0.029980463,Pinellas Co.
PS - Domestic - REUSE,1,206-1,On Top Of The World WWTP,2024,12,0.13029159,0.000219901,0.002501379,0.015118223,0.029923682,Pinellas Co.
PS - Domestic - REUSE,2,02304500,Pasco Reuse,2022,1,0.232927248,0,0,0,0.140872026,Pasco Co.
PS - Domestic - REUSE,2,02304500,Pasco Reuse,2022,2,0.232927248,0,0,0,0.140872026,Pasco Co.
PS - Domestic - REUSE,2,02304500,Pasco Reuse,2022,3,0.232927248,0,0,0,0.140872026,Pasco Co.
PS - Domestic - REUSE,2,02304500,Pasco Reuse,2022,4,0.232927248,0,0,0,0.140872026,Pasco Co.
PS - Domestic - REUSE,2,02304500,Pasco Reuse,2022,5,0.232927248,0,0,0,0.140872026,Pasco Co.
PS - Domestic - REUSE,2,02304500,Pasco Reuse,2022,6,0.232927248,0,0,0,0.140872026,Pasco Co.
PS - Domestic - REUSE,2,02304500,Pasco Reuse,2022,7,0.232927248,0,0,0,0.140872026,Pasco Co.
PS - Domestic - REUSE,2,02304500,Pasco Reuse,2022,8,0.232927248,0,0,0,0.140872026,Pasco Co.
PS - Domestic - REUSE,2,02304500,Pasco Reuse,2022,9,0.232927248,0,0,0,0.140872026,Pasco Co.
PS - Domestic - REUSE,2,02304500,Pasco Reuse,2022,10,0.232927248,0,0,0,0.140872026,Pasco Co.
PS - Domestic - REUSE,2,02304500,Pasco Reuse,2022,11,0.232927248,0,0,0,0.140872026,Pasco Co.
PS - Domestic - REUSE,2,02304500,Pasco Reuse,2022,12,0.232927248,0,0,0,0.140872026,Pasco Co.
PS - Domestic - REUSE,2,02304500,Pasco Reuse,2023,1,0.163530915,0,0,0,0.098901838,Pasco Co.
PS - Domestic - REUSE,2,02304500,Pasco Reuse,2023,2,0.163530915,0,0,0,0.098901838,Pasco Co.
PS - Domestic - REUSE,2,02304500,Pasco Reuse,2023,3,0.163530915,0,0,0,0.098901838,Pasco Co.
PS - Domestic - REUSE,2,02304500,Pasco Reuse,2023,4,0.163530915,0,0,0,0.098901838,Pasco Co.
PS - Domestic - REUSE,2,02304500,Pasco Reuse,2023,5,0.163530915,0,0,0,0.098901838,Pasco Co.
PS - Domestic - REUSE,2,02304500,Pasco Reuse,2023,6,0.163530915,0,0,0,0.098901838,Pasco Co.
PS - Domestic - REUSE,2,02304500,Pasco Reuse,2023,7,0.163530915,0,0,0,0.098901838,Pasco Co.
PS - Domestic - REUSE,2,02304500,Pasco Reuse,2023,8,0.163530915,0,0,0,0.098901838,Pasco Co.
PS - Domestic - REUSE,2,02304500,Pasco Reuse,2023,9,0.163530915,0,0,0,0.098901838,Pasco Co.
PS - Domestic - REUSE,2,02304500,Pasco Reuse,2023,10,0.163530915,0,0,0,0.098901838,Pasco Co.
PS - Domestic - REUSE,2,02304500,Pasco Reuse,2023,11,0.163530915,0,0,0,0.098901838,Pasco Co.
PS - Domestic - REUSE,2,02304500,Pasco Reuse,2023,12,0.163530915,0,0,0,0.098901838,Pasco Co.
PS - Domestic - REUSE,2,02304500,Pasco Reuse,2024,1,0.107762749,0,0,0,0.065173817,Pasco Co.
PS - Domestic - REUSE,2,02304500,Pasco Reuse,2024,2,0.107762749,0,0,0,0.065173817,Pasco Co.
PS - Domestic - REUSE,2,02304500,Pasco Reuse,2024,3,0.107762749,0,0,0,0.065173817,Pasco Co.
PS - Domestic - REUSE,2,02304500,Pasco Reuse,2024,4,0.107762749,0,0,0,0.065173817,Pasco Co.
PS - Domestic - REUSE,2,02304500,Pasco Reuse,2024,5,0.107762749,0,0,0,0.065173817,Pasco Co.
PS - Domestic - REUSE,2,02304500,Pasco Reuse,2024,6,0.107762749,0,0,0,0.065173817,Pasco Co.
PS - Domestic - REUSE,2,02304500,Pasco Reuse,2024,7,0.107762749,0,0,0,0.065173817,Pasco Co.
PS - Domestic - REUSE,2,02304500,Pasco Reuse,2024,8,0.107762749,0,0,0,0.065173817,Pasco Co.
PS - Domestic - REUSE,2,02304500,Pasco Reuse,2024,9,0.107762749,0,0,0,0.065173817,Pasco Co.
PS - Domestic - REUSE,2,02304500,Pasco Reuse,2024,10,0.107762749,0,0,0,0.065173817,Pasco Co.
PS - Domestic - REUSE,2,02304500,Pasco Reuse,2024,11,0.107762749,0,0,0,0.065173817,Pasco Co.
PS - Domestic - REUSE,2,02304500,Pasco Reuse,2024,12,0.107762749,0,0,0,0.065173817,Pasco Co.
PS - Domestic - REUSE,2,02304500,Plant City WRF,2022,1,0.08209903,0.00252408,0.025240802,0.013284633,0.144619394,Plant City
PS - Domestic - SW,2,02304500,Plant City WRF,2022,1,0.504825098,0.093123076,0.931230762,0.490121454,0.444630708,Plant City
PS - Domestic - REUSE,2,02304500,Plant City WRF,2022,2,0.054925149,0.002112506,0.019951443,0.011736143,0.127762198,Plant City
PS - Domestic - SW,2,02304500,Plant City WRF,2022,2,0.371271038,0.085677932,0.809180468,0.475988511,0.431809518,Plant City
PS - Domestic - REUSE,2,02304500,Plant City WRF,2022,3,0.065233109,0.002121402,0.019888143,0.013258762,0.14433776,Plant City
PS - Domestic - SW,2,02304500,Plant City WRF,2022,3,0.444645841,0.086760164,0.813376538,0.542251025,0.49192186,Plant City
PS - Domestic - REUSE,2,02304500,Plant City WRF,2022,4,0.077750966,0.002190168,0.025551961,0.0182514,0.198688705,Plant City
PS - Domestic - SW,2,02304500,Plant City WRF,2022,4,0.277212234,0.046852772,0.546615672,0.390439766,0.354201001,Plant City
PS - Domestic - REUSE,2,02304500,Plant City WRF,2022,5,0.061975334,0.001180483,0.017707238,0.009837355,0.107091577,Plant City
PS - Domestic - SW,2,02304500,Plant City WRF,2022,5,0.505391667,0.057759048,0.866385715,0.481325397,0.43665106,Plant City
PS - Domestic - REUSE,2,02304500,Plant City WRF,2022,6,0.024058801,0.00078113,0.008332052,0.004686779,0.05669033,Plant City
PS - Domestic - SW,2,02304500,Plant City WRF,2022,6,0.418522888,0.081530433,0.869657948,0.489182596,0.493087767,Plant City
PS - Domestic - REUSE,2,02304500,Plant City WRF,2022,7,0.029756542,0.001157199,0.008265706,0.00385733,0.059988181,Plant City
PS - Domestic - SW,2,02304500,Plant City WRF,2022,7,0.511658857,0.119387067,0.852764762,0.397956889,0.515743458,Plant City
PS - Domestic - REUSE,2,02304500,Plant City WRF,2022,8,0.025020642,0.000270285,0.006177936,0.002316726,0.042033972,Plant City
PS - Domestic - SW,2,02304500,Plant City WRF,2022,8,0.715134933,0.046351338,1.05945916,0.397297185,0.600703245,Plant City
PS - Domestic - REUSE,2,02304500,Plant City WRF,2022,9,0.01968898,0.000321715,0.002895438,0.002895438,0.035022632,Plant City
PS - Domestic - SW,2,02304500,Plant City WRF,2022,9,0.783856337,0.076848661,0.691637945,0.691637945,0.697159328,Plant City
PS - Domestic - REUSE,2,02304500,Plant City WRF,2022,10,0.05775051,0.002547817,0.01792908,0.01132363,0.10272624,Plant City
PS - Domestic - SW,2,02304500,Plant City WRF,2022,10,0.660627839,0.174872075,1.230581269,0.777209222,0.587560294,Plant City
PS - Domestic - REUSE,2,02304500,Plant City WRF,2022,11,0.041508041,0.000756657,0.016214078,0.014052201,0.117673317,Plant City
PS - Domestic - SW,2,02304500,Plant City WRF,2022,11,0.324789804,0.035523885,0.761226103,0.659729289,0.460381807,Plant City
PS - Domestic - REUSE,2,02304500,Plant City WRF,2022,12,0.025816556,0.00054542,0.007878292,0.011514426,0.065972917,Plant City
PS - Domestic - SW,2,02304500,Plant City WRF,2022,12,0.404376717,0.051259021,0.740408073,1.082134876,0.51668224,Plant City
PS - Domestic - REUSE,2,02304500,Plant City WRF,2023,1,0.059007053,0.001184881,0.016588328,0.016588328,0.128988671,Plant City
PS - Domestic - SW,2,02304500,Plant City WRF,2023,1,0.364392172,0.043902671,0.614637398,0.614637398,0.398278338,Plant City
PS - Domestic - REUSE,2,02304500,Plant City WRF,2023,2,0.07255495,0.002183367,0.028551716,0.015115615,0.1828354,Plant City
PS - Domestic - SW,2,02304500,Plant City WRF,2023,2,0.16866397,0.030453217,0.398234374,0.210829963,0.21251303,Plant City
PS - Domestic - REUSE,2,02304500,Plant City WRF,2023,3,0.076519484,0.001452902,0.019372021,0.011300346,0.175740023,Plant City
PS - Domestic - SW,2,02304500,Plant City WRF,2023,3,0.238408062,0.027160412,0.362138829,0.21124765,0.273772352,Plant City
PS - Domestic - REUSE,2,02304500,Plant City WRF,2023,4,0.058212203,0.001039504,0.027720097,0.022522579,0.188604368,Plant City
PS - Domestic - SW,2,02304500,Plant City WRF,2023,4,0.141464627,0.015156924,0.404184648,0.328400026,0.229168843,Plant City
PS - Domestic - REUSE,2,02304500,Plant City WRF,2023,5,0.070627161,0.001618539,0.027956585,0.01765679,0.160179709,Plant City
PS - Domestic - SW,2,02304500,Plant City WRF,2023,5,0.261605075,0.035970698,0.621312053,0.392407612,0.296655168,Plant City
PS - Domestic - REUSE,2,02304500,Plant City WRF,2023,6,0.060505646,0.001578408,0.014907188,0.011399614,0.09546052,Plant City
PS - Domestic - SW,2,02304500,Plant City WRF,2023,6,0.632696437,0.099030747,0.935290385,0.715222059,0.499106572,Plant City
PS - Domestic - REUSE,2,02304500,Plant City WRF,2023,7,0.051168214,0.001109338,0.012480052,0.006933362,0.075478087,Plant City
PS - Domestic - SW,2,02304500,Plant City WRF,2023,7,0.906262897,0.117887857,1.326238385,0.736799103,0.668412909,Plant City
PS - Domestic - REUSE,2,02304500,Plant City WRF,2023,8,0.025847989,0.001030174,0.014984341,0.009365213,0.101951744,Plant City
PS - Domestic - SW,2,02304500,Plant City WRF,2023,8,0.280257889,0.067018191,0.974810049,0.609256281,0.552708006,Plant City
PS - Domestic - REUSE,2,02304500,Plant City WRF,2023,9,0.02919473,0.001375114,0.013751141,0.011635581,0.115152233,Plant City
PS - Domestic - SW,2,02304500,Plant City WRF,2023,9,0.231542423,0.065435902,0.654359021,0.553688403,0.45663425,Plant City
PS - Domestic - REUSE,2,02304500,Plant City WRF,2023,10,0.039770853,0.001599977,0.015999768,0.012571247,0.124412108,Plant City
PS - Domestic - SW,2,02304500,Plant City WRF,2023,10,0.253585141,0.061210206,0.612102064,0.480937336,0.396635469,Plant City
PS - Domestic - REUSE,2,02304500,Plant City WRF,2023,11,0.058902827,0.001758293,0.024909156,0.021978667,0.159509691,Plant City
PS - Domestic - SW,2,02304500,Plant City WRF,2023,11,0.214710576,0.038455626,0.544788028,0.480695319,0.290719642,Plant City
PS - Domestic - REUSE,2,02304500,Plant City WRF,2023,12,0.039203895,0.002177994,0.029039923,0.014519961,0.158067449,Plant City
PS - Domestic - SW,2,02304500,Plant City WRF,2023,12,0.159667832,0.053222611,0.70963481,0.354817405,0.321884939,Plant City
PS - Domestic - REUSE,2,02304500,Plant City WRF,2024,1,0.049516625,0.002310776,0.033011083,0.018156096,0.179682909,Plant City
PS - Domestic - SW,2,02304500,Plant City WRF,2024,1,0.155741945,0.043607745,0.622967781,0.34263228,0.282573435,Plant City
PS - Domestic - REUSE,2,02304500,Plant City WRF,2024,2,0.058934949,0.000755576,0.021722818,0.011333644,0.10281709,Plant City
PS - Domestic - SW,2,02304500,Plant City WRF,2024,2,0.468660578,0.036050814,1.036460893,0.540762205,0.408809354,Plant City
PS - Domestic - REUSE,2,02304500,Plant City WRF,2024,3,0.060209655,0.000882193,0.018746596,0.017643855,0.120046771,Plant City
PS - Domestic - SW,2,02304500,Plant City WRF,2024,3,0.393981848,0.034635767,0.736010045,0.692715336,0.392762993,Plant City
PS - Domestic - REUSE,2,02304500,Plant City WRF,2024,4,0.038530734,0.001569771,0.021405963,0.018551835,0.155353309,Plant City
PS - Domestic - SW,2,02304500,Plant City WRF,2024,4,0.141392022,0.034562494,0.471306739,0.40846584,0.285041524,Plant City
PS - Domestic - REUSE,2,02304500,Plant City WRF,2024,5,0.070456414,0.002762997,0.029356839,0.020722475,0.187991131,Plant City
PS - Domestic - SW,2,02304500,Plant City WRF,2024,5,0.166861196,0.039261458,0.417152989,0.294460934,0.222608724,Plant City
PS - Domestic - REUSE,2,02304500,Plant City WRF,2024,6,0.058605397,0.003476591,0.024832795,0.021521756,0.180223465,Plant City
PS - Domestic - SW,2,02304500,Plant City WRF,2024,6,0.155690204,0.055415157,0.395822552,0.343046212,0.239389455,Plant City
PS - Domestic - REUSE,2,02304500,Plant City WRF,2024,7,0.038446012,0.0038713,0.021358895,0.014684241,0.145323481,Plant City
PS - Domestic - SW,2,02304500,Plant City WRF,2024,7,0.187387053,0.113213011,0.624623509,0.429428663,0.354155576,Plant City
PS - Domestic - REUSE,2,02304500,Plant City WRF,2024,8,0.057425703,0.001610066,0.014311702,0.01341722,0.097375181,Plant City
PS - Domestic - SW,2,02304500,Plant City WRF,2024,8,0.847060261,0.142496119,1.266632166,1.187467656,0.718168365,Plant City
PS - Domestic - REUSE,2,02304500,Plant City WRF,2024,9,0.04206084,0.001877716,0.015021729,0.03379889,0.136274832,Plant City
PS - Domestic - SW,2,02304500,Plant City WRF,2024,9,0.368452962,0.098692758,0.789542062,1.776469639,0.596883764,Plant City
PS - Domestic - REUSE,2,02304500,Plant City WRF,2024,10,0.072998216,0.002994799,0.103882077,0.023396864,0.101881336,Plant City
PS - Domestic - SW,2,02304500,Plant City WRF,2024,10,1.01955352,0.25096702,8.705418517,1.960679846,0.711479542,Plant City
PS - Domestic - REUSE,2,02304500,Plant City WRF,2024,11,0.117973898,0.002877412,0.026376278,0.026376278,0.261034441,Plant City
PS - Domestic - SW,2,02304500,Plant City WRF,2024,11,0.179018948,0.026197895,0.24014737,0.24014737,0.198052756,Plant City
PS - Domestic - REUSE,2,02304500,Plant City WRF,2024,12,0.165975769,0.003916832,0.036720303,0.031824263,0.26649679,Plant City
PS - Domestic - SW,2,02304500,Plant City WRF,2024,12,0.17511138,0.024794532,0.232448734,0.201455569,0.140582631,Plant City
PS - Domestic - REUSE,2,206-2,South County Regional WWTP,2022,1,0,0,0,0,0,Hillsborough Co.
PS - Domestic - SW,2,206-2,South County Regional WWTP,2022,1,0.137746248,0.014179761,0.083052885,0.099258326,0.061255537,Hillsborough Co.
PS - Domestic - REUSE,3,02300530,South County Regional WWTP,2022,1,0.253868943,0.013049338,0.023726069,0.071178208,0.64571785,Hillsborough Co.
PS - Domestic - SW,3,02300530,South County Regional WWTP,2022,1,0,0,0,0,0,Hillsborough Co.
PS - Domestic - REUSE,2,206-2,South County Regional WWTP,2022,2,0,0,0,0,0,Hillsborough Co.
PS - Domestic - SW,2,206-2,South County Regional WWTP,2022,2,0.144566614,0.013202431,0.09967835,0.120802239,0.059885218,Hillsborough Co.
PS - Domestic - REUSE,3,02300530,South County Regional WWTP,2022,2,0.238143221,0.010584143,0.030694015,0.091552838,0.576106395,Hillsborough Co.
PS - Domestic - SW,3,02300530,South County Regional WWTP,2022,2,0,0,0,0,0,Hillsborough Co.
PS - Domestic - REUSE,2,206-2,South County Regional WWTP,2022,3,0,0,0,0,0,Hillsborough Co.
PS - Domestic - SW,2,206-2,South County Regional WWTP,2022,3,0.130388605,0.014487623,0.062007026,0.151250782,0.052571802,Hillsborough Co.
PS - Domestic - REUSE,3,02300530,South County Regional WWTP,2022,3,0.26776115,0.013330101,0.020864505,0.161699915,0.630932031,Hillsborough Co.
PS - Domestic - SW,3,02300530,South County Regional WWTP,2022,3,0,0,0,0,0,Hillsborough Co.
PS - Domestic - REUSE,3,02300530,South County Regional WWTP,2022,4,0.230361965,0.011685027,0.017249326,0.077900182,0.605741628,Hillsborough Co.
PS - Domestic - SW,3,02300530,South County Regional WWTP,2022,4,0,0,0,0,0,Hillsborough Co.
PS - Domestic - REUSE,3,02300530,South County Regional WWTP,2022,5,0.19337665,0.010437944,0.014832868,0.109873097,0.598051185,Hillsborough Co.
PS - Domestic - SW,3,02300530,South County Regional WWTP,2022,5,0,0,0,0,0,Hillsborough Co.
PS - Domestic - REUSE,2,206-2,South County Regional WWTP,2022,6,0,0,0,0,0,Hillsborough Co.
PS - Domestic - SW,2,206-2,South County Regional WWTP,2022,6,0.013699817,0.001041507,0.007050198,0.008011589,0.007267991,Hillsborough Co.
PS - Domestic - REUSE,3,02300530,South County Regional WWTP,2022,6,0.192274998,0.010987143,0.016480714,0.069218999,0.5980421,Hillsborough Co.
PS - Domestic - SW,3,02300530,South County Regional WWTP,2022,6,0,0,0,0,0,Hillsborough Co.
PS - Domestic - REUSE,2,206-2,South County Regional WWTP,2022,7,0,0,0,0,0,Hillsborough Co.
PS - Domestic - SW,2,206-2,South County Regional WWTP,2022,7,0.145257822,0.023555322,0.051036532,0.078517742,0.071230098,Hillsborough Co.
PS - Domestic - REUSE,3,02300530,South County Regional WWTP,2022,7,0.231624104,0.022434795,0.031529983,0.048507666,0.660081218,Hillsborough Co.
PS - Domestic - SW,3,02300530,South County Regional WWTP,2022,7,0,0,0,0,0,Hillsborough Co.
PS - Domestic - REUSE,2,206-2,South County Regional WWTP,2022,8,0,0,0,0,0,Hillsborough Co.
PS - Domestic - SW,2,206-2,South County Regional WWTP,2022,8,0.253397578,0.081137155,0.173508686,0.260887161,0.1132406,Hillsborough Co.
PS - Domestic - REUSE,3,02300530,South County Regional WWTP,2022,8,0.246859133,0.038913755,0.015808713,0.130725895,0.661911843,Hillsborough Co.
PS - Domestic - SW,3,02300530,South County Regional WWTP,2022,8,0,0,0,0,0,Hillsborough Co.
PS - Domestic - REUSE,2,206-2,South County Regional WWTP,2022,9,0,0,0,0,0,Hillsborough Co.
PS - Domestic - SW,2,206-2,South County Regional WWTP,2022,9,0.741081965,0.083553359,0.366908228,0.548545964,0.329557969,Hillsborough Co.
PS - Domestic - REUSE,3,02300530,South County Regional WWTP,2022,9,0.252186284,0.014286415,0.019255603,0.100004906,0.676195716,Hillsborough Co.
PS - Domestic - SW,3,02300530,South County Regional WWTP,2022,9,0,0,0,0,0,Hillsborough Co.
PS - Domestic - REUSE,2,206-2,South County Regional WWTP,2022,10,0,0,0,0,0,Hillsborough Co.
PS - Domestic - SW,2,206-2,South County Regional WWTP,2022,10,0.324354591,0.055331077,0.206060564,0.261391641,0.173087964,Hillsborough Co.
PS - Domestic - REUSE,3,02300530,South County Regional WWTP,2022,10,0.189011607,0.019262329,0.018660382,0.07644737,0.655293428,Hillsborough Co.
PS - Domestic - SW,3,02300530,South County Regional WWTP,2022,10,0,0,0,0,0,Hillsborough Co.
PS - Domestic - REUSE,2,206-2,South County Regional WWTP,2022,11,0,0,0,0,0,Hillsborough Co.
PS - Domestic - SW,2,206-2,South County Regional WWTP,2022,11,0.299633416,0.106854564,0.17295017,0.194982039,0.099934877,Hillsborough Co.
PS - Domestic - REUSE,3,02300530,South County Regional WWTP,2022,11,0.258446589,0.041515176,0.021634669,0.094724768,0.63653974,Hillsborough Co.
PS - Domestic - SW,3,02300530,South County Regional WWTP,2022,11,0,0,0,0,0,Hillsborough Co.
PS - Domestic - REUSE,2,206-2,South County Regional WWTP,2022,12,0,0,0,0,0,Hillsborough Co.
PS - Domestic - SW,2,206-2,South County Regional WWTP,2022,12,0.336324989,0.021467553,0.193207973,0.100181912,0.162291969,Hillsborough Co.
PS - Domestic - REUSE,3,02300530,South County Regional WWTP,2022,12,0.22469307,0.007209403,0.027035262,0.033043099,0.654026073,Hillsborough Co.
PS - Domestic - SW,3,02300530,South County Regional WWTP,2022,12,0,0,0,0,0,Hillsborough Co.
PS - Domestic - REUSE,2,206-2,South County Regional WWTP,2023,1,0,0,0,0,0,Hillsborough Co.
PS - Domestic - SW,2,206-2,South County Regional WWTP,2023,1,0.336375437,0.024855328,0.227011995,0.130904727,0.150322496,Hillsborough Co.
PS - Domestic - REUSE,3,02300530,South County Regional WWTP,2023,1,0.250147047,0.009956101,0.031735073,0.058492096,0.677401749,Hillsborough Co.
PS - Domestic - SW,3,02300530,South County Regional WWTP,2023,1,0,0,0,0,0,Hillsborough Co.
PS - Domestic - REUSE,3,02300530,South County Regional WWTP,2023,2,0.268958044,0.005336469,0.028816933,0.049629163,0.580939609,Hillsborough Co.
PS - Domestic - SW,3,02300530,South County Regional WWTP,2023,2,0,0,0,0,0,Hillsborough Co.
PS - Domestic - REUSE,3,02300530,South County Regional WWTP,2023,3,0.343257705,0.009635304,0.040347836,0.07226478,0.655575063,Hillsborough Co.
PS - Domestic - SW,3,02300530,South County Regional WWTP,2023,3,0,0,0,0,0,Hillsborough Co.
PS - Domestic - REUSE,3,02300530,South County Regional WWTP,2023,4,0.266351524,0.006948301,0.044584929,0.048638104,0.630339235,Hillsborough Co.
PS - Domestic - SW,3,02300530,South County Regional WWTP,2023,4,0,0,0,0,0,Hillsborough Co.
PS - Domestic - REUSE,3,02300530,South County Regional WWTP,2023,5,0.403769272,0.006493366,0.044272947,,0.642619869,Hillsborough Co.
PS - Domestic - SW,3,02300530,South County Regional WWTP,2023,5,0,0,0,0,0,Hillsborough Co.
PS - Domestic - REUSE,3,02300530,South County Regional WWTP,2023,6,0.29374978,0.006436748,0.041546284,,0.637016702,Hillsborough Co.
PS - Domestic - SW,3,02300530,South County Regional WWTP,2023,6,0,0,0,0,0,Hillsborough Co.
PS - Domestic - REUSE,3,02300530,South County Regional WWTP,2023,7,0.403473569,0.006226444,0.026151065,0.045453041,0.677824201,Hillsborough Co.
PS - Domestic - SW,3,02300530,South County Regional WWTP,2023,7,0,0,0,0,0,Hillsborough Co.
PS - Domestic - REUSE,2,206-2,South County Regional WWTP,2023,8,0,0,0,0,0,Hillsborough Co.
PS - Domestic - SW,2,206-2,South County Regional WWTP,2023,8,0.118327659,0.043668541,0.064328926,0.087806636,0.042597241,Hillsborough Co.
PS - Domestic - REUSE,3,02300530,South County Regional WWTP,2023,8,0.411100914,0.0471446,0.032058328,0.088003254,0.684301798,Hillsborough Co.
PS - Domestic - SW,3,02300530,South County Regional WWTP,2023,8,0,0,0,0,0,Hillsborough Co.
PS - Domestic - REUSE,3,02300530,South County Regional WWTP,2023,9,0.419522584,0.024784475,0.024784475,0.068308432,0.658071164,Hillsborough Co.
PS - Domestic - SW,3,02300530,South County Regional WWTP,2023,9,0,0,0,0,0,Hillsborough Co.
PS - Domestic - REUSE,3,02300530,South County Regional WWTP,2023,10,0.383170847,0.016659602,0.030756188,,0.697538626,Hillsborough Co.
PS - Domestic - SW,3,02300530,South County Regional WWTP,2023,10,0,0,0,0,0,Hillsborough Co.
PS - Domestic - REUSE,3,02300530,South County Regional WWTP,2023,11,0.378648961,0.033410202,0.027841835,0.074244894,0.673538357,Hillsborough Co.
PS - Domestic - SW,3,02300530,South County Regional WWTP,2023,11,0,0,0,0,0,Hillsborough Co.
PS - Domestic - REUSE,3,02300530,South County Regional WWTP,2023,12,0.339113598,0.014402508,0.028150357,0.039279567,0.712676489,Hillsborough Co.
PS - Domestic - SW,3,02300530,South County Regional WWTP,2023,12,0,0,0,0,0,Hillsborough Co.
PS - Domestic - REUSE,3,02300530,South County Regional WWTP,2024,1,0.36139996,0.009474905,0.03248539,0.0385764,0.736756252,Hillsborough Co.
PS - Domestic - SW,3,02300530,South County Regional WWTP,2024,1,0,0,0,0,0,Hillsborough Co.
PS - Domestic - REUSE,3,02300530,South County Regional WWTP,2024,2,0.216450334,0.009728105,0.033440361,0.025536275,0.66188913,Hillsborough Co.
PS - Domestic - SW,3,02300530,South County Regional WWTP,2024,2,0,0,0,0,0,Hillsborough Co.
PS - Domestic - REUSE,3,02300530,South County Regional WWTP,2024,3,0.233755724,0.014851883,0.029703766,0.042618447,0.702960093,Hillsborough Co.
PS - Domestic - SW,3,02300530,South County Regional WWTP,2024,3,0,0,0,0,0,Hillsborough Co.
PS - Domestic - REUSE,3,02300530,South County Regional WWTP,2024,4,0.273305332,0.016771009,0.029815127,0.051555324,0.676195716,Hillsborough Co.
PS - Domestic - SW,3,02300530,South County Regional WWTP,2024,4,0,0,0,0,0,Hillsborough Co.
PS - Domestic - REUSE,2,206-2,South County Regional WWTP,2024,5,0,0,0,0,0,Hillsborough Co.
PS - Domestic - SW,2,206-2,South County Regional WWTP,2024,5,0.196688883,0.04695154,0.350233107,0.352771028,0.115118164,Hillsborough Co.
PS - Domestic - REUSE,3,02300530,South County Regional WWTP,2024,5,0.28111046,0.024129653,0.01809724,0.092899165,0.656701602,Hillsborough Co.
PS - Domestic - SW,3,02300530,South County Regional WWTP,2024,5,0,0,0,0,0,Hillsborough Co.
PS - Domestic - REUSE,3,02300530,South County Regional WWTP,2024,6,0.187465166,0.008926913,0.018969689,0.083131874,0.607376926,Hillsborough Co.
PS - Domestic - SW,3,02300530,South County Regional WWTP,2024,6,0,0,0,0,0,Hillsborough Co.
PS - Domestic - REUSE,3,02300530,South County Regional WWTP,2024,7,0.226532092,0.008090432,0.016180864,0.071658111,0.629101406,Hillsborough Co.
PS - Domestic - SW,3,02300530,South County Regional WWTP,2024,7,0,0,0,0,0,Hillsborough Co.
PS - Domestic - REUSE,2,206-2,South County Regional WWTP,2024,8,0,0,0,0,0,Hillsborough Co.
PS - Domestic - SW,2,206-2,South County Regional WWTP,2024,8,0.335587673,0.320620148,0.342677553,0.204818768,0.071464793,Hillsborough Co.
PS - Domestic - REUSE,3,02300530,South County Regional WWTP,2024,8,0.347653793,0.044793854,0.032759684,0.080227798,0.727814352,Hillsborough Co.
PS - Domestic - SW,3,02300530,South County Regional WWTP,2024,8,0,0,0,0,0,Hillsborough Co.
PS - Domestic - REUSE,2,206-2,South County Regional WWTP,2024,9,0,0,0,0,0,Hillsborough Co.
PS - Domestic - SW,2,206-2,South County Regional WWTP,2024,9,0.127715989,0.020434558,0.060374831,0.071985376,0.042131636,Hillsborough Co.
PS - Domestic - REUSE,3,02300530,South County Regional WWTP,2024,9,0.361682293,0.043821575,0.024688211,0.117269003,0.671903059,Hillsborough Co.
PS - Domestic - SW,3,02300530,South County Regional WWTP,2024,9,0,0,0,0,0,Hillsborough Co.
PS - Domestic - REUSE,2,206-2,South County Regional WWTP,2024,10,0,0,0,0,0,Hillsborough Co.
PS - Domestic - SW,2,206-2,South County Regional WWTP,2024,10,0.215824187,0.061013589,0.101992865,0.147525393,0.082612832,Hillsborough Co.
PS - Domestic - REUSE,3,02300530,South County Regional WWTP,2024,10,0.320094583,0.041381049,0.02008198,0.11197225,0.662475112,Hillsborough Co.
PS - Domestic - SW,3,02300530,South County Regional WWTP,2024,10,0,0,0,0,0,Hillsborough Co.
PS - Domestic - REUSE,3,02300530,South County Regional WWTP,2024,11,0.356859943,0.058910213,0.017559775,0.07930221,0.616643615,Hillsborough Co.
PS - Domestic - SW,3,02300530,South County Regional WWTP,2024,11,0,0,0,0,0,Hillsborough Co.
PS - Domestic - REUSE,3,02300530,South County Regional WWTP,2024,12,0.443068242,0.030598636,0.019583127,0.083228289,0.666206771,Hillsborough Co.
PS - Domestic - SW,3,02300530,South County Regional WWTP,2024,12,0,0,0,0,0,Hillsborough Co.
PS - Domestic - REUSE,5,207-5,South Cross Bayou WRF,2022,1,0.538776583,0.064003601,0.050629714,0.071645822,1.039935956,Pinellas Co.
PS - Domestic - SW,5,207-5,South Cross Bayou WRF,2022,1,2.655581261,0.630935974,0.499098606,0.706271612,0.85429178,Pinellas Co.
PS - Domestic - REUSE,5,207-5,South Cross Bayou WRF,2022,2,0.356035667,0.046384929,0.043877635,0.048892222,0.682373509,Pinellas Co.
PS - Domestic - SW,5,207-5,South Cross Bayou WRF,2022,2,2.322693077,0.605208759,0.572494772,0.637922746,0.741940752,Pinellas Co.
PS - Domestic - REUSE,5,207-5,South Cross Bayou WRF,2022,3,0.457454452,0.046707061,0.041898981,0.03296969,0.747740003,Pinellas Co.
PS - Domestic - SW,5,207-5,South Cross Bayou WRF,2022,3,2.933394364,0.599011462,0.537348517,0.42283162,0.799138327,Pinellas Co.
PS - Domestic - REUSE,5,207-5,South Cross Bayou WRF,2022,4,0.401500765,0.07108282,0.045305534,0.035931975,0.850354952,Pinellas Co.
PS - Domestic - SW,5,207-5,South Cross Bayou WRF,2022,4,2.506162629,0.887396106,0.565593123,0.448573856,0.884650784,Pinellas Co.
PS - Domestic - REUSE,5,207-5,South Cross Bayou WRF,2022,5,0.349790717,0.059703235,0.045655415,0.031607595,0.764638082,Pinellas Co.
PS - Domestic - SW,5,207-5,South Cross Bayou WRF,2022,5,1.497722685,0.511270796,0.390971785,0.270672774,0.54566714,Pinellas Co.
PS - Domestic - REUSE,5,207-5,South Cross Bayou WRF,2022,6,0.311903664,0.043452228,0.03869034,0.027976092,0.647986826,Pinellas Co.
PS - Domestic - SW,5,207-5,South Cross Bayou WRF,2022,6,1.77434156,0.49437761,0.440199242,0.318297914,0.614372368,Pinellas Co.
PS - Domestic - REUSE,5,207-5,South Cross Bayou WRF,2022,7,0.357008658,0.034448204,0.027662952,0.023487412,0.568197912,Pinellas Co.
PS - Domestic - SW,5,207-5,South Cross Bayou WRF,2022,7,4.233671447,0.817024314,0.656095283,0.557062033,1.123018178,Pinellas Co.
PS - Domestic - REUSE,5,207-5,South Cross Bayou WRF,2022,8,0.308819203,0.038938073,0.044308842,0.02752519,0.730841924,Pinellas Co.
PS - Domestic - SW,5,207-5,South Cross Bayou WRF,2022,8,3.326202973,0.838781619,0.954475636,0.592931834,1.311948091,Pinellas Co.
PS - Domestic - REUSE,5,207-5,South Cross Bayou WRF,2022,9,0.241662061,0.031733402,0.05370268,0.034174433,0.664339806,Pinellas Co.
PS - Domestic - SW,5,207-5,South Cross Bayou WRF,2022,9,4.721704881,1.240043706,2.098535503,1.335431683,2.163362958,Pinellas Co.
PS - Domestic - REUSE,5,207-5,South Cross Bayou WRF,2022,10,0.270765909,0.049017966,0.042793463,0.045127652,0.847016218,Pinellas Co.
PS - Domestic - SW,5,207-5,South Cross Bayou WRF,2022,10,2.223746619,0.805149638,0.702908414,0.741248873,1.159395987,Pinellas Co.
PS - Domestic - REUSE,5,207-5,South Cross Bayou WRF,2022,11,0.211577294,0.038589569,0.044577606,0.041250919,0.724300732,Pinellas Co.
PS - Domestic - SW,5,207-5,South Cross Bayou WRF,2022,11,2.808424848,1.024456863,1.183424307,1.09510906,1.6023649,Pinellas Co.
PS - Domestic - REUSE,5,207-5,South Cross Bayou WRF,2022,12,0.44314663,0.04284197,0.043511376,0.079659289,0.728729664,Pinellas Co.
PS - Domestic - SW,5,207-5,South Cross Bayou WRF,2022,12,4.636983582,0.896576886,0.9105859,1.667072647,1.270876371,Pinellas Co.
PS - Domestic - REUSE,5,207-5,South Cross Bayou WRF,2023,1,0.250240052,0.042553511,0.031756352,0.140998202,0.691413073,Pinellas Co.
PS - Domestic - SW,5,207-5,South Cross Bayou WRF,2023,1,2.711358609,0.922137192,0.688162084,3.055439651,1.248580294,Pinellas Co.
PS - Domestic - REUSE,5,207-5,South Cross Bayou WRF,2023,2,0.357874661,0.04504716,0.03378537,0.178311675,0.68110161,Pinellas Co.
PS - Domestic - SW,5,207-5,South Cross Bayou WRF,2023,2,2.823567585,0.710828203,0.533121152,2.813694971,0.895628479,Pinellas Co.
PS - Domestic - REUSE,5,207-5,South Cross Bayou WRF,2023,3,0.267400124,0.050973149,0.046795022,0.080220037,0.909679929,Pinellas Co.
PS - Domestic - SW,5,207-5,South Cross Bayou WRF,2023,3,1.096920013,0.418200755,0.383922005,0.658152008,0.621943192,Pinellas Co.
PS - Domestic - REUSE,5,207-5,South Cross Bayou WRF,2023,4,0.352781544,0.062370218,0.048726733,0.16761996,1.060899567,Pinellas Co.
PS - Domestic - SW,5,207-5,South Cross Bayou WRF,2023,4,0.478079035,0.169044521,0.132066032,0.454307149,0.23961658,Pinellas Co.
PS - Domestic - REUSE,5,207-5,South Cross Bayou WRF,2023,5,0.382887174,0.066229133,0.05381117,0.120040303,1.126538611,Pinellas Co.
PS - Domestic - SW,5,207-5,South Cross Bayou WRF,2023,5,0.342205412,0.118384575,0.096187467,0.214572042,0.167807314,Pinellas Co.
PS - Domestic - REUSE,5,207-5,South Cross Bayou WRF,2023,6,0.315749227,0.050191351,0.045628501,0.073005602,0.993443525,Pinellas Co.
PS - Domestic - SW,5,207-5,South Cross Bayou WRF,2023,6,0.952878325,0.302938196,0.27539836,0.440637376,0.499674384,Pinellas Co.
PS - Domestic - REUSE,5,207-5,South Cross Bayou WRF,2023,7,0.386457339,0.074701805,0.049801203,0.065737589,1.084293413,Pinellas Co.
PS - Domestic - SW,5,207-5,South Cross Bayou WRF,2023,7,0.720215949,0.278434001,0.185622667,0.245021921,0.336788106,Pinellas Co.
PS - Domestic - REUSE,5,207-5,South Cross Bayou WRF,2023,8,0.379006561,0.07106373,0.04737582,0.044533271,1.031486916,Pinellas Co.
PS - Domestic - SW,5,207-5,South Cross Bayou WRF,2023,8,1.13313907,0.424927151,0.283284768,0.266287681,0.513983241,Pinellas Co.
PS - Domestic - REUSE,5,207-5,South Cross Bayou WRF,2023,9,0.391860571,0.065947267,0.047787875,0.070726054,1.040458342,Pinellas Co.
PS - Domestic - SW,5,207-5,South Cross Bayou WRF,2023,9,1.052146916,0.354137255,0.256621199,0.379799375,0.465605676,Pinellas Co.
PS - Domestic - REUSE,5,207-5,South Cross Bayou WRF,2023,10,0.479284195,0.072206571,0.052323602,0.101507788,1.139212171,Pinellas Co.
PS - Domestic - SW,5,207-5,South Cross Bayou WRF,2023,10,1.632172999,0.491790118,0.35636965,0.691357122,0.646586224,Pinellas Co.
PS - Domestic - REUSE,5,207-5,South Cross Bayou WRF,2023,11,0.479733929,0.061840702,0.046849017,0.079643328,1.020017118,Pinellas Co.
PS - Domestic - SW,5,207-5,South Cross Bayou WRF,2023,11,2.374634876,0.612210554,0.463795874,0.788452986,0.841497088,Pinellas Co.
PS - Domestic - REUSE,5,207-5,South Cross Bayou WRF,2023,12,0.447305354,0.044042373,0.034408104,0.097030854,0.749148176,Pinellas Co.
PS - Domestic - SW,5,207-5,South Cross Bayou WRF,2023,12,6.133632631,1.20785381,0.943635789,2.661052926,1.712103994,Pinellas Co.
PS - Domestic - REUSE,5,207-5,South Cross Bayou WRF,2024,1,0.287449959,0.039245935,0.026517524,0.038185234,0.577351038,Pinellas Co.
PS - Domestic - SW,5,207-5,South Cross Bayou WRF,2024,1,6.684964291,1.825414604,1.233388246,1.776079074,2.237822012,Pinellas Co.
PS - Domestic - REUSE,5,207-5,South Cross Bayou WRF,2024,2,0.300674338,0.041966913,0.032936058,0.038779552,0.578304962,Pinellas Co.
PS - Domestic - SW,5,207-5,South Cross Bayou WRF,2024,2,4.842295146,1.351736101,1.06085618,1.2490726,1.552246045,Pinellas Co.
PS - Domestic - REUSE,5,207-5,South Cross Bayou WRF,2024,3,0.280979683,0.034265815,0.030268137,0.047972141,0.621708496,Pinellas Co.
PS - Domestic - SW,5,207-5,South Cross Bayou WRF,2024,3,3.509859463,0.856063284,0.756189234,1.198488597,1.294345925,Pinellas Co.
PS - Domestic - REUSE,5,207-5,South Cross Bayou WRF,2024,4,0.34477371,0.04034586,0.056484204,0.104165674,0.798570516,Pinellas Co.
PS - Domestic - SW,5,207-5,South Cross Bayou WRF,2024,4,2.11806375,0.495717048,0.694003867,1.279851287,0.817648992,Pinellas Co.
PS - Domestic - REUSE,5,207-5,South Cross Bayou WRF,2024,5,0.587144546,0.054437243,0.054437243,0.099153549,1.058242208,Pinellas Co.
PS - Domestic - SW,5,207-5,South Cross Bayou WRF,2024,5,0.777390318,0.144151847,0.144151847,0.262562293,0.233522066,Pinellas Co.
PS - Domestic - REUSE,5,207-5,South Cross Bayou WRF,2024,6,0.642531914,0.056641932,0.04867666,0.044251509,0.963463062,Pinellas Co.
PS - Domestic - SW,5,207-5,South Cross Bayou WRF,2024,6,1.613145893,0.284411397,0.244416044,0.222196404,0.403146378,Pinellas Co.
PS - Domestic - REUSE,5,207-5,South Cross Bayou WRF,2024,7,0.908445095,0.026529813,0.041804553,0.054667492,0.875179684,Pinellas Co.
PS - Domestic - SW,5,207-5,South Cross Bayou WRF,2024,7,8.56554828,0.500288661,0.788333647,1.030897846,1.375315888,Pinellas Co.
PS - Domestic - REUSE,5,207-5,South Cross Bayou WRF,2024,8,0.644740608,0.011600447,0.050065085,0.037243539,0.664657781,Pinellas Co.
PS - Domestic - SW,5,207-5,South Cross Bayou WRF,2024,8,15.96142798,0.574369568,2.478858134,1.844028612,2.742417432,Pinellas Co.
PS - Domestic - REUSE,5,207-5,South Cross Bayou WRF,2024,9,0.145012258,0.003934441,0.019953237,0.013770544,0.305936998,Pinellas Co.
PS - Domestic - SW,5,207-5,South Cross Bayou WRF,2024,9,7.738293334,0.41990739,2.129530336,1.469675866,2.720954146,Pinellas Co.
PS - Domestic - REUSE,5,207-5,South Cross Bayou WRF,2024,10,0.262277714,0.006221917,0.061740557,0.044989243,0.521024108,Pinellas Co.
PS - Domestic - SW,5,207-5,South Cross Bayou WRF,2024,10,8.71187327,0.413337053,4.101575372,2.988744845,2.884408236,Pinellas Co.
PS - Domestic - REUSE,5,207-5,South Cross Bayou WRF,2024,11,0.26326581,0.015446719,0.033579823,0.063801663,0.731114474,Pinellas Co.
PS - Domestic - SW,5,207-5,South Cross Bayou WRF,2024,11,2.858384614,0.335422684,0.729179748,1.385441522,1.323001494,Pinellas Co.
PS - Domestic - REUSE,5,207-5,South Cross Bayou WRF,2024,12,0.195885596,0.015320661,0.027358323,0.049244982,0.595657291,Pinellas Co.
PS - Domestic - SW,5,207-5,South Cross Bayou WRF,2024,12,2.134828834,0.333939706,0.596320903,1.073377626,1.081946458,Pinellas Co.
PS - Domestic - REUSE,2,02301500,Southwest Regional WWTF,2022,1,0.126318618,0.038033891,0.0095661,0.019593216,0.125468238,Polk Co.
PS - Domestic - REUSE,2,02301500,Southwest Regional WWTF,2022,2,0.080812311,0.011291583,0.010627372,0.023247377,0.120512376,Polk Co.
PS - Domestic - REUSE,2,02301500,Southwest Regional WWTF,2022,3,0.076684799,0.014119741,0.006694705,0.01217219,0.132509104,Polk Co.
PS - Domestic - REUSE,2,02301500,Southwest Regional WWTF,2022,4,0.100583242,0.012316315,0.006386238,0.011403996,0.124146372,Polk Co.
PS - Domestic - REUSE,2,02301500,Southwest Regional WWTF,2022,5,0.088943656,0.025728466,0.00582092,0.01164184,0.126735594,Polk Co.
PS - Domestic - REUSE,2,02301500,Southwest Regional WWTF,2022,6,0.098988686,0.032661807,0.005573687,0.011147375,0.121352738,Polk Co.
PS - Domestic - REUSE,2,02301500,Southwest Regional WWTF,2022,7,0.089213876,0.023205227,0.007334294,0.013706714,0.130889705,Polk Co.
PS - Domestic - REUSE,2,02301500,Southwest Regional WWTF,2022,8,0.07470491,0.009902161,0.00626719,0.016921414,0.136451989,Polk Co.
PS - Domestic - REUSE,2,02301500,Southwest Regional WWTF,2022,9,0.088007301,0.034377852,0.007700639,0.013751141,0.149697903,Polk Co.
PS - Domestic - REUSE,2,02301500,Southwest Regional WWTF,2022,10,0.082446474,0.016958927,0.006522664,0.015523941,0.142014274,Polk Co.
PS - Domestic - REUSE,2,02301500,Southwest Regional WWTF,2022,11,0.102539071,0.032401306,0.010930561,0.013012573,0.141657688,Polk Co.
PS - Domestic - REUSE,2,02301500,Southwest Regional WWTF,2022,12,0.030646367,0.004972424,0.003856165,0.003382601,0.036823731,Polk Co.
PS - Domestic - REUSE,2,02301500,Southwest Regional WWTF,2023,1,0.032030064,0.005552381,0.00260622,0.00377713,0.041118659,Polk Co.
PS - Domestic - REUSE,2,02301500,Southwest Regional WWTF,2023,2,0.045486696,0.015282806,0.003436371,0.005199771,0.049222469,Polk Co.
PS - Domestic - REUSE,2,02301500,Southwest Regional WWTF,2023,3,0.037797691,0.011019389,0.004739522,0.005924403,0.064494336,Polk Co.
PS - Domestic - REUSE,2,02301500,Southwest Regional WWTF,2023,4,0.02892847,0.014642806,0.007738068,0.00595236,0.064798683,Polk Co.
PS - Domestic - REUSE,2,02301500,Southwest Regional WWTF,2023,5,0.036477765,0.019985158,0.005368182,0.006467689,0.070408663,Polk Co.
PS - Domestic - REUSE,2,02301500,Southwest Regional WWTF,2023,6,0.038084464,0.014053704,0.003272046,0.005364009,0.058393766,Polk Co.
PS - Domestic - REUSE,2,02301500,Southwest Regional WWTF,2023,7,0.022264372,0.004977533,0.002017919,0.004035838,0.036612505,Polk Co.
PS - Domestic - REUSE,2,02301500,Southwest Regional WWTF,2023,8,0.023138803,0.009656001,0.002447373,0.006318673,0.04844116,Polk Co.
PS - Domestic - REUSE,2,02301500,Southwest Regional WWTF,2023,9,0.039284324,0.016695838,0.003466264,0.014847164,0.062890835,Polk Co.
PS - Domestic - REUSE,2,02301500,Southwest Regional WWTF,2023,10,0.057262071,0.011126753,0.004952762,0.007598758,0.073858688,Polk Co.
PS - Domestic - REUSE,2,02301500,Southwest Regional WWTF,2023,11,0.043691199,0.008139586,0.003203321,0.005934021,0.057167292,Polk Co.
PS - Domestic - REUSE,2,02301500,Southwest Regional WWTF,2023,12,0.032694943,0.005952861,0.002289562,0.007189224,0.049849334,Polk Co.
PS - Domestic - REUSE,2,02301500,Southwest Regional WWTF,2024,1,0.022332283,0.002906256,0.002019083,0.003059217,0.033303298,Polk Co.
PS - Domestic - REUSE,2,02301500,Southwest Regional WWTF,2024,2,0.025343993,0.019194348,0.003540705,0.006522351,0.05071695,Polk Co.
PS - Domestic - REUSE,2,02301500,Southwest Regional WWTF,2024,3,0.041538731,0.019863889,0.00322576,0.007413588,0.06160758,Polk Co.
PS - Domestic - REUSE,2,02301500,Southwest Regional WWTF,2024,4,0.05277634,0.023089649,0.00461793,0.007388688,0.071816837,Polk Co.
PS - Domestic - REUSE,2,02301500,Southwest Regional WWTF,2024,5,0.065810027,0.028817434,0.007255453,0.011445222,0.111245688,Polk Co.
PS - Domestic - REUSE,2,02301500,Southwest Regional WWTF,2024,6,0.04217125,0.022089702,0.004325256,0.012435112,0.084081571,Polk Co.
PS - Domestic - REUSE,2,02301500,Southwest Regional WWTF,2024,7,0.038868222,0.013908118,0.003787479,0.007140328,0.067592317,Polk Co.
PS - Domestic - REUSE,2,02301500,Southwest Regional WWTF,2024,8,0.053050053,0.02169431,0.006411679,0.193228669,0.095614965,Polk Co.
PS - Domestic - REUSE,2,02301500,Southwest Regional WWTF,2024,9,0.058303085,0.016899445,0.009083452,0.009717181,0.076654593,Polk Co.
PS - Domestic - REUSE,2,02301500,Southwest Regional WWTF,2024,10,0.047052436,0.009692802,0.008187124,0.009410487,0.102444605,Polk Co.
PS - Domestic - REUSE,2,02301500,Southwest Regional WWTF,2024,11,0.07935078,0.014078364,0.007572453,0.012371896,0.116106157,Polk Co.
PS - Domestic - REUSE,2,02301500,Southwest Regional WWTF,2024,12,0.08465325,0.009183083,0.006122056,0.012455216,0.114906938,Polk Co.
PS - Domestic - REUSE,1,206-1,St Pete Facilities,2022,1,0.398300453,0.016950539,0.017993731,0.038194134,0.188526237,St. Petersburg
PS - Domestic - REUSE,3,206-3W,St Pete Facilities,2022,1,1.764968881,0.075112078,0.079734721,0.169247756,0.835406886,St. Petersburg
PS - Domestic - REUSE,5,207-5,St Pete Facilities,2022,1,0.192077904,0.008174292,0.008677364,0.018418882,0.090915599,St. Petersburg
PS - Domestic - REUSE,55,207-5,St Pete Facilities,2022,1,0.134030592,0.005703962,0.006055003,0.012852565,0.063440257,St. Petersburg
PS - Domestic - REUSE,1,206-1,St Pete Facilities,2022,2,0.38579932,0.01819408,0.011451484,0.034735618,0.175216728,St. Petersburg
PS - Domestic - REUSE,3,206-3W,St Pete Facilities,2022,2,1.709573237,0.080622518,0.05074439,0.153922207,0.776429126,St. Petersburg
PS - Domestic - REUSE,5,207-5,St Pete Facilities,2022,2,0.186049311,0.008773981,0.005522407,0.016751035,0.084497172,St. Petersburg
PS - Domestic - REUSE,55,207-5,St Pete Facilities,2022,2,0.129823882,0.006122422,0.003853496,0.011688753,0.058961524,St. Petersburg
PS - Domestic - REUSE,1,206-1,St Pete Facilities,2022,3,0.468077294,0.02933636,0.016584499,0.040451616,0.209660101,St. Petersburg
PS - Domestic - REUSE,3,206-3W,St Pete Facilities,2022,3,2.074167509,0.129996745,0.073490062,0.179251224,0.929056322,St. Petersburg
PS - Domestic - REUSE,5,207-5,St Pete Facilities,2022,3,0.22572735,0.014147276,0.007997771,0.019507539,0.101107273,St. Petersburg
PS - Domestic - REUSE,55,207-5,St Pete Facilities,2022,3,0.157510935,0.009871869,0.005580788,0.013612222,0.070551934,St. Petersburg
PS - Domestic - REUSE,1,206-1,St Pete Facilities,2022,4,0.391509062,0.024360287,0.013941767,0.045960982,0.211356813,St. Petersburg
PS - Domestic - REUSE,3,206-3W,St Pete Facilities,2022,4,1.734874533,0.107946521,0.061779453,0.203664601,0.93657488,St. Petersburg
PS - Domestic - REUSE,5,207-5,St Pete Facilities,2022,4,0.188802798,0.011747596,0.00672333,0.022164396,0.101925502,St. Petersburg
PS - Domestic - REUSE,55,207-5,St Pete Facilities,2022,4,0.131745246,0.008197389,0.004691492,0.015466158,0.071122889,St. Petersburg
PS - Domestic - REUSE,1,206-1,St Pete Facilities,2022,5,0.505174922,0.027033149,0.031942932,0.050910231,0.252119341,St. Petersburg
PS - Domestic - REUSE,3,206-3W,St Pete Facilities,2022,5,2.238556372,0.11979064,0.141547116,0.225595961,1.117203831,St. Petersburg
PS - Domestic - REUSE,5,207-5,St Pete Facilities,2022,5,0.243617449,0.013036567,0.015404279,0.024551141,0.121582977,St. Petersburg
PS - Domestic - REUSE,55,207-5,St Pete Facilities,2022,5,0.169994519,0.009096824,0.010748996,0.017131611,0.084839734,St. Petersburg
PS - Domestic - REUSE,1,206-1,St Pete Facilities,2022,6,0.422027507,0.032902102,0.019202376,0.044015167,0.228799992,St. Petersburg
PS - Domestic - REUSE,3,206-3W,St Pete Facilities,2022,6,1.87010939,0.145797441,0.085090529,0.19504221,1.013869964,St. Petersburg
PS - Domestic - REUSE,5,207-5,St Pete Facilities,2022,6,0.203520128,0.015866833,0.009260226,0.021226039,0.110337366,St. Petersburg
PS - Domestic - REUSE,55,207-5,St Pete Facilities,2022,6,0.142014894,0.011071763,0.00646172,0.014811379,0.076992627,St. Petersburg
PS - Domestic - REUSE,1,206-1,St Pete Facilities,2022,7,0.432698985,0.02708963,0.018149266,0.044182903,0.225071149,St. Petersburg
PS - Domestic - REUSE,3,206-3W,St Pete Facilities,2022,7,1.917397376,0.120040922,0.080423935,0.19578549,0.99734653,St. Petersburg
PS - Domestic - REUSE,5,207-5,St Pete Facilities,2022,7,0.208666381,0.013063805,0.00875237,0.021306929,0.108539155,St. Petersburg
PS - Domestic - REUSE,55,207-5,St Pete Facilities,2022,7,0.145605913,0.00911583,0.006107341,0.014867823,0.075737848,St. Petersburg
PS - Domestic - REUSE,1,206-1,St Pete Facilities,2022,8,0.36183165,0.020134733,0.029978203,0.041760987,0.213974744,St. Petersburg
PS - Domestic - REUSE,3,206-3W,St Pete Facilities,2022,8,1.603366498,0.089222034,0.132840912,0.185053372,0.948175584,St. Petersburg
PS - Domestic - REUSE,5,207-5,St Pete Facilities,2022,8,0.174491052,0.009709849,0.014456801,0.020138975,0.103187983,St. Petersburg
PS - Domestic - REUSE,55,207-5,St Pete Facilities,2022,8,0.121758612,0.006775463,0.010087853,0.014052833,0.072003839,St. Petersburg
PS - Domestic - REUSE,1,206-1,St Pete Facilities,2022,9,0.188564075,0.012599535,0.014260828,0.032903695,0.170027382,St. Petersburg
PS - Domestic - REUSE,3,206-3W,St Pete Facilities,2022,9,0.835574559,0.05583169,0.063193295,0.145804497,0.753433838,St. Petersburg
PS - Domestic - REUSE,5,207-5,St Pete Facilities,2022,9,0.090933847,0.006076047,0.006877195,0.015867601,0.081994643,St. Petersburg
PS - Domestic - REUSE,55,207-5,St Pete Facilities,2022,9,0.06345299,0.004239822,0.004798858,0.011072299,0.057215277,St. Petersburg
PS - Domestic - REUSE,1,206-1,St Pete Facilities,2022,10,0.302506273,0.012716273,0.017407293,0.042089442,0.203790835,St. Petersburg
PS - Domestic - REUSE,3,206-3W,St Pete Facilities,2022,10,1.340480921,0.056348984,0.077136066,0.186508839,0.903048137,St. Petersburg
PS - Domestic - REUSE,5,207-5,St Pete Facilities,2022,10,0.145881759,0.006132343,0.008394558,0.02029737,0.098276856,St. Petersburg
PS - Domestic - REUSE,55,207-5,St Pete Facilities,2022,10,0.101795252,0.004279105,0.005857663,0.01416336,0.06857689,St. Petersburg
PS - Domestic - REUSE,1,206-1,St Pete Facilities,2022,11,0.263253533,0.014512102,0.017153012,0.03489808,0.178498226,St. Petersburg
PS - Domestic - REUSE,3,206-3W,St Pete Facilities,2022,11,1.166542216,0.06430675,0.076009283,0.154642115,0.790970264,St. Petersburg
PS - Domestic - REUSE,5,207-5,St Pete Facilities,2022,11,0.126952371,0.00699837,0.008271933,0.016829381,0.086079654,St. Petersburg
PS - Domestic - REUSE,55,207-5,St Pete Facilities,2022,11,0.088586459,0.004883413,0.005772096,0.011743422,0.060065769,St. Petersburg
PS - Domestic - REUSE,1,206-1,St Pete Facilities,2022,12,0.297623634,0.015455086,0.015744735,0.035484638,0.168237276,St. Petersburg
PS - Domestic - REUSE,3,206-3W,St Pete Facilities,2022,12,1.318844726,0.068485348,0.069768855,0.157241302,0.74550143,St. Petersburg
PS - Domestic - REUSE,5,207-5,St Pete Facilities,2022,12,0.143527137,0.007453118,0.0075928,0.017112245,0.081131375,St. Petersburg
PS - Domestic - REUSE,55,207-5,St Pete Facilities,2022,12,0.100152213,0.005200733,0.005298202,0.011940803,0.056612895,St. Petersburg
PS - Domestic - REUSE,1,206-1,St Pete Facilities,2023,1,0.516482718,0.02399914,0.014878789,0.042510825,0.231391031,St. Petersburg
PS - Domestic - REUSE,3,206-3W,St Pete Facilities,2023,1,2.288664046,0.106346191,0.065931632,0.188376092,1.025351505,St. Petersburg
PS - Domestic - REUSE,5,207-5,St Pete Facilities,2023,1,0.249070563,0.011573436,0.007175203,0.02050058,0.111586878,St. Petersburg
PS - Domestic - REUSE,55,207-5,St Pete Facilities,2023,1,0.173799663,0.008075861,0.005006805,0.014305158,0.077864528,St. Petersburg
PS - Domestic - REUSE,1,206-1,St Pete Facilities,2023,2,0.506332295,0.028152339,0.01365407,0.034950502,0.187213274,St. Petersburg
PS - Domestic - REUSE,3,206-3W,St Pete Facilities,2023,2,2.243684981,0.124750054,0.0605046,0.154874412,0.82958882,St. Petersburg
PS - Domestic - REUSE,5,207-5,St Pete Facilities,2023,2,0.244175585,0.01357629,0.00658459,0.016854661,0.090282431,St. Petersburg
PS - Domestic - REUSE,55,207-5,St Pete Facilities,2023,2,0.170383982,0.009473438,0.00459468,0.011761062,0.062998437,St. Petersburg
PS - Domestic - REUSE,1,206-1,St Pete Facilities,2023,3,0.446276733,0.018350271,0.011953531,0.031793709,0.170332638,St. Petersburg
PS - Domestic - REUSE,3,206-3W,St Pete Facilities,2023,3,1.977563774,0.08131464,0.052969083,0.140885874,0.754786502,St. Petersburg
PS - Domestic - REUSE,5,207-5,St Pete Facilities,2023,3,0.215214165,0.008849304,0.005764515,0.015332318,0.08214185,St. Petersburg
PS - Domestic - REUSE,55,207-5,St Pete Facilities,2023,3,0.15017491,0.006174981,0.004022438,0.010698782,0.057317997,St. Petersburg
PS - Domestic - REUSE,1,206-1,St Pete Facilities,2023,4,0.314517445,0.020415381,0.011689709,0.02947153,0.151450397,St. Petersburg
PS - Domestic - REUSE,3,206-3W,St Pete Facilities,2023,4,1.393705429,0.090465655,0.051800023,0.130595718,0.671114573,St. Petersburg
PS - Domestic - REUSE,5,207-5,St Pete Facilities,2023,4,0.151674072,0.00984519,0.005637289,0.014212461,0.073036008,St. Petersburg
PS - Domestic - REUSE,55,207-5,St Pete Facilities,2023,4,0.105837086,0.006869903,0.00393366,0.009917354,0.050964005,St. Petersburg
PS - Domestic - REUSE,1,206-1,St Pete Facilities,2023,5,0.32258083,0.031453229,0.017486561,0.041488205,0.189923145,St. Petersburg
PS - Domestic - REUSE,3,206-3W,St Pete Facilities,2023,5,1.429436303,0.139377123,0.077487322,0.18384461,0.841596934,St. Petersburg
PS - Domestic - REUSE,5,207-5,St Pete Facilities,2023,5,0.155562589,0.015168123,0.008432785,0.020007428,0.091589249,St. Petersburg
PS - Domestic - REUSE,55,207-5,St Pete Facilities,2023,5,0.108550465,0.010584208,0.005884337,0.01396104,0.063910325,St. Petersburg
PS - Domestic - REUSE,1,206-1,St Pete Facilities,2023,6,0.432548515,0.028020862,0.019220002,0.043558006,0.218606635,St. Petersburg
PS - Domestic - REUSE,3,206-3W,St Pete Facilities,2023,6,1.916730609,0.124167444,0.085168632,0.193016414,0.968700649,St. Petersburg
PS - Domestic - REUSE,5,207-5,St Pete Facilities,2023,6,0.208593818,0.013512886,0.009268726,0.021005576,0.105421683,St. Petersburg
PS - Domestic - REUSE,55,207-5,St Pete Facilities,2023,6,0.145555279,0.009429195,0.006467651,0.014657541,0.073562499,St. Petersburg
PS - Domestic - REUSE,1,206-1,St Pete Facilities,2023,7,0.463275527,0.021214547,0.022088761,0.05355298,0.268510478,St. Petersburg
PS - Domestic - REUSE,3,206-3W,St Pete Facilities,2023,7,2.052889677,0.094006961,0.097880823,0.237306644,1.189837056,St. Petersburg
PS - Domestic - REUSE,5,207-5,St Pete Facilities,2023,7,0.223411727,0.010230583,0.010652167,0.02582559,0.1294875,St. Petersburg
PS - Domestic - REUSE,55,207-5,St Pete Facilities,2023,7,0.15589511,0.007138828,0.007433006,0.018020913,0.090355454,St. Petersburg
PS - Domestic - REUSE,1,206-1,St Pete Facilities,2023,8,0.544468459,0.079641919,0.035988807,0.055202189,0.264702778,St. Petersburg
PS - Domestic - REUSE,3,206-3W,St Pete Facilities,2023,8,2.412675861,0.352913253,0.159475402,0.244614701,1.172964183,St. Petersburg
PS - Domestic - REUSE,5,207-5,St Pete Facilities,2023,8,0.262566512,0.038406818,0.017355377,0.026620911,0.12765126,St. Petersburg
PS - Domestic - REUSE,55,207-5,St Pete Facilities,2023,8,0.18321704,0.026800004,0.012110459,0.018575882,0.089074139,St. Petersburg
PS - Domestic - REUSE,1,206-1,St Pete Facilities,2023,9,0.400237188,0.023978865,0.029055028,0.051570596,0.240988413,St. Petersburg
PS - Domestic - REUSE,3,206-3W,St Pete Facilities,2023,9,1.773551037,0.106256346,0.128750092,0.228522204,1.067879905,St. Petersburg
PS - Domestic - REUSE,5,207-5,St Pete Facilities,2023,9,0.193011882,0.011563658,0.014011606,0.024869598,0.116215156,St. Petersburg
PS - Domestic - REUSE,55,207-5,St Pete Facilities,2023,9,0.134682315,0.008069038,0.009777198,0.017353828,0.081094107,St. Petersburg
PS - Domestic - REUSE,1,206-1,St Pete Facilities,2023,10,0.57891924,0.020034602,0.019656807,0.049972985,0.252254526,St. Petersburg
PS - Domestic - REUSE,3,206-3W,St Pete Facilities,2023,10,2.565335882,0.088778332,0.087104224,0.221442791,1.117802868,St. Petersburg
PS - Domestic - REUSE,5,207-5,St Pete Facilities,2023,10,0.279180185,0.009661562,0.009479372,0.02409916,0.121648169,St. Petersburg
PS - Domestic - REUSE,55,207-5,St Pete Facilities,2023,10,0.194809943,0.006741769,0.006614638,0.016816222,0.084885225,St. Petersburg
PS - Domestic - REUSE,1,206-1,St Pete Facilities,2023,11,0.560773992,0.026876497,0.020501555,0.044885827,0.224744453,St. Petersburg
PS - Domestic - REUSE,3,206-3W,St Pete Facilities,2023,11,2.484929751,0.119096475,0.090847517,0.19890032,0.995898857,St. Petersburg
PS - Domestic - REUSE,5,207-5,St Pete Facilities,2023,11,0.270429753,0.012961022,0.009886747,0.021645909,0.108381608,St. Petersburg
PS - Domestic - REUSE,55,207-5,St Pete Facilities,2023,11,0.188703953,0.009044109,0.006898902,0.015104361,0.075627913,St. Petersburg
PS - Domestic - REUSE,1,206-1,St Pete Facilities,2023,12,0.52050976,0.01986755,0.016095335,0.046150529,0.22245758,St. Petersburg
PS - Domestic - REUSE,3,206-3W,St Pete Facilities,2023,12,2.306508875,0.08803808,0.071322453,0.204504534,0.985765149,St. Petersburg
PS - Domestic - REUSE,5,207-5,St Pete Facilities,2023,12,0.251012579,0.009581002,0.007761875,0.022255804,0.107278777,St. Petersburg
PS - Domestic - REUSE,55,207-5,St Pete Facilities,2023,12,0.175154788,0.006685555,0.005416181,0.015529942,0.074858366,St. Petersburg
PS - Domestic - REUSE,1,206-1,St Pete Facilities,2024,1,0.293271293,0.010463334,0.009308298,0.032898183,0.140107607,St. Petersburg
PS - Domestic - REUSE,3,206-3W,St Pete Facilities,2024,1,1.299558416,0.046365648,0.041247394,0.145780075,0.620851834,St. Petersburg
PS - Domestic - REUSE,5,207-5,St Pete Facilities,2024,1,0.141428248,0.005045877,0.004488868,0.015864943,0.067566018,St. Petersburg
PS - Domestic - REUSE,55,207-5,St Pete Facilities,2024,1,0.098687623,0.003520977,0.0031323,0.011070444,0.047147086,St. Petersburg
PS - Domestic - REUSE,1,206-1,St Pete Facilities,2024,2,0.327297051,0.00930506,0.010713404,0.036826429,0.145306038,St. Petersburg
PS - Domestic - REUSE,3,206-3W,St Pete Facilities,2024,2,1.450335056,0.041233046,0.047473769,0.163187113,0.643887379,St. Petersburg
PS - Domestic - REUSE,5,207-5,St Pete Facilities,2024,2,0.157836957,0.004487307,0.005166472,0.017759315,0.070072929,St. Petersburg
PS - Domestic - REUSE,55,207-5,St Pete Facilities,2024,2,0.110137503,0.003131211,0.003605127,0.012392324,0.04889639,St. Petersburg
PS - Domestic - REUSE,1,206-1,St Pete Facilities,2024,3,0.365777809,0.01665463,0.010916631,0.037390692,0.175514716,St. Petersburg
PS - Domestic - REUSE,3,206-3W,St Pete Facilities,2024,3,1.620852917,0.073800828,0.04837432,0.165687503,0.777749584,St. Petersburg
PS - Domestic - REUSE,5,207-5,St Pete Facilities,2024,3,0.176394062,0.008031591,0.005264477,0.018031427,0.084640875,St. Petersburg
PS - Domestic - REUSE,55,207-5,St Pete Facilities,2024,3,0.123086519,0.005604387,0.003673515,0.012582202,0.059061799,St. Petersburg
PS - Domestic - REUSE,1,206-1,St Pete Facilities,2024,4,0.328175381,0.027288593,0.016067241,0.041699918,0.207922688,St. Petersburg
PS - Domestic - REUSE,3,206-3W,St Pete Facilities,2024,4,1.454227158,0.120922576,0.071197962,0.184782763,0.92135741,St. Petersburg
PS - Domestic - REUSE,5,207-5,St Pete Facilities,2024,4,0.158260527,0.013159753,0.007748327,0.020109525,0.100269417,St. Petersburg
PS - Domestic - REUSE,55,207-5,St Pete Facilities,2024,4,0.110433067,0.009182782,0.005406727,0.014032283,0.069967284,St. Petersburg
PS - Domestic - REUSE,1,206-1,St Pete Facilities,2024,5,0.64154169,0.045504195,0.022671888,0.06644386,0.298093382,St. Petersburg
PS - Domestic - REUSE,3,206-3W,St Pete Facilities,2024,5,2.842831612,0.201640465,0.100464803,0.294429355,1.320926299,St. Petersburg
PS - Domestic - REUSE,5,207-5,St Pete Facilities,2024,5,0.30937947,0.021944114,0.010933376,0.032042136,0.14375367,St. Petersburg
PS - Domestic - REUSE,55,207-5,St Pete Facilities,2024,5,0.215882788,0.015312446,0.007629232,0.022358774,0.100310286,St. Petersburg
PS - Domestic - REUSE,1,206-1,St Pete Facilities,2024,6,0.605401455,0.033116993,0.025764268,0.069331387,0.259336456,St. Petersburg
PS - Domestic - REUSE,3,206-3W,St Pete Facilities,2024,6,2.682685197,0.146749676,0.114167911,0.307224708,1.149184672,St. Petersburg
PS - Domestic - REUSE,5,207-5,St Pete Facilities,2024,6,0.291951068,0.015970463,0.012424657,0.033434628,0.125063385,St. Petersburg
PS - Domestic - REUSE,55,207-5,St Pete Facilities,2024,6,0.203721373,0.011144075,0.008669837,0.023330445,0.087268338,St. Petersburg
PS - Domestic - REUSE,1,206-1,St Pete Facilities,2024,7,0.468277637,0.027150281,0.035201198,0.06296207,0.244841902,St. Petersburg
PS - Domestic - REUSE,3,206-3W,St Pete Facilities,2024,7,2.075055279,0.120309683,0.155985309,0.279000675,1.084955677,St. Petersburg
PS - Domestic - REUSE,5,207-5,St Pete Facilities,2024,7,0.225823964,0.013093053,0.016975558,0.030363065,0.118073477,St. Petersburg
PS - Domestic - REUSE,55,207-5,St Pete Facilities,2024,7,0.157578352,0.009136239,0.011845423,0.02118713,0.08239083,St. Petersburg
PS - Domestic - REUSE,1,206-1,St Pete Facilities,2024,8,0.363294475,0.021075517,0.038181509,0.055737403,0.214470421,St. Petersburg
PS - Domestic - REUSE,3,206-3W,St Pete Facilities,2024,8,1.609848644,0.093390887,0.169191812,0.246986369,0.950372052,St. Petersburg
PS - Domestic - REUSE,5,207-5,St Pete Facilities,2024,8,0.17519649,0.010163537,0.018412794,0.026879014,0.10342702,St. Petersburg
PS - Domestic - REUSE,55,207-5,St Pete Facilities,2024,8,0.122250862,0.007092043,0.012848316,0.018755985,0.072170637,St. Petersburg
PS - Domestic - REUSE,1,206-1,St Pete Facilities,2024,9,0.231211775,0.008407762,0.071629812,0.047499507,0.160706184,St. Petersburg
PS - Domestic - REUSE,3,206-3W,St Pete Facilities,2024,9,1.024557176,0.037256894,0.317409602,0.210482192,0.712129277,St. Petersburg
PS - Domestic - REUSE,5,207-5,St Pete Facilities,2024,9,0.111500433,0.004054591,0.034543029,0.022906341,0.077499553,St. Petersburg
PS - Domestic - REUSE,55,207-5,St Pete Facilities,2024,9,0.077804207,0.002829264,0.024103879,0.015983881,0.054078635,St. Petersburg
PS - Domestic - REUSE,1,206-1,St Pete Facilities,2024,10,0.159844488,0.008288928,0.015843561,0.030965121,0.12589069,St. Petersburg
PS - Domestic - REUSE,3,206-3W,St Pete Facilities,2024,10,0.708310888,0.036730311,0.070206779,0.137214191,0.557853119,St. Petersburg
PS - Domestic - REUSE,5,207-5,St Pete Facilities,2024,10,0.077084005,0.003997284,0.007640458,0.014932736,0.060709998,St. Petersburg
PS - Domestic - REUSE,55,207-5,St Pete Facilities,2024,10,0.053788669,0.002789276,0.005331457,0.010419957,0.042363004,St. Petersburg
PS - Domestic - REUSE,1,206-1,St Pete Facilities,2024,11,0.438975873,0.011992908,0.034181844,0.054183776,0.200138669,St. Petersburg
PS - Domestic - REUSE,3,206-3W,St Pete Facilities,2024,11,1.945211835,0.053143572,0.151468294,0.240101858,0.886864478,St. Petersburg
PS - Domestic - REUSE,5,207-5,St Pete Facilities,2024,11,0.211693371,0.005783505,0.01648398,0.026129787,0.096515622,St. Petersburg
PS - Domestic - REUSE,55,207-5,St Pete Facilities,2024,11,0.147718125,0.004035688,0.011502404,0.018233179,0.067347913,St. Petersburg
PS - Domestic - REUSE,1,206-1,St Pete Facilities,2024,12,0.470441053,0.010309196,0.040321848,0.05464483,0.198946719,St. Petersburg
PS - Domestic - REUSE,3,206-3W,St Pete Facilities,2024,12,2.084641917,0.045682624,0.17867619,0.242144901,0.881582647,St. Petersburg
PS - Domestic - REUSE,5,207-5,St Pete Facilities,2024,12,0.226867258,0.004971545,0.019444959,0.026352128,0.095940812,St. Petersburg
PS - Domestic - REUSE,55,207-5,St Pete Facilities,2024,12,0.158306355,0.003469109,0.013568554,0.018388327,0.066946814,St. Petersburg
PS - Domestic - REUSE,2,02301500,Valrico AWTP,2022,1,0.709213117,0.01423603,0.013804635,0.033217403,0.469625784,Hillsborough Co.
PS - Domestic - SW,2,02301500,Valrico AWTP,2022,1,0.484636854,0.05549277,0.059192288,0.133182647,0.167807314,Hillsborough Co.
PS - Domestic - REUSE,2,02301500,Valrico AWTP,2022,2,0.616405121,0.011899713,0.01229637,0.038872395,0.431809518,Hillsborough Co.
PS - Domestic - SW,2,02301500,Valrico AWTP,2022,2,0.369784889,0.039936768,0.045853326,0.118331164,0.134185285,Hillsborough Co.
PS - Domestic - REUSE,2,02301500,Valrico AWTP,2022,3,0.609675387,0.01404782,0.017793905,0.044953024,0.509758722,Hillsborough Co.
PS - Domestic - SW,2,02301500,Valrico AWTP,2022,3,0.143364083,0.01864376,0.027644195,0.105433675,0.058321843,Hillsborough Co.
PS - Domestic - REUSE,2,02301500,Valrico AWTP,2022,4,0.526969754,0.016890056,0.016407483,0.04922245,0.525339477,Hillsborough Co.
PS - Domestic - SW,2,02301500,Valrico AWTP,2022,4,0.094737036,0.017763194,0.015071801,0.06190204,0.048831815,Hillsborough Co.
PS - Domestic - REUSE,2,02301500,Valrico AWTP,2022,5,0.634480267,0.019403066,0.01746276,0.046082282,0.528064974,Hillsborough Co.
PS - Domestic - SW,2,02301500,Valrico AWTP,2022,5,0.18344435,0.029769478,0.030574058,0.084480951,0.072990314,Hillsborough Co.
PS - Domestic - REUSE,2,02301500,Valrico AWTP,2022,6,0.61243588,0.017957225,0.03922236,0.079862395,0.514437491,Hillsborough Co.
PS - Domestic - SW,2,02301500,Valrico AWTP,2022,6,0.091403464,0.018480482,0.047949358,0.068927202,0.045311382,Hillsborough Co.
PS - Domestic - REUSE,2,02301500,Valrico AWTP,2022,7,1.16003172,0.046984525,0.050764889,0.087488426,0.587912338,Hillsborough Co.
PS - Domestic - SW,2,02301500,Valrico AWTP,2022,7,0,0,0,0,0,Hillsborough Co.
PS - Domestic - REUSE,2,02301500,Valrico AWTP,2022,8,0.897019276,0.023043728,0.029226192,0.042153162,0.611851283,Hillsborough Co.
PS - Domestic - SW,2,02301500,Valrico AWTP,2022,8,0,0,0,0,0,Hillsborough Co.
PS - Domestic - REUSE,2,02301500,Valrico AWTP,2022,9,1.053030694,0.028505608,0.057570149,0.092224026,0.608467125,Hillsborough Co.
PS - Domestic - SW,2,02301500,Valrico AWTP,2022,9,0,0,0,0,0,Hillsborough Co.
PS - Domestic - REUSE,2,02301500,Valrico AWTP,2022,10,1.112276893,0.03181068,0.047167561,0.070751341,0.597065464,Hillsborough Co.
PS - Domestic - SW,2,02301500,Valrico AWTP,2022,10,0.070651738,0.011484028,0.03495139,0.044937502,0.02264812,Hillsborough Co.
PS - Domestic - REUSE,2,02301500,Valrico AWTP,2022,11,5.455366111,0.044261524,0.07412472,0.131184757,0.580530784,Hillsborough Co.
PS - Domestic - SW,2,02301500,Valrico AWTP,2022,11,0,0,0,0,0,Hillsborough Co.
PS - Domestic - REUSE,2,02301500,Valrico AWTP,2022,12,1.686902581,0.013388116,0.078582418,0.062865935,0.633677969,Hillsborough Co.
PS - Domestic - SW,2,02301500,Valrico AWTP,2022,12,0,0,0,0,0,Hillsborough Co.
PS - Domestic - REUSE,2,02301500,Valrico AWTP,2023,1,1.471901085,0.017881866,0.035763732,0.031293265,0.60833085,Hillsborough Co.
PS - Domestic - SW,2,02301500,Valrico AWTP,2023,1,0,0,0,0,0,Hillsborough Co.
PS - Domestic - REUSE,2,02301500,Valrico AWTP,2023,2,3.341880984,0.036571901,0.074132231,0.094889256,0.538013037,Hillsborough Co.
PS - Domestic - SW,2,02301500,Valrico AWTP,2023,2,0,0,0,0,0,Hillsborough Co.
PS - Domestic - REUSE,2,02301500,Valrico AWTP,2023,3,4.111804668,0.029092958,0.080275013,0.065189775,0.586504165,Hillsborough Co.
PS - Domestic - SW,2,02301500,Valrico AWTP,2023,3,0,0,0,0,0,Hillsborough Co.
PS - Domestic - REUSE,2,02301500,Valrico AWTP,2023,4,3.366023907,0.023462063,0.066736534,0.0750786,0.567584675,Hillsborough Co.
PS - Domestic - SW,2,02301500,Valrico AWTP,2023,4,0,0,0,0,0,Hillsborough Co.
PS - Domestic - REUSE,2,02301500,Valrico AWTP,2023,5,3.468527051,0.024244131,0.123914449,0.14115472,0.586504165,Hillsborough Co.
PS - Domestic - SW,2,02301500,Valrico AWTP,2023,5,0,0,0,0,0,Hillsborough Co.
PS - Domestic - REUSE,2,02301500,Valrico AWTP,2023,6,1.290426584,0.014475939,0.099263583,0.094093605,0.562815056,Hillsborough Co.
PS - Domestic - SW,2,02301500,Valrico AWTP,2023,6,0,0,0,0,0,Hillsborough Co.
PS - Domestic - REUSE,2,02301500,Valrico AWTP,2023,7,1.106269704,0.014598867,0.055691974,0.074075733,0.588616424,Hillsborough Co.
PS - Domestic - SW,2,02301500,Valrico AWTP,2023,7,0,0,0,0,0,Hillsborough Co.
PS - Domestic - REUSE,2,02301500,Valrico AWTP,2023,8,1.89780615,0.026729664,0.076847784,0.079632124,0.60621859,Hillsborough Co.
PS - Domestic - SW,2,02301500,Valrico AWTP,2023,8,0,0,0,0,0,Hillsborough Co.
PS - Domestic - REUSE,2,02301500,Valrico AWTP,2023,9,0.794273906,0.007942739,0.045538371,0.038125148,0.576442539,Hillsborough Co.
PS - Domestic - SW,2,02301500,Valrico AWTP,2023,9,0,0,0,0,0,Hillsborough Co.
PS - Domestic - REUSE,2,02301500,Valrico AWTP,2023,10,0.877072924,0.0102487,0.039376583,0.037758367,0.587208251,Hillsborough Co.
PS - Domestic - SW,2,02301500,Valrico AWTP,2023,10,0,0,0,0,0,Hillsborough Co.
PS - Domestic - REUSE,2,02301500,Valrico AWTP,2023,11,0.656896442,0.008820884,0.036321288,0.027500404,0.564859179,Hillsborough Co.
PS - Domestic - SW,2,02301500,Valrico AWTP,2023,11,0,0,0,0,0,Hillsborough Co.
PS - Domestic - REUSE,2,02301500,Valrico AWTP,2023,12,0.583489009,0.008692574,0.023904578,0.02227472,0.591432771,Hillsborough Co.
PS - Domestic - SW,2,02301500,Valrico AWTP,2023,12,0,0,0,0,0,Hillsborough Co.
PS - Domestic - REUSE,2,02301500,Valrico AWTP,2024,1,0.543615708,0.009334815,0.041183008,0.0323973,0.597769551,Hillsborough Co.
PS - Domestic - SW,2,02301500,Valrico AWTP,2024,1,0,0,0,0,0,Hillsborough Co.
PS - Domestic - REUSE,2,02301500,Valrico AWTP,2024,2,0.590351435,0.010467224,0.042915619,0.04343898,0.56974236,Hillsborough Co.
PS - Domestic - SW,2,02301500,Valrico AWTP,2024,2,0,0,0,0,0,Hillsborough Co.
PS - Domestic - REUSE,2,02301500,Valrico AWTP,2024,3,0.691013041,0.012976771,0.034064023,0.071372239,0.588616424,Hillsborough Co.
PS - Domestic - SW,2,02301500,Valrico AWTP,2024,3,0,0,0,0,0,Hillsborough Co.
PS - Domestic - REUSE,2,02301500,Valrico AWTP,2024,4,0.634367604,0.011862158,0.034039237,0.153176568,0.561452308,Hillsborough Co.
PS - Domestic - SW,2,02301500,Valrico AWTP,2024,4,0,0,0,0,0,Hillsborough Co.
PS - Domestic - REUSE,2,02301500,Valrico AWTP,2024,5,0.559902641,0.018339778,0.040994798,0.175306704,0.587208251,Hillsborough Co.
PS - Domestic - SW,2,02301500,Valrico AWTP,2024,5,0,0,0,0,0,Hillsborough Co.
PS - Domestic - REUSE,2,02301500,Valrico AWTP,2024,6,1.074297707,0.01428316,0.031626998,0.149973184,0.55531994,Hillsborough Co.
PS - Domestic - SW,2,02301500,Valrico AWTP,2024,6,0,0,0,0,0,Hillsborough Co.
PS - Domestic - REUSE,2,02301500,Valrico AWTP,2024,7,2.36923081,0.020163667,0.043127842,0.071132935,0.609739023,Hillsborough Co.
PS - Domestic - SW,2,02301500,Valrico AWTP,2024,7,0,0,0,0,0,Hillsborough Co.
PS - Domestic - REUSE,2,02301500,Valrico AWTP,2024,8,0.756052119,0.015453896,0.023775224,0.027341507,0.647055615,Hillsborough Co.
PS - Domestic - SW,2,02301500,Valrico AWTP,2024,8,0,0,0,0,0,Hillsborough Co.
PS - Domestic - REUSE,2,02301500,Valrico AWTP,2024,9,0.640826947,0.016223467,0.025687156,0.018927378,0.490589395,Hillsborough Co.
PS - Domestic - SW,2,02301500,Valrico AWTP,2024,9,0.678039525,0.097660014,0.167417167,0.122772589,0.2531305,Hillsborough Co.
PS - Domestic - REUSE,2,02301500,Valrico AWTP,2024,10,0.538023744,0.015381457,0.014726927,0.028472059,0.356267836,Hillsborough Co.
PS - Domestic - SW,2,02301500,Valrico AWTP,2024,10,1.393709315,0.285199203,0.220625799,0.462776066,0.488166732,Hillsborough Co.
PS - Domestic - REUSE,2,02301500,Valrico AWTP,2024,11,0.747834232,0.01871457,0.020211736,0.050155049,0.407461748,Hillsborough Co.
PS - Domestic - SW,2,02301500,Valrico AWTP,2024,11,0.999520793,0.253724509,0.188371226,0.549736436,0.348750008,Hillsborough Co.
PS - Domestic - REUSE,2,02301500,Valrico AWTP,2024,12,2.096637132,0.00702391,0.038046179,0.085457572,0.637198402,Hillsborough Co.
PS - Domestic - SW,2,02301500,Valrico AWTP,2024,12,0,0,0,0,0,Hillsborough Co.
PS - Domestic - REUSE,1,02307000,Van Dyke WWTP,2022,1,0.243723209,0.01639171,0.007367991,0.018626944,0.090123089,Hillsborough Co.
PS - Domestic - REUSE,1,02307000,Van Dyke WWTP,2022,2,0.216438075,0.01125478,0.005860477,0.013519055,0.072498211,Hillsborough Co.
PS - Domestic - REUSE,1,02307000,Van Dyke WWTP,2022,3,0.259819993,0.01508265,0.008679638,0.016078674,0.07744953,Hillsborough Co.
PS - Domestic - REUSE,1,02307000,Van Dyke WWTP,2022,4,0.129862845,0.012237076,0.008907259,0.016649083,0.090622763,Hillsborough Co.
PS - Domestic - REUSE,1,02307000,Van Dyke WWTP,2022,5,0.045074617,0.012115921,0.006862865,0.011861741,0.092235349,Hillsborough Co.
PS - Domestic - REUSE,1,02307000,Van Dyke WWTP,2022,6,0.050550621,0.013744882,0.005803395,0.009163255,0.083127648,Hillsborough Co.
PS - Domestic - REUSE,1,02307000,Van Dyke WWTP,2022,7,0.074973448,0.018580376,0.004156137,0.007986302,0.088714916,Hillsborough Co.
PS - Domestic - REUSE,1,02307000,Van Dyke WWTP,2022,8,0.058694276,0.010995071,0.002506229,0.009216457,0.088010829,Hillsborough Co.
PS - Domestic - REUSE,1,02307000,Van Dyke WWTP,2022,9,0.082251476,0.019327332,0.004942149,0.009443034,0.096073757,Hillsborough Co.
PS - Domestic - REUSE,1,02307000,Van Dyke WWTP,2022,10,0.13826237,0.015274094,0.004534497,0.011932886,0.086602656,Hillsborough Co.
PS - Domestic - REUSE,1,02307000,Van Dyke WWTP,2022,11,0.102050114,0.007176631,0.004810709,0.006309126,0.085853144,Hillsborough Co.
PS - Domestic - REUSE,1,02307000,Van Dyke WWTP,2022,12,0.094066065,0.008847798,0.004889573,0.005432859,0.084490396,Hillsborough Co.
PS - Domestic - REUSE,1,02307000,Van Dyke WWTP,2023,1,0.068373818,0.010034619,0.00519032,0.007820083,0.07533727,Hillsborough Co.
PS - Domestic - REUSE,1,02307000,Van Dyke WWTP,2023,2,0.061105054,0.013961862,0.00484868,0.009054764,0.063594922,Hillsborough Co.
PS - Domestic - REUSE,1,02307000,Van Dyke WWTP,2023,3,0.084470602,0.013989611,0.006128782,0.010125814,0.072520923,Hillsborough Co.
PS - Domestic - REUSE,1,02307000,Van Dyke WWTP,2023,4,0.149841744,0.011654358,0.006897477,0.012189507,0.064730545,Hillsborough Co.
PS - Domestic - REUSE,1,02307000,Van Dyke WWTP,2023,5,0.242481413,0.015677678,0.010321138,0.017245445,0.07111275,Hillsborough Co.
PS - Domestic - REUSE,1,02307000,Van Dyke WWTP,2023,6,0.044225221,0.007155976,0.006833635,0.009025555,0.070181539,Hillsborough Co.
PS - Domestic - REUSE,1,02307000,Van Dyke WWTP,2023,7,0.077418234,0.006723163,0.00373509,0.010729896,0.073929096,Hillsborough Co.
PS - Domestic - REUSE,1,02307000,Van Dyke WWTP,2023,8,0.071571444,0.011383132,0.003272651,0.006545301,0.07744953,Hillsborough Co.
PS - Domestic - REUSE,1,02307000,Van Dyke WWTP,2023,9,0.069099952,0.006981974,0.003454998,0.005614371,0.078358028,Hillsborough Co.
PS - Domestic - REUSE,1,02307000,Van Dyke WWTP,2023,10,0.102545205,0.00461793,0.004210465,0.012223932,0.073929096,Hillsborough Co.
PS - Domestic - REUSE,1,02307000,Van Dyke WWTP,2023,11,0.105778006,0.00469429,0.00350507,0.010014486,0.068137416,Hillsborough Co.
PS - Domestic - REUSE,1,02307000,Van Dyke WWTP,2023,12,0.101375847,0.004300366,0.004441362,0.007049781,0.076745443,Hillsborough Co.
PS - Domestic - REUSE,1,02307000,Van Dyke WWTP,2024,1,0.112751218,0.008021228,0.004313302,0.01543708,0.082378136,Hillsborough Co.
PS - Domestic - REUSE,1,02307000,Van Dyke WWTP,2024,2,0.085765893,0.004351461,0.003509243,0.008632737,0.076404756,Hillsborough Co.
PS - Domestic - REUSE,1,02307000,Van Dyke WWTP,2024,3,0.088202459,0.005002757,0.004848826,0.010005515,0.083786309,Hillsborough Co.
PS - Domestic - REUSE,1,02307000,Van Dyke WWTP,2024,4,0.084657456,0.005227562,0.003702856,0.010527728,0.079039403,Hillsborough Co.
PS - Domestic - REUSE,1,02307000,Van Dyke WWTP,2024,5,0.065768633,0.005087484,0.004645094,0.010322431,0.080265876,Hillsborough Co.
PS - Domestic - REUSE,1,02307000,Van Dyke WWTP,2024,6,0.080366249,0.005507967,0.003066936,0.00813677,0.068137416,Hillsborough Co.
PS - Domestic - REUSE,1,02307000,Van Dyke WWTP,2024,7,0.102674559,0.018837144,0.004527382,0.007599534,0.088010829,Hillsborough Co.
PS - Domestic - REUSE,1,02307000,Van Dyke WWTP,2024,8,0.10012629,0.013999959,0.00567087,0.00664555,0.096459869,Hillsborough Co.
PS - Domestic - REUSE,1,02307000,Van Dyke WWTP,2024,9,0.076892474,0.013857545,0.005745811,0.0091257,0.091985512,Hillsborough Co.
PS - Domestic - REUSE,1,02307000,Van Dyke WWTP,2024,10,0.106108902,0.013368713,0.006810476,0.009753275,0.091531262,Hillsborough Co.
PS - Domestic - REUSE,1,02307000,Van Dyke WWTP,2024,11,0.125179821,0.017090972,0.004927127,0.011163022,0.083809022,Hillsborough Co.
PS - Domestic - REUSE,1,02307000,Van Dyke WWTP,2024,12,0.083006318,0.008925411,0.004388327,0.008776654,0.080969963,Hillsborough Co.
PS - Domestic - REUSE,1,LTARPON,William E. Dunn WRF (Pinellas NW),2022,1,0.053086789,0.003096729,0.01474633,0.029492661,0.160531752,Pinellas Co.
PS - Domestic - REUSE,1,LTARPON,William E. Dunn WRF (Pinellas NW),2022,2,0.044752734,0.005327707,0.013319266,0.026638532,0.144996421,Pinellas Co.
PS - Domestic - REUSE,1,LTARPON,William E. Dunn WRF (Pinellas NW),2022,3,0.036834781,0.010524223,0.014616977,0.029233953,0.159123579,Pinellas Co.
PS - Domestic - REUSE,1,LTARPON,William E. Dunn WRF (Pinellas NW),2022,4,0.026995298,0.008666912,0.014208052,0.028416104,0.154671934,Pinellas Co.
PS - Domestic - REUSE,1,LTARPON,William E. Dunn WRF (Pinellas NW),2022,5,0.030734457,0.010529397,0.014228915,0.028457831,0.154899059,Pinellas Co.
PS - Domestic - REUSE,1,LTARPON,William E. Dunn WRF (Pinellas NW),2022,6,0.032682275,0.011117331,0.013394375,0.02678875,0.14581407,Pinellas Co.
PS - Domestic - REUSE,1,LTARPON,William E. Dunn WRF (Pinellas NW),2022,7,0.039406334,0.012169603,0.014487623,0.028975246,0.157715406,Pinellas Co.
PS - Domestic - REUSE,1,LTARPON,William E. Dunn WRF (Pinellas NW),2022,8,0.045219493,0.006753561,0.014681654,0.029363307,0.159827666,Pinellas Co.
PS - Domestic - REUSE,1,LTARPON,William E. Dunn WRF (Pinellas NW),2022,9,0.047869242,0.007479569,0.014959138,0.029918276,0.162848424,Pinellas Co.
PS - Domestic - REUSE,1,LTARPON,William E. Dunn WRF (Pinellas NW),2022,10,0.039640464,0.007781276,0.014681654,0.029363307,0.159827666,Pinellas Co.
PS - Domestic - REUSE,1,LTARPON,William E. Dunn WRF (Pinellas NW),2022,11,0.034860425,0.006351688,0.014771367,0.029542733,0.160804302,Pinellas Co.
PS - Domestic - REUSE,1,LTARPON,William E. Dunn WRF (Pinellas NW),2022,12,0.030170475,0.00307862,0.015393099,0.030786199,0.167572618,Pinellas Co.
PS - Domestic - REUSE,1,LTARPON,William E. Dunn WRF (Pinellas NW),2023,1,0.030016544,0.005145693,0.014293592,0.028587184,0.155603146,Pinellas Co.
PS - Domestic - REUSE,1,LTARPON,William E. Dunn WRF (Pinellas NW),2023,2,0.03177346,0.013465895,0.015130219,0.030260438,0.164710847,Pinellas Co.
PS - Domestic - REUSE,1,LTARPON,William E. Dunn WRF (Pinellas NW),2023,3,0.04937563,0.017448531,0.018562267,0.037124534,0.202072863,Pinellas Co.
PS - Domestic - REUSE,1,LTARPON,William E. Dunn WRF (Pinellas NW),2023,4,0.039432038,0.011040971,0.015772815,0.03154563,0.171706288,Pinellas Co.
PS - Domestic - REUSE,1,LTARPON,William E. Dunn WRF (Pinellas NW),2023,5,0.029622015,0.008146054,0.014811007,0.029622015,0.161235839,Pinellas Co.
PS - Domestic - REUSE,1,LTARPON,William E. Dunn WRF (Pinellas NW),2023,6,0.030152365,0.01575529,0.013582146,0.027164293,0.147858193,Pinellas Co.
PS - Domestic - REUSE,1,LTARPON,William E. Dunn WRF (Pinellas NW),2023,7,0.031918044,0.013071199,0.015199069,0.030398137,0.165460359,Pinellas Co.
PS - Domestic - REUSE,1,LTARPON,William E. Dunn WRF (Pinellas NW),2023,8,0.044539092,0.024357316,0.017398083,0.034796166,0.189399304,Pinellas Co.
PS - Domestic - REUSE,1,LTARPON,William E. Dunn WRF (Pinellas NW),2023,9,0.039732473,0.012610741,0.017274988,0.034549976,0.188059268,Pinellas Co.
PS - Domestic - REUSE,1,LTARPON,William E. Dunn WRF (Pinellas NW),2023,10,0.070355518,0.007705604,0.016751314,0.033502628,0.182358438,Pinellas Co.
PS - Domestic - REUSE,1,LTARPON,William E. Dunn WRF (Pinellas NW),2023,11,0.041660261,0.005287649,0.016023177,0.032046355,0.174431785,Pinellas Co.
PS - Domestic - REUSE,1,LTARPON,William E. Dunn WRF (Pinellas NW),2023,12,0.032667002,0.005221365,0.013388116,0.026776231,0.145745933,Pinellas Co.
PS - Domestic - REUSE,1,LTARPON,William E. Dunn WRF (Pinellas NW),2024,1,0.025658615,0.00221195,0.011059748,0.022119496,0.120398814,Pinellas Co.
PS - Domestic - REUSE,1,LTARPON,William E. Dunn WRF (Pinellas NW),2024,2,0.024678447,0.002515764,0.011979829,0.023959657,0.130415014,Pinellas Co.
PS - Domestic - REUSE,1,LTARPON,William E. Dunn WRF (Pinellas NW),2024,3,0.026789167,0.003242899,0.014099562,0.028199123,0.153490886,Pinellas Co.
PS - Domestic - REUSE,1,LTARPON,William E. Dunn WRF (Pinellas NW),2024,4,0.028056834,0.005128669,0.015084319,0.030168639,0.164211173,Pinellas Co.
PS - Domestic - REUSE,1,LTARPON,William E. Dunn WRF (Pinellas NW),2024,5,0.034408104,0.008511478,0.018109529,0.036219057,0.197144257,Pinellas Co.
PS - Domestic - REUSE,1,LTARPON,William E. Dunn WRF (Pinellas NW),2024,6,0.031505572,0.010919545,0.017900893,0.035801787,0.19487301,Pinellas Co.
PS - Domestic - REUSE,1,LTARPON,William E. Dunn WRF (Pinellas NW),2024,7,0.029045097,0.008926704,0.013323439,0.026646878,0.145041846,Pinellas Co.
PS - Domestic - REUSE,1,LTARPON,William E. Dunn WRF (Pinellas NW),2024,8,0.029453855,0.010264222,0.014875684,0.029751368,0.161939925,Pinellas Co.
PS - Domestic - REUSE,1,LTARPON,William E. Dunn WRF (Pinellas NW),2024,9,0.032868794,0.01113736,0.013582146,0.027164293,0.147858193,Pinellas Co.
PS - Domestic - REUSE,1,LTARPON,William E. Dunn WRF (Pinellas NW),2024,10,0.047669453,0.009332875,0.014358269,0.028716538,0.156307232,Pinellas Co.
PS - Domestic - REUSE,1,LTARPON,William E. Dunn WRF (Pinellas NW),2024,11,0.060043102,0.004810083,0.016586492,0.033172984,0.180564152,Pinellas Co.
PS - Domestic - REUSE,1,LTARPON,William E. Dunn WRF (Pinellas NW),2024,12,0.04486765,0.003341208,0.015910514,0.031821029,0.173205312,Pinellas Co.
