Source,BaySeg,Basin,Fac Name,Year,Month,TNLoad (tons/mnth),TPLoad (tons/mnth),TSS Load (tons/mnth),BOD Load (tons/mnth),H2O Load (10e6m3/mnth),Entity,, 
PS - Industrial,2,02303000,Alpha/Owens Corning,2022,1,0,0,0,0,0,Alpha/Owens Corning,,
PS - Industrial,2,02303000,Alpha/Owens Corning,2022,2,0,0,0,0,0,Alpha/Owens Corning,,
PS - Industrial,2,02303000,Alpha/Owens Corning,2022,3,0,0,0,0,0,Alpha/Owens Corning,,
PS - Industrial,2,02303000,Alpha/Owens Corning,2022,4,0,0,0,0,0,Alpha/Owens Corning,,
PS - Industrial,2,02303000,Alpha/Owens Corning,2022,5,0,0,0,0,0,Alpha/Owens Corning,,
PS - Industrial,2,02303000,Alpha/Owens Corning,2022,6,0,0,0,0,0,Alpha/Owens Corning,,
PS - Industrial,2,02303000,Alpha/Owens Corning,2022,7,0,0,0,0,0,Alpha/Owens Corning,,
PS - Industrial,2,02303000,Alpha/Owens Corning,2022,8,0,0,0,0,0,Alpha/Owens Corning,,
PS - Industrial,2,02303000,Alpha/Owens Corning,2022,9,0,0,0,0,0,Alpha/Owens Corning,,
PS - Industrial,2,02303000,Alpha/Owens Corning,2022,10,0,0,0,0,0,Alpha/Owens Corning,,
PS - Industrial,2,02303000,Alpha/Owens Corning,2022,11,0,0,0,0,0,Alpha/Owens Corning,,
PS - Industrial,2,02303000,Alpha/Owens Corning,2022,12,0.001042333,0.004398028,0.008796057,0.02638817,0.003989824,Alpha/Owens Corning,,
PS - Industrial,2,02303000,Alpha/Owens Corning,2023,1,0,0,0,0,0,Alpha/Owens Corning,,
PS - Industrial,2,02303000,Alpha/Owens Corning,2023,2,0,0,0,0,0,Alpha/Owens Corning,,
PS - Industrial,2,02303000,Alpha/Owens Corning,2023,3,0,0,0,0,0,Alpha/Owens Corning,,
PS - Industrial,2,02303000,Alpha/Owens Corning,2023,4,0,0,0,0,0,Alpha/Owens Corning,,
PS - Industrial,2,02303000,Alpha/Owens Corning,2023,5,0,0,0,0,0,Alpha/Owens Corning,,
PS - Industrial,2,02303000,Alpha/Owens Corning,2023,6,0,0,0,0,0,Alpha/Owens Corning,,
PS - Industrial,2,02303000,Alpha/Owens Corning,2023,7,0,0,0,0,0,Alpha/Owens Corning,,
PS - Industrial,2,02303000,Alpha/Owens Corning,2023,8,0,0,0,0,0,Alpha/Owens Corning,,
PS - Industrial,2,02303000,Alpha/Owens Corning,2023,9,0,0,0,0,0,Alpha/Owens Corning,,
PS - Industrial,2,02303000,Alpha/Owens Corning,2023,10,0,0,0,0,0,Alpha/Owens Corning,,
PS - Industrial,2,02303000,Alpha/Owens Corning,2023,11,0,0,0,0,0,Alpha/Owens Corning,,
PS - Industrial,2,02303000,Alpha/Owens Corning,2023,12,0.003104491,0.012935378,0.025870755,0.077612265,0.011734777,Alpha/Owens Corning,,
PS - Industrial,2,02303000,Alpha/Owens Corning,2024,1,0,0,0,0,0,Alpha/Owens Corning,,
PS - Industrial,2,02303000,Alpha/Owens Corning,2024,2,0,0,0,0,0,Alpha/Owens Corning,,
PS - Industrial,2,02303000,Alpha/Owens Corning,2024,3,0,0,0,0,0,Alpha/Owens Corning,,
PS - Industrial,2,02303000,Alpha/Owens Corning,2024,4,0.007435756,0.012518107,0.025036215,0.075108644,0.011356236,Alpha/Owens Corning,,
PS - Industrial,2,02303000,Alpha/Owens Corning,2024,5,0,0,0,0,0,Alpha/Owens Corning,,
PS - Industrial,2,02303000,Alpha/Owens Corning,2024,6,0,0,0,0,0,Alpha/Owens Corning,,
PS - Industrial,2,02303000,Alpha/Owens Corning,2024,7,0,0,0,0,0,Alpha/Owens Corning,,
PS - Industrial,2,02303000,Alpha/Owens Corning,2024,8,0,0,0,0,0,Alpha/Owens Corning,,
PS - Industrial,2,02303000,Alpha/Owens Corning,2024,9,0,0,0,0,0,Alpha/Owens Corning,,
PS - Industrial,2,02303000,Alpha/Owens Corning,2024,10,0,0,0,0,0,Alpha/Owens Corning,,
PS - Industrial,2,02303000,Alpha/Owens Corning,2024,11,0,0,0,0,0,Alpha/Owens Corning,,
PS - Industrial,2,02303000,Alpha/Owens Corning,2024,12,0.001303886,0.005432859,0.010865717,0.032597151,0.004928606,Alpha/Owens Corning,,
PS - Industrial,2,02301300,Brewster Phosphogypsum,2022,1,0,0,0,0,0,Cytech Brewster,,
PS - Industrial,2,02301300,Brewster Phosphogypsum,2022,2,0,0,0,0,0,Cytech Brewster,,
PS - Industrial,2,02301300,Brewster Phosphogypsum,2022,3,0.004826189,0.018562267,0.112434301,0.101827292,0.009622517,Cytech Brewster,,
PS - Industrial,2,02301300,Brewster Phosphogypsum,2022,4,0.00712781,0.041121982,0.065795172,0.175453792,0.016580105,Cytech Brewster,,
PS - Industrial,2,02301300,Brewster Phosphogypsum,2022,5,0.000889954,0.004760219,0.005174151,0.01986874,0.001877564,Cytech Brewster,,
PS - Industrial,2,02301300,Brewster Phosphogypsum,2022,6,0.007892667,0.038242818,0.034174433,0.156225979,0.014763107,Cytech Brewster,,
PS - Industrial,2,02301300,Brewster Phosphogypsum,2022,7,0.002735315,0.031724013,0.057808202,0.13535579,0.012790907,Cytech Brewster,,
PS - Industrial,2,02301300,Brewster Phosphogypsum,2022,8,0.00904959,0.043191226,0.043191226,0.197445602,0.018658296,Cytech Brewster,,
PS - Industrial,2,02301300,Brewster Phosphogypsum,2022,9,0.240410876,1.346804384,0.327260878,2.416695717,0.228373906,Cytech Brewster,,
PS - Industrial,2,02301300,Brewster Phosphogypsum,2022,10,0.47799195,1.613998794,1.055306903,5.959380161,0.563151958,Cytech Brewster,,
PS - Industrial,2,02301300,Brewster Phosphogypsum,2022,11,0.048354945,0.162572659,0.116718832,0.800357706,0.075632532,Cytech Brewster,,
PS - Industrial,2,02301300,Brewster Phosphogypsum,2022,12,0.020076999,0.06047289,0.058053974,0.464431794,0.043888067,Cytech Brewster,,
PS - Industrial,2,02301300,Brewster Phosphogypsum,2023,1,0.030315351,0.018743362,0.008149288,0.156466326,0.014785819,Cytech Brewster,,
PS - Industrial,2,02301300,Brewster Phosphogypsum,2023,2,0.00073256,0.005783366,0.001927789,0.03701354,0.003497721,Cytech Brewster,,
PS - Industrial,2,02301300,Brewster Phosphogypsum,2023,3,0.00206966,0.001228861,0.000323384,0.006208981,0.000586739,Cytech Brewster,,
PS - Industrial,2,02301300,Brewster Phosphogypsum,2023,4,0.005301418,0.028779129,0.03029382,0.145410334,0.013741046,Cytech Brewster,,
PS - Industrial,2,02301300,Brewster Phosphogypsum,2023,5,0.018471719,0.076965496,0.314019224,0.295547505,0.02792877,Cytech Brewster,,
PS - Industrial,2,02301300,Brewster Phosphogypsum,2023,6,0.596550402,0.815285549,1.272640857,3.817922572,0.360787618,Cytech Brewster,,
PS - Industrial,2,02301300,Brewster Phosphogypsum,2023,7,0.234583071,0.306762478,0.360897033,1.732305756,0.163700142,Cytech Brewster,,
PS - Industrial,2,02301300,Brewster Phosphogypsum,2023,8,0.053107486,0.290431564,0.348517876,1.593224577,0.150557192,Cytech Brewster,,
PS - Industrial,2,02301300,Brewster Phosphogypsum,2023,9,0.20654877,0.671283502,0.654071105,3.304780319,0.31229649,Cytech Brewster,,
PS - Industrial,2,02301300,Brewster Phosphogypsum,2023,10,0.071085074,0.130155769,0.330395412,0.961150291,0.090827176,Cytech Brewster,,
PS - Industrial,2,02301300,Brewster Phosphogypsum,2023,11,0.015141903,0.126182521,0.122577306,0.34610063,0.03270596,Cytech Brewster,,
PS - Industrial,2,02301300,Brewster Phosphogypsum,2023,12,0.000434629,0.024991149,0.032597151,0.208621769,0.019714426,Cytech Brewster,,
PS - Industrial,2,02301300,Brewster Phosphogypsum,2024,1,0.010829498,0.050279812,0.046412135,0.371297076,0.035086984,Cytech Brewster,,
PS - Industrial,2,02301300,Brewster Phosphogypsum,2024,2,0.000613512,0.024540498,0.032720663,0.19632398,0.018552304,Cytech Brewster,,
PS - Industrial,2,02301300,Brewster Phosphogypsum,2024,3,0.002813445,0.025321002,0.020631927,0.180060455,0.017015427,Cytech Brewster,,
PS - Industrial,2,02301300,Brewster Phosphogypsum,2024,4,0.001051521,0.007229207,0.005257605,0.04206084,0.003974683,Cytech Brewster,,
PS - Industrial,2,02301300,Brewster Phosphogypsum,2024,5,0.010244819,0.014940361,0.037564336,0.040979276,0.003872477,Cytech Brewster,,
PS - Industrial,2,02301300,Brewster Phosphogypsum,2024,6,0.00165239,0.000901304,0.001164184,0.003605215,0.000340687,Cytech Brewster,,
PS - Industrial,2,02301300,Brewster Phosphogypsum,2024,7,0.00394529,0.050499714,0.077327687,0.151499141,0.014316428,Cytech Brewster,,
PS - Industrial,2,02301300,Brewster Phosphogypsum,2024,8,0.218955842,1.438239352,2.919411221,4.121521724,0.389477255,Cytech Brewster,,
PS - Industrial,2,02301300,Brewster Phosphogypsum,2024,9,0.480244667,1.618215727,1.618215727,5.011248702,0.473555041,Cytech Brewster,,
PS - Industrial,2,02301300,Brewster Phosphogypsum,2024,10,0.141730344,0.974396117,2.21453663,4.251910329,0.401798771,Cytech Brewster,,
PS - Industrial,2,02301300,Brewster Phosphogypsum,2024,11,0.019501959,0.097509797,0.223911385,0.693402998,0.065525482,Cytech Brewster,,
PS - Industrial,2,02301300,Brewster Phosphogypsum,2024,12,0.052947087,0.078440129,0.274540452,0.941281551,0.088949611,Cytech Brewster,,
PS - Industrial,2,02304500,Busch Gardens,2022,1,0.045403175,0.008071676,0.504479723,0.968601068,0.091531262,Busch Gardens,,
PS - Industrial,2,02304500,Busch Gardens,2022,2,0.00350507,0.004673427,0.29208917,0.560811206,0.052995768,Busch Gardens,,
PS - Industrial,2,02304500,Busch Gardens,2022,3,0.064857983,0.011279649,0.704978074,1.353557903,0.127909072,Busch Gardens,,
PS - Industrial,2,02304500,Busch Gardens,2022,4,0.053827861,0.008612458,0.538278613,1.033494936,0.09766363,Busch Gardens,,
PS - Industrial,2,02304500,Busch Gardens,2022,5,0.064573405,0.008071676,0.504479723,0.968601068,0.091531262,Busch Gardens,,
PS - Industrial,2,02304500,Busch Gardens,2022,6,0.08266958,0.012718397,0.794899812,1.526207638,0.144224197,Busch Gardens,,
PS - Industrial,2,02304500,Busch Gardens,2022,7,0.104285014,0.019778192,0.899008737,1.726096775,0.163113403,Busch Gardens,,
PS - Industrial,2,02304500,Busch Gardens,2022,8,0.063642057,0.012417962,0.776122651,1.490155489,0.140817326,Busch Gardens,,
PS - Industrial,2,02304500,Busch Gardens,2022,9,0.06421789,0.013519556,0.844972241,1.622346702,0.153309186,Busch Gardens,,
PS - Industrial,2,02304500,Busch Gardens,2022,10,0.065194303,0.012417962,0.776122651,1.490155489,0.140817326,Busch Gardens,,
PS - Industrial,2,02304500,Busch Gardens,2022,11,0.069926147,0.011416514,0.713532114,1.369981659,0.12946109,Busch Gardens,,
PS - Industrial,2,02304500,Busch Gardens,2022,12,0.04163898,0.011486615,0.717913452,1.378393828,0.130256027,Busch Gardens,,
PS - Industrial,2,02304500,Busch Gardens,2023,1,0.052155442,0.012223932,0.814928783,1.564663264,0.147858193,Busch Gardens,,
PS - Industrial,2,02304500,Busch Gardens,2023,2,0.023834476,0.008937929,0.595861906,1.14405486,0.108111367,Busch Gardens,,
PS - Industrial,2,02304500,Busch Gardens,2023,3,0.021214019,0.007955257,0.530350478,1.018272918,0.096225173,Busch Gardens,,
PS - Industrial,2,02304500,Busch Gardens,2023,4,0.053978079,0.008261951,0.55079672,1.057529702,0.099934877,Busch Gardens,,
PS - Industrial,2,02304500,Busch Gardens,2023,5,0.035572288,0.021343373,0.355722882,0.682987933,0.064541275,Busch Gardens,,
PS - Industrial,2,02304500,Busch Gardens,2023,6,0.085323419,0.036052149,0.600869149,1.153668766,0.109019866,Busch Gardens,,
PS - Industrial,2,02304500,Busch Gardens,2023,7,0.637274308,0.172402712,0.769654962,1.477737527,0.139643849,Busch Gardens,,
PS - Industrial,2,02304500,Busch Gardens,2023,8,0.229538274,0.040746439,0.679107319,1.303886053,0.123215161,Busch Gardens,,
PS - Industrial,2,02304500,Busch Gardens,2023,9,0.31481788,0.047412331,0.632164417,1.213755681,0.114697984,Busch Gardens,,
PS - Industrial,2,02304500,Busch Gardens,2023,10,0.234673619,0.036477765,0.607962743,1.167288467,0.110306906,Busch Gardens,,
PS - Industrial,2,02304500,Busch Gardens,2023,11,0.049571705,0.008261951,0.27539836,0.528764851,0.049967438,Busch Gardens,,
PS - Industrial,2,02304500,Busch Gardens,2023,12,0.444976986,0.050059911,0.556221233,1.067944767,0.100919084,Busch Gardens,,
PS - Industrial,2,02304500,Busch Gardens,2024,1,0.587059173,0.081201832,0.601495054,1.154870504,0.109133428,Busch Gardens,,
PS - Industrial,2,02304500,Busch Gardens,2024,2,0.486211632,0.088348211,0.592941014,1.138446747,0.107581409,Busch Gardens,,
PS - Industrial,2,02304500,Busch Gardens,2024,3,0.535007214,0.091194411,0.607962743,1.167288467,0.110306906,Busch Gardens,,
PS - Industrial,2,02304500,Busch Gardens,2024,4,0.421259346,0.070602125,0.588351042,1.129634,0.106748618,Busch Gardens,,
PS - Industrial,2,02304500,Busch Gardens,2024,5,0.787078915,0.132710506,0.459205902,0.881675331,0.083316918,Busch Gardens,,
PS - Industrial,2,02304500,Busch Gardens,2024,6,0.642554446,0.189172385,0.544537666,1.045512319,0.098799253,Busch Gardens,,
PS - Industrial,2,02304500,Busch Gardens,2024,7,0.654853487,0.103728792,0.523882789,1.005854955,0.095051695,Busch Gardens,,
PS - Industrial,2,02304500,Busch Gardens,2024,8,0.691848666,0.125958239,0.614430432,1.179706429,0.111480383,Busch Gardens,,
PS - Industrial,2,02304500,Busch Gardens,2024,9,0.608480158,0.119610515,0.613387256,1.177703532,0.111291113,Busch Gardens,,
PS - Industrial,2,02304500,Busch Gardens,2024,10,0.266339423,0.059645026,0.375125948,0.72024182,0.068061708,Busch Gardens,,
PS - Industrial,2,02304500,Busch Gardens,2024,11,0,0,0,0,0,Busch Gardens,,
PS - Industrial,2,02304500,Busch Gardens,2024,12,1.216442901,0.1267667,0.25870755,0.496718496,0.046939109,Busch Gardens,,
PS - Industrial,2,206-2,CSX - Rockport Newport,2022,1,0.019045295,0,0,0.018439472,0.001742501,CSX,,
PS - Industrial,2,206-2,CSX - Rockport Newport,2022,2,0,0,0,0,0,CSX,,
PS - Industrial,2,206-2,CSX - Rockport Newport,2022,3,0.00332314,0,0,0.005888518,0.000556456,CSX,,
PS - Industrial,2,206-2,CSX - Rockport Newport,2022,4,0.06438918,0,0,0.407188993,0.038478713,CSX,,
PS - Industrial,2,206-2,CSX - Rockport Newport,2022,5,0.25981098,0,0,0.595180921,0.056243652,CSX,,
PS - Industrial,2,206-2,CSX - Rockport Newport,2022,6,0.642645912,0,0,0.282168152,0.026664442,CSX,,
PS - Industrial,2,206-2,CSX - Rockport Newport,2022,7,0.360899161,0,0,0.332681219,0.031437847,CSX,,
PS - Industrial,2,206-2,CSX - Rockport Newport,2022,8,0.183006299,0,0,0.132671908,0.012537285,CSX,,
PS - Industrial,2,206-2,CSX - Rockport Newport,2022,9,0.804044706,0,0,0.821468242,0.077627444,CSX,,
PS - Industrial,2,206-2,CSX - Rockport Newport,2022,10,0.310565729,0,0,0.127744781,0.012071679,CSX,,
PS - Industrial,2,206-2,CSX - Rockport Newport,2022,11,0.295490882,0,0,0.144849523,0.01368805,CSX,,
PS - Industrial,2,206-2,CSX - Rockport Newport,2022,12,0.055649187,0,0,0.059245698,0.005598624,CSX,,
PS - Industrial,2,206-2,CSX - Rockport Newport,2023,1,0.041043018,0,0,0.028521256,0.002695213,CSX,,
PS - Industrial,2,206-2,CSX - Rockport Newport,2023,2,0.000360522,0,0,0.000240348,2.27125E-05,CSX,,
PS - Industrial,2,206-2,CSX - Rockport Newport,2023,3,0,0,0,0,0,CSX,,
PS - Industrial,2,206-2,CSX - Rockport Newport,2023,4,0,0,0,0,0,CSX,,
PS - Industrial,2,206-2,CSX - Rockport Newport,2023,5,0.057771065,0,0,0.034850411,0.003293308,CSX,,
PS - Industrial,2,206-2,CSX - Rockport Newport,2023,6,0.331331892,0,0,0.154743835,0.014623047,CSX,,
PS - Industrial,2,206-2,CSX - Rockport Newport,2023,7,0.020376141,0,0,0.017705611,0.001673152,CSX,,
PS - Industrial,2,206-2,CSX - Rockport Newport,2023,8,0.172342249,0,0,0.444883518,0.042040786,CSX,,
PS - Industrial,2,206-2,CSX - Rockport Newport,2023,9,0.541699519,0,0,0.172809967,0.016330267,CSX,,
PS - Industrial,2,206-2,CSX - Rockport Newport,2023,10,0,0,0,0,0,CSX,,
PS - Industrial,2,206-2,CSX - Rockport Newport,2023,11,0,0,0,0,0,CSX,,
PS - Industrial,2,206-2,CSX - Rockport Newport,2023,12,0.303899002,0,0,0.93603396,0.088453722,CSX,,
PS - Industrial,2,206-2,CSX - Rockport Newport,2024,1,0.669718322,0,0,0.169124636,0.01598201,CSX,,
PS - Industrial,2,206-2,CSX - Rockport Newport,2024,2,0.114161379,0,0,0.092573907,0.008748087,CSX,,
PS - Industrial,2,206-2,CSX - Rockport Newport,2024,3,0.070566799,0,0,0.02980311,0.002816347,CSX,,
PS - Industrial,2,206-2,CSX - Rockport Newport,2024,4,0.07226453,0,0,0.171287765,0.016186422,CSX,,
PS - Industrial,2,206-2,CSX - Rockport Newport,2024,5,0,0,0,0,0,CSX,,
PS - Industrial,2,206-2,CSX - Rockport Newport,2024,6,0.12844905,0,0,0.077351888,0.007309631,CSX,,
PS - Industrial,2,206-2,CSX - Rockport Newport,2024,7,0.306507693,0,0,0.340612692,0.032187358,CSX,,
PS - Industrial,2,206-2,CSX - Rockport Newport,2024,8,1.246230989,0,0,1.074674502,0.101555033,CSX,,
PS - Industrial,2,206-2,CSX - Rockport Newport,2024,9,0.958964462,0,0,0.811093235,0.076647022,CSX,,
PS - Industrial,2,206-2,CSX - Rockport Newport,2024,10,0.016098286,0,0,0.036693076,0.003467437,CSX,,
PS - Industrial,2,206-2,CSX - Rockport Newport,2024,11,0.305241277,0,0,0.107555578,0.010163831,CSX,,
PS - Industrial,2,206-2,CSX - Rockport Newport,2024,12,0,0,0,0,0,CSX,,
PS - Industrial,2,02303000,CSX Winston Yard,2022,1,0.000347703,0,0,0.03973748,0.003755129,CSX,,
PS - Industrial,2,02303000,CSX Winston Yard,2022,2,0.000157027,0,0,0.017945959,0.001695865,CSX,,
PS - Industrial,2,02303000,CSX Winston Yard,2022,3,0.000189064,0,0,0.021607255,0.002041851,CSX,,
PS - Industrial,2,02303000,CSX Winston Yard,2022,4,0.000315456,0,0,0.036052149,0.003406871,CSX,,
PS - Industrial,2,02303000,CSX Winston Yard,2022,5,0.000434629,0,0,0.04967185,0.004693911,CSX,,
PS - Industrial,2,02303000,CSX Winston Yard,2022,6,0.003049411,0,0,0.348504106,0.032933084,CSX,,
PS - Industrial,2,02303000,CSX Winston Yard,2022,7,0.010322431,0,0,1.179706429,0.111480383,CSX,,
PS - Industrial,2,02303000,CSX Winston Yard,2022,8,0.001513439,0,0,0.037253887,0.003520433,CSX,,
PS - Industrial,2,02303000,CSX Winston Yard,2022,9,0.004957171,0,0,0.132191213,0.01249186,CSX,,
PS - Industrial,2,02303000,CSX Winston Yard,2022,10,0.002328368,0,0,0.074507775,0.007040866,CSX,,
PS - Industrial,2,02303000,CSX Winston Yard,2022,11,0.000600869,0,0,0.048069532,0.004542494,CSX,,
PS - Industrial,2,02303000,CSX Winston Yard,2022,12,0.000434629,0,0,0.04967185,0.004693911,CSX,,
PS - Industrial,2,02303000,CSX Winston Yard,2023,1,0.001008959,0,0,0.024835925,0.002346955,CSX,,
PS - Industrial,2,02303000,CSX Winston Yard,2023,2,0.000196284,0,0,0.022432448,0.002119831,CSX,,
PS - Industrial,2,02303000,CSX Winston Yard,2023,3,0.000217314,0,0,0.024835925,0.002346955,CSX,,
PS - Industrial,2,02303000,CSX Winston Yard,2023,4,5.1699783E-6,0,0,0.000841217,7.94937E-05,CSX,,
PS - Industrial,2,02303000,CSX Winston Yard,2023,5,7.76123E-05,0,0,0.024835925,0.002346955,CSX,,
PS - Industrial,2,02303000,CSX Winston Yard,2023,6,0.000375543,0,0,0.12017383,0.011356236,CSX,,
PS - Industrial,2,02303000,CSX Winston Yard,2023,7,0.001979113,0,0,0.633316083,0.059847364,CSX,,
PS - Industrial,2,02303000,CSX Winston Yard,2023,8,0.002600011,0,0,0.832003482,0.078623007,CSX,,
PS - Industrial,2,02303000,CSX Winston Yard,2023,9,0.001013967,0,0,0.32446934,0.030661837,CSX,,
PS - Industrial,2,02303000,CSX Winston Yard,2023,10,0.000194031,0,0,0.062089812,0.005867389,CSX,,
PS - Industrial,2,02303000,CSX Winston Yard,2023,11,0.000150217,0,0,0.048069532,0.004542494,CSX,,
PS - Industrial,2,02303000,CSX Winston Yard,2023,12,0.000155225,0,0,0.04967185,0.004693911,CSX,,
PS - Industrial,2,02303000,CSX Winston Yard,2024,1,0.000155225,0,0,0.04967185,0.004693911,CSX,,
PS - Industrial,2,02303000,CSX Winston Yard,2024,2,0.000108908,0,0,0.034850411,0.003293308,CSX,,
PS - Industrial,2,02303000,CSX Winston Yard,2024,3,0.002988072,0,0,0.086925737,0.008214344,CSX,,
PS - Industrial,2,02303000,CSX Winston Yard,2024,4,0.000125181,0,0,0.060086915,0.005678118,CSX,,
PS - Industrial,2,02303000,CSX Winston Yard,2024,5,0.000103483,0,0,0.04967185,0.004693911,CSX,,
PS - Industrial,2,02303000,CSX Winston Yard,2024,6,7.51086E-05,0,0,0.036052149,0.003406871,CSX,,
PS - Industrial,2,02303000,CSX Winston Yard,2024,7,0.000310449,0,0,0.149015549,0.014081733,CSX,,
PS - Industrial,2,02303000,CSX Winston Yard,2024,8,0.000413932,0,0,0.198687399,0.018775644,CSX,,
PS - Industrial,2,02303000,CSX Winston Yard,2024,9,0.000375543,0,0,0.180260745,0.017034354,CSX,,
PS - Industrial,2,02303000,CSX Winston Yard,2024,10,0.001086572,0,0,0.521554421,0.049286064,CSX,,
PS - Industrial,2,02303000,CSX Winston Yard,2024,11,0.001527209,0,0,0.733060362,0.06927304,CSX,,
PS - Industrial,2,02303000,CSX Winston Yard,2024,12,0.001578116,0,0,0.757495707,0.071582141,CSX,,
PS - Industrial,2,02303330,Coronet Industries,2022,1,0,0,0,0,0,Coronet,,
PS - Industrial,2,02303330,Coronet Industries,2022,2,0,0,0,0,0,Coronet,,
PS - Industrial,2,02303330,Coronet Industries,2022,3,0,0,0,0,0,Coronet,,
PS - Industrial,2,02303330,Coronet Industries,2022,4,0,0,0,0,0,Coronet,,
PS - Industrial,2,02303330,Coronet Industries,2022,5,0,0,0,0,0,Coronet,,
PS - Industrial,2,02303330,Coronet Industries,2022,6,0,0,0,0,0,Coronet,,
PS - Industrial,2,02303330,Coronet Industries,2022,7,0,0,0,0,0,Coronet,,
PS - Industrial,2,02303330,Coronet Industries,2022,8,0.06338335,0.08873669,0.399315104,0.608480158,0.057500408,Coronet,,
PS - Industrial,2,02303330,Coronet Industries,2022,9,1.697204983,8.668038197,6.522935335,13.77192089,1.301424646,Coronet,,
PS - Industrial,2,02303330,Coronet Industries,2022,10,1.103646409,11.03646409,4.966408841,8.829171274,0.834342659,Coronet,,
PS - Industrial,2,02303330,Coronet Industries,2022,11,0,0,0,0,0,Coronet,,
PS - Industrial,2,02303330,Coronet Industries,2022,12,0,0,0,0,0,Coronet,,
PS - Industrial,2,02303330,Coronet Industries,2023,1,0,0,0,0,0,Coronet,,
PS - Industrial,2,02303330,Coronet Industries,2023,2,0,0,0,0,0,Coronet,,
PS - Industrial,2,02303330,Coronet Industries,2023,3,0,0,0,0,0,Coronet,,
PS - Industrial,2,02303330,Coronet Industries,2023,4,0,0,0,0,0,Coronet,,
PS - Industrial,2,02303330,Coronet Industries,2023,5,0,0,0,0,0,Coronet,,
PS - Industrial,2,02303330,Coronet Industries,2023,6,0,0,0,0,0,Coronet,,
PS - Industrial,2,02303330,Coronet Industries,2023,7,2.232141679,3.89833472,1.675131388,16.08126132,1.519653647,Coronet,,
PS - Industrial,2,02303330,Coronet Industries,2023,8,0,0,0,0,0,Coronet,,
PS - Industrial,2,02303330,Coronet Industries,2023,9,1.377880585,1.543006938,1.38525375,11.45256598,1.082249291,Coronet,,
PS - Industrial,2,02303330,Coronet Industries,2023,10,0,0,0,0,0,Coronet,,
PS - Industrial,2,02303330,Coronet Industries,2023,11,0,0,0,0,0,Coronet,,
PS - Industrial,2,02303330,Coronet Industries,2023,12,0,0,0,0,0,Coronet,,
PS - Industrial,2,02303330,Coronet Industries,2024,1,0,0,0,0,0,Coronet,,
PS - Industrial,2,02303330,Coronet Industries,2024,2,0,0,0,0,0,Coronet,,
PS - Industrial,2,02303330,Coronet Industries,2024,3,0,0,0,0,0,Coronet,,
PS - Industrial,2,02303330,Coronet Industries,2024,4,0,0,0,0,0,Coronet,,
PS - Industrial,2,02303330,Coronet Industries,2024,5,0,0,0,0,0,Coronet,,
PS - Industrial,2,02303330,Coronet Industries,2024,6,0,0,0,0,0,Coronet,,
PS - Industrial,2,02303330,Coronet Industries,2024,7,0,0,0,0,0,Coronet,,
PS - Industrial,2,02303330,Coronet Industries,2024,8,2.257870145,7.778055433,3.95861358,15.89499189,1.502051482,Coronet,,
PS - Industrial,2,02303330,Coronet Industries,2024,9,4.084958836,6.284139921,9.751605562,14.38480742,1.359341449,Coronet,,
PS - Industrial,2,02303330,Coronet Industries,2024,10,3.218063217,10.70480101,6.2876283,18.57727177,1.755522669,Coronet,,
PS - Industrial,2,02303330,Coronet Industries,2024,11,0.769788488,2.774012571,4.507770427,6.65763017,0.629135474,Coronet,,
PS - Industrial,2,02303330,Coronet Industries,2024,12,0,0,0,0,0,Coronet,,
PS - Industrial,4,206-4,DRS Piney Point,2022,1,0,0,0,0,0,DRS (fka HRK),,
PS - Industrial,4,206-4,DRS Piney Point,2022,2,0,0,0,0,0,DRS (fka HRK),,
PS - Industrial,4,206-4,DRS Piney Point,2022,3,0,0,0,0,0,DRS (fka HRK),,
PS - Industrial,4,206-4,DRS Piney Point,2022,4,0,0,0,0,0,DRS (fka HRK),,
PS - Industrial,4,206-4,DRS Piney Point,2022,5,0.157176155,0.009487724,0.040008476,0.054868767,0.005185011,DRS (fka HRK),,
PS - Industrial,4,206-4,DRS Piney Point,2022,6,0.310648674,0.063695489,0.070307714,0.220303867,0.020818365,DRS (fka HRK),,
PS - Industrial,4,206-4,DRS Piney Point,2022,7,2.245025053,0.299695228,0.493198544,1.165068135,0.110097088,DRS (fka HRK),,
PS - Industrial,4,206-4,DRS Piney Point,2022,8,0.02595684,0.001891567,0.006325115,0.005728406,0.000541325,DRS (fka HRK),,
PS - Industrial,4,206-4,DRS Piney Point,2022,9,0.550228443,0.237690045,0.770625666,0.946287191,0.089422636,DRS (fka HRK),,
PS - Industrial,4,206-4,DRS Piney Point,2022,10,0.423311592,0.062909391,0.22708345,0.646388472,0.061082684,DRS (fka HRK),,
PS - Industrial,4,206-4,DRS Piney Point,2022,11,0.096230348,0.045504349,0.089349793,0.231490848,0.021875517,DRS (fka HRK),,
PS - Industrial,4,206-4,DRS Piney Point,2022,12,0.027232883,0.007777331,0.005252882,0.044189319,0.004175821,DRS (fka HRK),,
PS - Industrial,4,206-4,DRS Piney Point,2023,1,0,0,0,0,0,DRS (fka HRK),,
PS - Industrial,4,206-4,DRS Piney Point,2023,2,0,0,0,0,0,DRS (fka HRK),,
PS - Industrial,4,206-4,DRS Piney Point,2023,3,0,0,0,0,0,DRS (fka HRK),,
PS - Industrial,4,206-4,DRS Piney Point,2023,4,0,0,0,0,0,DRS (fka HRK),,
PS - Industrial,4,206-4,DRS Piney Point,2023,5,0.013544116,0.009037457,0.14714841,0.035803469,0.003383371,DRS (fka HRK),,
PS - Industrial,4,206-4,DRS Piney Point,2023,6,0.077859066,0.038610374,0.165161252,0.192983548,0.018236639,DRS (fka HRK),,
PS - Industrial,4,206-4,DRS Piney Point,2023,7,0.015045135,0.009095553,0.044166863,0.035489295,0.003353682,DRS (fka HRK),,
PS - Industrial,4,206-4,DRS Piney Point,2023,8,0.043164911,0.00982855,0.066130974,0.062806329,0.005935098,DRS (fka HRK),,
PS - Industrial,4,206-4,DRS Piney Point,2023,9,0.103258153,0.05881775,0.514875935,0.157863948,0.014917892,DRS (fka HRK),,
PS - Industrial,4,206-4,DRS Piney Point,2023,10,0,0,0,0,0,DRS (fka HRK),,
PS - Industrial,4,206-4,DRS Piney Point,2023,11,0,0,0,0,0,DRS (fka HRK),,
PS - Industrial,4,206-4,DRS Piney Point,2023,12,0.001433883,0.003466111,0.005526614,0.016561837,0.001565067,DRS (fka HRK),,
PS - Industrial,4,206-4,DRS Piney Point,2024,1,0.028466984,0.01558854,0.040397287,0.139800179,0.013210895,DRS (fka HRK),,
PS - Industrial,4,206-4,DRS Piney Point,2024,2,0.074965496,0.022403423,0.1015422,0.171293253,0.01618694,DRS (fka HRK),,
PS - Industrial,4,206-4,DRS Piney Point,2024,3,0.000929003,0.000300885,0.002183233,0.002168176,0.000204889,DRS (fka HRK),,
PS - Industrial,4,206-4,DRS Piney Point,2024,4,0.000994897,0.00061096,0.002003148,0.003205036,0.000302871,DRS (fka HRK),,
PS - Industrial,4,206-4,DRS Piney Point,2024,5,0,0,0,0,0,DRS (fka HRK),,
PS - Industrial,4,206-4,DRS Piney Point,2024,6,0.045738307,0.036605023,0.191855354,0.330839755,0.031263831,DRS (fka HRK),,
PS - Industrial,4,206-4,DRS Piney Point,2024,7,0.204547117,0.225940066,0.504117046,0.973707334,0.092013796,DRS (fka HRK),,
PS - Industrial,4,206-4,DRS Piney Point,2024,8,0.584449194,0.490175323,2.886243734,3.600816691,0.340271457,DRS (fka HRK),,
PS - Industrial,4,206-4,DRS Piney Point,2024,9,0.220120091,0.07323726,0.505657502,0.738911625,0.069825975,DRS (fka HRK),,
PS - Industrial,4,206-4,DRS Piney Point,2024,10,0.155095139,0.211973521,0.879061479,1.201101336,0.113502168,DRS (fka HRK),,
PS - Industrial,4,206-4,DRS Piney Point,2024,11,0,0,0,0,0,DRS (fka HRK),,
PS - Industrial,4,206-4,DRS Piney Point,2024,12,0,0,0,0,0,DRS (fka HRK),,
PS - Industrial,1,206-1,Duke Energy-Bartow Plant,2022,1,0.158458375,0,0.018109529,0.173851474,0.016428688,Duke Energy,,
PS - Industrial,1,206-1,Duke Energy-Bartow Plant,2022,2,0.036803235,0,0.005841783,0.056081121,0.005299577,Duke Energy,,
PS - Industrial,1,206-1,Duke Energy-Bartow Plant,2022,3,0.00651943,0,0.01164184,0.111761662,0.0105613,Duke Energy,,
PS - Industrial,1,206-1,Duke Energy-Bartow Plant,2022,4,0.149816708,0,0.061714269,0.204295511,0.019305601,Duke Energy,,
PS - Industrial,1,206-1,Duke Energy-Bartow Plant,2022,5,0.172816644,0,0.020696604,0.198687399,0.018775644,Duke Energy,,
PS - Industrial,1,206-1,Duke Energy-Bartow Plant,2022,6,0.055455215,0,0.006259054,0.060086915,0.005678118,Duke Energy,,
PS - Industrial,1,206-1,Duke Energy-Bartow Plant,2022,7,0.097092944,0,0.01164184,0.111761662,0.0105613,Duke Energy,,
PS - Industrial,1,206-1,Duke Energy-Bartow Plant,2022,8,0.124567685,0,0.01164184,0.111761662,0.0105613,Duke Energy,,
PS - Industrial,1,206-1,Duke Energy-Bartow Plant,2022,9,0.109883946,0,0.013769918,0.132191213,0.01249186,Duke Energy,,
PS - Industrial,1,206-1,Duke Energy-Bartow Plant,2022,10,0.213433729,0,0.019403066,0.186269436,0.017602166,Duke Energy,,
PS - Industrial,1,206-1,Duke Energy-Bartow Plant,2022,11,0.100770764,0,0.008762675,0.084121681,0.007949365,Duke Energy,,
PS - Industrial,1,206-1,Duke Energy-Bartow Plant,2022,12,0.067910732,0,0.006467689,0.062089812,0.005867389,Duke Energy,,
PS - Industrial,1,206-1,Duke Energy-Bartow Plant,2023,1,0.130388605,0,0.010348302,0.099343699,0.009387822,Duke Energy,,
PS - Industrial,1,206-1,Duke Energy-Bartow Plant,2023,2,0.048510169,0,0.009346853,0.089729793,0.008479323,Duke Energy,,
PS - Industrial,1,206-1,Duke Energy-Bartow Plant,2023,3,0,0,0,0,0,Duke Energy,,
PS - Industrial,1,206-1,Duke Energy-Bartow Plant,2023,4,0.023433897,0,0.016273539,0.156225979,0.014763107,Duke Energy,,
PS - Industrial,1,206-1,Duke Energy-Bartow Plant,2023,5,0.026129463,0,0.002587076,0.024835925,0.002346955,Duke Energy,,
PS - Industrial,1,206-1,Duke Energy-Bartow Plant,2023,6,0.118170933,0,0.010014486,0.096139064,0.009084989,Duke Energy,,
PS - Industrial,1,206-1,Duke Energy-Bartow Plant,2023,7,0.159881266,0,0.015522453,0.149015549,0.014081733,Duke Energy,,
PS - Industrial,1,206-1,Duke Energy-Bartow Plant,2023,8,0.101025298,0,0.014228915,0.136597587,0.012908255,Duke Energy,,
PS - Industrial,1,206-1,Duke Energy-Bartow Plant,2023,9,0.09689015,0,0.119422743,0.216312894,0.020441225,Duke Energy,,
PS - Industrial,1,206-1,Duke Energy-Bartow Plant,2023,10,0.030850875,0,0.003880613,0.037253887,0.003520433,Duke Energy,,
PS - Industrial,1,206-1,Duke Energy-Bartow Plant,2023,11,0.005903539,0,0.011266297,0.072104298,0.006813742,Duke Energy,,
PS - Industrial,1,206-1,Duke Energy-Bartow Plant,2023,12,0.024887666,0,0.002587076,0.024835925,0.002346955,Duke Energy,,
PS - Industrial,1,206-1,Duke Energy-Bartow Plant,2024,1,0.165055417,0,0.014228915,0.136597587,0.012908255,Duke Energy,,
PS - Industrial,1,206-1,Duke Energy-Bartow Plant,2024,2,0.039303519,0,0.014521004,0.092934428,0.008782156,Duke Energy,,
PS - Industrial,1,206-1,Duke Energy-Bartow Plant,2024,3,0.077612265,0,0.003880613,0.037253887,0.003520433,Duke Energy,,
PS - Industrial,1,206-1,Duke Energy-Bartow Plant,2024,4,0.165614559,0,0.008762675,0.084121681,0.007949365,Duke Energy,,
PS - Industrial,1,206-1,Duke Energy-Bartow Plant,2024,5,0.217314342,0,0.009054764,0.086925737,0.008214344,Duke Energy,,
PS - Industrial,1,206-1,Duke Energy-Bartow Plant,2024,6,0.19490693,0,0.011266297,0.108156447,0.010220612,Duke Energy,,
PS - Industrial,1,206-1,Duke Energy-Bartow Plant,2024,7,0.262329456,0,0.023542387,0.161433511,0.01525521,Duke Energy,,
PS - Industrial,1,206-1,Duke Energy-Bartow Plant,2024,8,0.966143346,0,0.249006017,0.956183106,0.090357784,Duke Energy,,
PS - Industrial,1,206-1,Duke Energy-Bartow Plant,2024,9,0.941862391,0,0.347001934,1.189720915,0.112426736,Duke Energy,,
PS - Industrial,1,206-1,Duke Energy-Bartow Plant,2024,10,0.870525036,0,0.099602407,0.956183106,0.090357784,Duke Energy,,
PS - Industrial,1,206-1,Duke Energy-Bartow Plant,2024,11,0.314104348,0,0.261753623,1.478138106,0.139681703,Duke Energy,,
PS - Industrial,1,206-1,Duke Energy-Bartow Plant,2024,12,0,0,0,0,0,Duke Energy,,
PS - Industrial,2,02301500,Estech Agricola,2022,1,0.00143324,0.001588464,0.009468696,0.004967185,0.000469391,Estech Agricola,,
PS - Industrial,2,02301500,Estech Agricola,2022,2,0.001294539,0.001434742,0.008552371,0.00448649,0.000423966,Estech Agricola,,
PS - Industrial,2,02301500,Estech Agricola,2022,3,0.00143324,0.001588464,0.009468696,0.004967185,0.000469391,Estech Agricola,,
PS - Industrial,2,02301500,Estech Agricola,2022,4,0,0,0,0,0,Estech Agricola,,
PS - Industrial,2,02301500,Estech Agricola,2022,5,0,0,0,0,0,Estech Agricola,,
PS - Industrial,2,02301500,Estech Agricola,2022,6,0,0,0,0,0,Estech Agricola,,
PS - Industrial,2,02301500,Estech Agricola,2022,7,0.510960347,0.515384246,3.649716765,2.123471572,0.20066469,Estech Agricola,,
PS - Industrial,2,02301500,Estech Agricola,2022,8,0.510960347,0.515384246,3.649716765,2.123471572,0.20066469,Estech Agricola,,
PS - Industrial,2,02301500,Estech Agricola,2022,9,0.494477755,0.498758948,3.531983966,2.054972489,0.194191636,Estech Agricola,,
PS - Industrial,2,02301500,Estech Agricola,2022,10,0,0,0,0,0,Estech Agricola,,
PS - Industrial,2,02301500,Estech Agricola,2022,11,0,0,0,0,0,Estech Agricola,,
PS - Industrial,2,02301500,Estech Agricola,2022,12,0,0,0,0,0,Estech Agricola,,
PS - Industrial,2,02301500,Estech Agricola,2023,1,0.038528022,0.078305601,0.491492604,0.199929195,0.018892991,Estech Agricola,,
PS - Industrial,2,02301500,Estech Agricola,2023,2,0.034799504,0.07072764,0.443928804,0.180581208,0.017064637,Estech Agricola,,
PS - Industrial,2,02301500,Estech Agricola,2023,3,0.038528022,0.078305601,0.491492604,0.199929195,0.018892991,Estech Agricola,,
PS - Industrial,2,02301500,Estech Agricola,2023,4,0,0,0,0,0,Estech Agricola,,
PS - Industrial,2,02301500,Estech Agricola,2023,5,0,0,0,0,0,Estech Agricola,,
PS - Industrial,2,02301500,Estech Agricola,2023,6,0,0,0,0,0,Estech Agricola,,
PS - Industrial,2,02301500,Estech Agricola,2023,7,0.000986969,0.027071158,0.296090791,0.13535579,0.012790907,Estech Agricola,,
PS - Industrial,2,02301500,Estech Agricola,2023,8,0.000986969,0.027071158,0.296090791,0.13535579,0.012790907,Estech Agricola,,
PS - Industrial,2,02301500,Estech Agricola,2023,9,0.000955132,0.026197895,0.286539475,0.130989475,0.012378297,Estech Agricola,,
PS - Industrial,2,02301500,Estech Agricola,2023,10,0,0,0,0,0,Estech Agricola,,
PS - Industrial,2,02301500,Estech Agricola,2023,11,0,0,0,0,0,Estech Agricola,,
PS - Industrial,2,02301500,Estech Agricola,2023,12,0,0,0,0,0,Estech Agricola,,
PS - Industrial,2,02301500,Estech Agricola,2024,1,0.259682878,0.189826665,2.961295974,0.728934394,0.068883142,Estech Agricola,,
PS - Industrial,2,02301500,Estech Agricola,2024,2,0.242929144,0.177579783,2.77024462,0.681906368,0.064439069,Estech Agricola,,
PS - Industrial,2,02301500,Estech Agricola,2024,3,0.259682878,0.189826665,2.961295974,0.728934394,0.068883142,Estech Agricola,,
PS - Industrial,2,02301500,Estech Agricola,2024,4,0,0,0,0,0,Estech Agricola,,
PS - Industrial,2,02301500,Estech Agricola,2024,5,0,0,0,0,0,Estech Agricola,,
PS - Industrial,2,02301500,Estech Agricola,2024,6,0,0,0,0,0,Estech Agricola,,
PS - Industrial,2,02301500,Estech Agricola,2024,7,0.065054601,0.078525503,0.170850466,0.315416245,0.029806334,Estech Agricola,,
PS - Industrial,2,02301500,Estech Agricola,2024,8,0.065054601,0.078525503,0.170850466,0.315416245,0.029806334,Estech Agricola,,
PS - Industrial,2,02301500,Estech Agricola,2024,9,0.062956065,0.075992422,0.165339161,0.305241528,0.028844839,Estech Agricola,,
PS - Industrial,2,02301500,Estech Agricola,2024,10,0.296151588,0.357893438,0.994148439,1.004613159,0.094934348,Estech Agricola,,
PS - Industrial,2,02301500,Estech Agricola,2024,11,0.286598311,0.346348488,0.962079134,0.972206283,0.091871949,Estech Agricola,,
PS - Industrial,2,02301500,Estech Agricola,2024,12,0.296151588,0.357893438,0.994148439,1.004613159,0.094934348,Estech Agricola,,
PS - Industrial,2,02303330,Kerry I and F,2022,1,0.025870755,0.01060701,0,0.5174151,0.234695544,Kerry,,
PS - Industrial,2,02303330,Kerry I and F,2022,2,0.02453549,0.010059551,0,0.490709805,0.222582226,Kerry,,
PS - Industrial,2,02303330,Kerry I and F,2022,3,0.021990142,0.035184227,0,0.439802835,0.199491212,Kerry,,
PS - Industrial,2,02303330,Kerry I and F,2022,4,0.020028972,0.008211878,0,0.400579433,0.181699776,Kerry,,
PS - Industrial,2,02303330,Kerry I and F,2022,5,0.031044906,0.026905585,0,0.41393208,0.187756435,Kerry,,
PS - Industrial,2,02303330,Kerry I and F,2022,6,0.071979117,0.011804575,0,0.690999521,0.261193428,Kerry,,
PS - Industrial,2,02303330,Kerry I and F,2022,7,0.128060237,0.009546309,0,0.46567359,0.21122599,Kerry,,
PS - Industrial,2,02303330,Kerry I and F,2022,8,0.080846109,0.013258762,0,0.646768876,0.29336943,Kerry,,
PS - Industrial,2,02303330,Kerry I and F,2022,9,0.040057943,0.004105939,0,0.200289716,0.090849888,Kerry,,
PS - Industrial,2,02303330,Kerry I and F,2022,10,0.005950274,0.041651916,0,0.595027366,0.269899876,Kerry,,
PS - Industrial,2,02303330,Kerry I and F,2022,11,0.073731652,0.009513762,0,0.475688076,0.215768484,Kerry,,
PS - Industrial,2,02303330,Kerry I and F,2022,12,0.059761444,0.03803001,0,0.36219057,0.164286881,Kerry,,
PS - Industrial,2,02303330,Kerry I and F,2023,1,0.105682034,0.009830887,0,0.245772173,0.222960767,Kerry,,
PS - Industrial,2,02303330,Kerry I and F,2023,2,0.001402028,0.055496942,0,0.29208917,0.26497884,Kerry,,
PS - Industrial,2,02303330,Kerry I and F,2023,3,0.136597587,0.011383132,0,0.284578305,0.258165098,Kerry,,
PS - Industrial,2,02303330,Kerry I and F,2023,4,0.102147755,0.012017383,0,0.300434574,0.272549664,Kerry,,
PS - Industrial,2,02303330,Kerry I and F,2023,5,0.059761444,0.048895727,0,0.271642928,0.246430321,Kerry,,
PS - Industrial,2,02303330,Kerry I and F,2023,6,0.118296114,0.155099349,0,0.578336556,0.238480956,Kerry,,
PS - Industrial,2,02303330,Kerry I and F,2023,7,0.003104491,0.006208981,0,0.31044906,0.140817326,Kerry,,
PS - Industrial,2,02303330,Kerry I and F,2023,8,0.009507503,0.025223986,0,0.543285855,0.176021658,Kerry,,
PS - Industrial,2,02303330,Kerry I and F,2023,9,0.002753984,0.005507967,0,0.27539836,0.124918596,Kerry,,
PS - Industrial,2,02303330,Kerry I and F,2023,10,0.003104491,0.006208981,0,0.31044906,0.140817326,Kerry,,
PS - Industrial,2,02303330,Kerry I and F,2023,11,0.012017383,0.002002897,0,0.100144858,0.045424944,Kerry,,
PS - Industrial,2,02303330,Kerry I and F,2023,12,0.00103483,0.00206966,0,0.10348302,0.046939109,Kerry,,
PS - Industrial,2,02303330,Kerry I and F,2024,1,0.003104491,0.02328368,0,0.31044906,0.140817326,Kerry,,
PS - Industrial,2,02303330,Kerry I and F,2024,2,0.001210084,0.002420167,0,0.12100837,0.054888474,Kerry,,
PS - Industrial,2,02303330,Kerry I and F,2024,3,0.003363198,0.006726396,0,0.336319815,0.152552104,Kerry,,
PS - Industrial,2,02303330,Kerry I and F,2024,4,0.00350507,0.00701014,0,0.350507004,0.158987304,Kerry,,
PS - Industrial,2,02303330,Kerry I and F,2024,5,0.003104491,0.057433076,0,0.31044906,0.140817326,Kerry,,
PS - Industrial,2,02303330,Kerry I and F,2024,6,0.300434574,0.005007243,0,0.250362145,0.11356236,Kerry,,
PS - Industrial,2,02303330,Kerry I and F,2024,7,0.002845783,0.017074698,0,0.284578305,0.129082549,Kerry,,
PS - Industrial,2,02303330,Kerry I and F,2024,8,0.003104491,0.006208981,0,0.31044906,0.140817326,Kerry,,
PS - Industrial,2,02303330,Kerry I and F,2024,9,0.126683246,0.005507967,0,0.523256884,0.124918596,Kerry,,
PS - Industrial,2,02303330,Kerry I and F,2024,10,0.038806133,0.006208981,0,0.31044906,0.140817326,Kerry,,
PS - Industrial,2,02303330,Kerry I and F,2024,11,0.0350507,0.005007243,0,0.250362145,0.11356236,Kerry,,
PS - Industrial,2,02303330,Kerry I and F,2024,12,0.054328586,0.02328368,0,0.25870755,0.117347772,Kerry,,
PS - Industrial,2,206-2,Kinder Morgan Port Sutton,2022,1,0,0,0,0,0,Kinder Morgan,,
PS - Industrial,2,206-2,Kinder Morgan Port Sutton,2022,2,0,0,0,0,0,Kinder Morgan,,
PS - Industrial,2,206-2,Kinder Morgan Port Sutton,2022,3,0,0,0,0,0,Kinder Morgan,,
PS - Industrial,2,206-2,Kinder Morgan Port Sutton,2022,4,2.449167687,0.017494055,0.244916769,0.300897744,0.006348136,Kinder Morgan,,
PS - Industrial,2,206-2,Kinder Morgan Port Sutton,2022,5,0.876048442,0.007008388,0.175209688,0.428290349,0.003532168,Kinder Morgan,,
PS - Industrial,2,206-2,Kinder Morgan Port Sutton,2022,6,1.530451277,0.028988181,1.007728916,1.558504355,0.028277028,Kinder Morgan,,
PS - Industrial,2,206-2,Kinder Morgan Port Sutton,2022,7,0.395512103,0.01176395,0.490130767,1.216960316,0.009200065,Kinder Morgan,,
PS - Industrial,2,206-2,Kinder Morgan Port Sutton,2022,8,0.785436122,0.008568394,0.107104926,0.17850821,0.003238799,Kinder Morgan,,
PS - Industrial,2,206-2,Kinder Morgan Port Sutton,2022,9,3.426831865,0.042218569,0.428353983,2.056099119,0.012435078,Kinder Morgan,,
PS - Industrial,2,206-2,Kinder Morgan Port Sutton,2022,10,1.818196663,0.034415865,0.162338988,0.389613571,0.005890858,Kinder Morgan,,
PS - Industrial,2,206-2,Kinder Morgan Port Sutton,2022,11,0.151997362,0.004269175,0.397474942,0.47844206,0.003338733,Kinder Morgan,,
PS - Industrial,2,206-2,Kinder Morgan Port Sutton,2022,12,0.100895945,0.001319409,0.074507775,0.000776123,0.000704087,Kinder Morgan,,
PS - Industrial,2,206-2,Kinder Morgan Port Sutton,2023,1,0,0,0,0,0,Kinder Morgan,,
PS - Industrial,2,206-2,Kinder Morgan Port Sutton,2023,2,0,0,0,0,0,Kinder Morgan,,
PS - Industrial,2,206-2,Kinder Morgan Port Sutton,2023,3,0,0,0,0,0,Kinder Morgan,,
PS - Industrial,2,206-2,Kinder Morgan Port Sutton,2023,4,0,0,0,0,0,Kinder Morgan,,
PS - Industrial,2,206-2,Kinder Morgan Port Sutton,2023,5,2.155033893,0.003549468,0.367623429,0.15212004,0.005750041,Kinder Morgan,,
PS - Industrial,2,206-2,Kinder Morgan Port Sutton,2023,6,0.278720666,0.001776319,0.159319704,0.251914391,0.002929909,Kinder Morgan,,
PS - Industrial,2,206-2,Kinder Morgan Port Sutton,2023,7,1.166771052,0.009652379,0.588689031,0.837953755,0.009622517,Kinder Morgan,,
PS - Industrial,2,206-2,Kinder Morgan Port Sutton,2023,8,1.788186587,0.001920645,0.051791182,0.298031098,0.006008206,Kinder Morgan,,
PS - Industrial,2,206-2,Kinder Morgan Port Sutton,2023,9,1.18585282,0.00262004,0.14740572,0.740446045,0.005167087,Kinder Morgan,,
PS - Industrial,2,206-2,Kinder Morgan Port Sutton,2023,10,0.111490019,0.000896292,0.107117861,0.284190244,0.001983177,Kinder Morgan,,
PS - Industrial,2,206-2,Kinder Morgan Port Sutton,2023,11,1.198395963,0.081103565,0.544725438,1.33155107,0.01098148,Kinder Morgan,,
PS - Industrial,2,206-2,Kinder Morgan Port Sutton,2023,12,0,0,0,0,0,Kinder Morgan,,
PS - Industrial,2,206-2,Kinder Morgan Port Sutton,2024,1,0,0,0,0,0,Kinder Morgan,,
PS - Industrial,2,206-2,Kinder Morgan Port Sutton,2024,2,1.550843273,0.043617467,0.242319261,0.252012032,0.008793134,Kinder Morgan,,
PS - Industrial,2,206-2,Kinder Morgan Port Sutton,2024,3,0,0,0,0,0,Kinder Morgan,,
PS - Industrial,2,206-2,Kinder Morgan Port Sutton,2024,4,0.2066389,0.003625244,0.10331945,1.314150901,0.004110957,Kinder Morgan,,
PS - Industrial,2,206-2,Kinder Morgan Port Sutton,2024,5,0.006829879,0.000200628,0.019635903,0.010671686,0.000387248,Kinder Morgan,,
PS - Industrial,2,206-2,Kinder Morgan Port Sutton,2024,6,1.293962949,0.005087734,0.208229952,0.681861303,0.004758263,Kinder Morgan,,
PS - Industrial,2,206-2,Kinder Morgan Port Sutton,2024,7,2.321874392,0.007350658,0.345364231,1.516802367,0.010584769,Kinder Morgan,,
PS - Industrial,2,206-2,Kinder Morgan Port Sutton,2024,8,4.142761614,0.060306024,0.162564063,0.314640123,0.023786393,Kinder Morgan,,
PS - Industrial,2,206-2,Kinder Morgan Port Sutton,2024,9,1.537865751,0.013296233,0.393509832,0.674588283,0.00886922,Kinder Morgan,,
PS - Industrial,2,206-2,Kinder Morgan Port Sutton,2024,10,5.350072138,0.02431851,0.233457693,0.291822117,0.022061381,Kinder Morgan,,
PS - Industrial,2,206-2,Kinder Morgan Port Sutton,2024,11,0.484450751,0.010980884,0.145335225,0.129186867,0.009766363,Kinder Morgan,,
PS - Industrial,2,206-2,Kinder Morgan Port Sutton,2024,12,0.053216143,0.00459594,0.029026987,0.029026987,0.002194403,Kinder Morgan,,
PS - Industrial,2,206-2,Kinder Morgan Tampaplex,2022,1,0,0,0,0,0,Kinder Morgan,,
PS - Industrial,2,206-2,Kinder Morgan Tampaplex,2022,2,0,0,0,0,0,Kinder Morgan,,
PS - Industrial,2,206-2,Kinder Morgan Tampaplex,2022,3,0,0,0,0,0,Kinder Morgan,,
PS - Industrial,2,206-2,Kinder Morgan Tampaplex,2022,4,0,0,0,0,0,Kinder Morgan,,
PS - Industrial,2,206-2,Kinder Morgan Tampaplex,2022,5,0,0,0,0,0,Kinder Morgan,,
PS - Industrial,2,206-2,Kinder Morgan Tampaplex,2022,6,0,0,0,0,0,Kinder Morgan,,
PS - Industrial,2,206-2,Kinder Morgan Tampaplex,2022,7,0.095333732,0.251334385,0.953337323,,0.078623007,Kinder Morgan,,
PS - Industrial,2,206-2,Kinder Morgan Tampaplex,2022,8,0,0,0,0,0,Kinder Morgan,,
PS - Industrial,2,206-2,Kinder Morgan Tampaplex,2022,9,0.203294062,0.616892326,0.616892326,,0.063594922,Kinder Morgan,,
PS - Industrial,2,206-2,Kinder Morgan Tampaplex,2022,10,0,0,0,0,0,Kinder Morgan,,
PS - Industrial,2,206-2,Kinder Morgan Tampaplex,2022,11,0,0,0,0,0,Kinder Morgan,,
PS - Industrial,2,206-2,Kinder Morgan Tampaplex,2022,12,0,0,0,0,0,Kinder Morgan,,
PS - Industrial,2,206-2,Kinder Morgan Tampaplex,2023,1,0,0,0,0,0,Kinder Morgan,,
PS - Industrial,2,206-2,Kinder Morgan Tampaplex,2023,2,0,0,0,0,0,Kinder Morgan,,
PS - Industrial,2,206-2,Kinder Morgan Tampaplex,2023,3,0,0,0,0,0,Kinder Morgan,,
PS - Industrial,2,206-2,Kinder Morgan Tampaplex,2023,4,0,0,0,0,0,Kinder Morgan,,
PS - Industrial,2,206-2,Kinder Morgan Tampaplex,2023,5,0,0,0,0,0,Kinder Morgan,,
PS - Industrial,2,206-2,Kinder Morgan Tampaplex,2023,6,0,0,0,0,0,Kinder Morgan,,
PS - Industrial,2,206-2,Kinder Morgan Tampaplex,2023,7,0,0,0,0,0,Kinder Morgan,,
PS - Industrial,2,206-2,Kinder Morgan Tampaplex,2023,8,0,0,0,0,0,Kinder Morgan,,
PS - Industrial,2,206-2,Kinder Morgan Tampaplex,2023,9,0,0,0,0,0,Kinder Morgan,,
PS - Industrial,2,206-2,Kinder Morgan Tampaplex,2023,10,0,0,0,0,0,Kinder Morgan,,
PS - Industrial,2,206-2,Kinder Morgan Tampaplex,2023,11,0,0,0,0,0,Kinder Morgan,,
PS - Industrial,2,206-2,Kinder Morgan Tampaplex,2023,12,0,0,0,0,0,Kinder Morgan,,
PS - Industrial,2,206-2,Kinder Morgan Tampaplex,2024,1,0,0,0,0,0,Kinder Morgan,,
PS - Industrial,2,206-2,Kinder Morgan Tampaplex,2024,2,0,0,0,0,0,Kinder Morgan,,
PS - Industrial,2,206-2,Kinder Morgan Tampaplex,2024,3,0,0,0,0,0,Kinder Morgan,,
PS - Industrial,2,206-2,Kinder Morgan Tampaplex,2024,4,0,0,0,0,0,Kinder Morgan,,
PS - Industrial,2,206-2,Kinder Morgan Tampaplex,2024,5,0,0,0,0,0,Kinder Morgan,,
PS - Industrial,2,206-2,Kinder Morgan Tampaplex,2024,6,0,0,0,0,0,Kinder Morgan,,
PS - Industrial,2,206-2,Kinder Morgan Tampaplex,2024,7,0,0,0,0,0,Kinder Morgan,,
PS - Industrial,2,206-2,Kinder Morgan Tampaplex,2024,8,0.614818493,1.584583745,0.538758473,,0.057500408,Kinder Morgan,,
PS - Industrial,2,206-2,Kinder Morgan Tampaplex,2024,9,0.515602061,1.610460759,2.202448311,,0.11549292,Kinder Morgan,,
PS - Industrial,2,206-2,Kinder Morgan Tampaplex,2024,10,0.165896217,0.435016746,1.548364688,,0.06688823,Kinder Morgan,,
PS - Industrial,2,206-2,Kinder Morgan Tampaplex,2024,11,0,0,0,0,0,Kinder Morgan,,
PS - Industrial,2,206-2,Kinder Morgan Tampaplex,2024,12,0,0,0,0,0,Kinder Morgan,,
PS - Industrial,2,205-2,Lowry Park Zoo,2022,1,0.012417962,0.001856485,0.031044906,0.05960622,0.005632693,Lowry Park Zoo,,
PS - Industrial,2,205-2,Lowry Park Zoo,2022,2,0.009732411,0.001803359,0.028624739,0.054959498,0.005193585,Lowry Park Zoo,,
PS - Industrial,2,205-2,Lowry Park Zoo,2022,3,0.009727404,0.002587076,0.05174151,0.099343699,0.009387822,Lowry Park Zoo,,
PS - Industrial,2,205-2,Lowry Park Zoo,2022,4,0.010865717,0.002653839,0.050072429,0.096139064,0.009084989,Lowry Park Zoo,,
PS - Industrial,2,205-2,Lowry Park Zoo,2022,5,0,0,0,0,0,Lowry Park Zoo,,
PS - Industrial,2,205-2,Lowry Park Zoo,2022,6,0,0,0,0,0,Lowry Park Zoo,,
PS - Industrial,2,205-2,Lowry Park Zoo,2022,7,0,0,0,0,0,Lowry Park Zoo,,
PS - Industrial,2,205-2,Lowry Park Zoo,2022,8,0.068272923,0.012604232,0.262588164,0.504169274,0.047643195,Lowry Park Zoo,,
PS - Industrial,2,205-2,Lowry Park Zoo,2022,9,0,0,0,0,0,Lowry Park Zoo,,
PS - Industrial,2,205-2,Lowry Park Zoo,2022,10,0,0,0,0,0,Lowry Park Zoo,,
PS - Industrial,2,205-2,Lowry Park Zoo,2022,11,0.008311523,0.001404532,0.041309754,0.079314728,0.007495116,Lowry Park Zoo,,
PS - Industrial,2,205-2,Lowry Park Zoo,2022,12,0.119290051,0.018850079,0.562688922,1.08036273,0.102092562,Lowry Park Zoo,,
PS - Industrial,2,205-2,Lowry Park Zoo,2023,1,0.007436031,0.001326006,0.043333515,0.083200348,0.007862301,Lowry Park Zoo,,
PS - Industrial,2,205-2,Lowry Park Zoo,2023,2,0.005177105,0.001194061,0.042645019,0.081878436,0.007737382,Lowry Park Zoo,,
PS - Industrial,2,205-2,Lowry Park Zoo,2023,3,0.007799257,0.002118815,0.050447972,0.096860107,0.009153126,Lowry Park Zoo,,
PS - Industrial,2,205-2,Lowry Park Zoo,2023,4,0.004074644,0.001314401,0.043813375,0.084121681,0.007949365,Lowry Park Zoo,,
PS - Industrial,2,205-2,Lowry Park Zoo,2023,5,0.009087361,0.001765679,0.058855968,0.113003458,0.010678647,Lowry Park Zoo,,
PS - Industrial,2,205-2,Lowry Park Zoo,2023,6,0.00930546,0.001785082,0.057583293,0.110559923,0.010447737,Lowry Park Zoo,,
PS - Industrial,2,205-2,Lowry Park Zoo,2023,7,0.007800033,0.001571648,0.058209199,0.111761662,0.0105613,Lowry Park Zoo,,
PS - Industrial,2,205-2,Lowry Park Zoo,2023,8,0.013593012,0.00265434,0.069851039,0.134113994,0.012673559,Lowry Park Zoo,,
PS - Industrial,2,205-2,Lowry Park Zoo,2023,9,0.015252312,0.002681379,0.078864076,0.151419026,0.014308857,Lowry Park Zoo,,
PS - Industrial,2,205-2,Lowry Park Zoo,2023,10,0.017012609,0.00265822,0.088607336,0.170126085,0.016076645,Lowry Park Zoo,,
PS - Industrial,2,205-2,Lowry Park Zoo,2023,11,0.010480159,0.001612332,0.057583293,0.110559923,0.010447737,Lowry Park Zoo,,
PS - Industrial,2,205-2,Lowry Park Zoo,2023,12,0.01679012,0.002518518,0.076318727,0.146531956,0.013847037,Lowry Park Zoo,,
PS - Industrial,2,205-2,Lowry Park Zoo,2024,1,0.012370619,0.00186968,0.064030119,0.122937828,0.011617429,Lowry Park Zoo,,
PS - Industrial,2,205-2,Lowry Park Zoo,2024,2,0.011616804,0.004719326,0.060504185,0.116168035,0.010977695,Lowry Park Zoo,,
PS - Industrial,2,205-2,Lowry Park Zoo,2024,3,0.013394583,0.001966177,0.061443043,0.117970643,0.011148038,Lowry Park Zoo,,
PS - Industrial,2,205-2,Lowry Park Zoo,2024,4,0.002395966,0.002395966,0.054453767,0.104551232,0.009879925,Lowry Park Zoo,,
PS - Industrial,2,205-2,Lowry Park Zoo,2024,5,0.012495575,0.001939789,0.059502737,0.114245254,0.010795995,Lowry Park Zoo,,
PS - Industrial,2,205-2,Lowry Park Zoo,2024,6,0.015761924,0.002788784,0.088252656,0.1694451,0.016012293,Lowry Park Zoo,,
PS - Industrial,2,205-2,Lowry Park Zoo,2024,7,0.018029329,0.00260622,0.089254105,0.171367881,0.016193993,Lowry Park Zoo,,
PS - Industrial,2,205-2,Lowry Park Zoo,2024,8,0.015622314,0.002608419,0.070497807,0.13535579,0.012790907,Lowry Park Zoo,,
PS - Industrial,2,205-2,Lowry Park Zoo,2024,9,0.011820849,0.001955328,0.044439281,0.085323419,0.008062928,Lowry Park Zoo,,
PS - Industrial,2,205-2,Lowry Park Zoo,2024,10,0.012370102,0.002266278,0.047214128,0.090651126,0.008566387,Lowry Park Zoo,,
PS - Industrial,2,205-2,Lowry Park Zoo,2024,11,0.021991811,0.003665302,0.060086915,0.115366877,0.010901987,Lowry Park Zoo,,
PS - Industrial,2,205-2,Lowry Park Zoo,2024,12,0.010141336,0.001655728,0.05174151,0.099343699,0.009387822,Lowry Park Zoo,,
PS - Industrial,2,02301000,Mosaic - Bartow,2022,1,1.176912387,0.424849539,2.211328656,2.533264332,0.239389455,Mosaic,,
PS - Industrial,2,02301000,Mosaic - Bartow,2022,2,0.916926321,0.338589765,1.762349214,2.01892034,0.190784765,Mosaic,,
PS - Industrial,2,02301000,Mosaic - Bartow,2022,3,0.442389911,0.237415919,1.235742484,1.415647715,0.13377646,Mosaic,,
PS - Industrial,2,02301000,Mosaic - Bartow,2022,4,0.413397974,0.257973155,1.342742258,1.538225021,0.145359821,Mosaic,,
PS - Industrial,2,02301000,Mosaic - Bartow,2022,5,0.331676015,0.206176982,1.073144789,1.229378279,0.116174294,Mosaic,,
PS - Industrial,2,02301000,Mosaic - Bartow,2022,6,0.414474532,0.310373952,1.615486779,1.850676979,0.174886034,Mosaic,,
PS - Industrial,2,02301000,Mosaic - Bartow,2022,7,0.470731323,0.314471963,1.636816799,1.875112324,0.177195136,Mosaic,,
PS - Industrial,2,02301000,Mosaic - Bartow,2022,8,0.362759727,0.256159281,1.333301102,1.527409376,0.14433776,Mosaic,,
PS - Industrial,2,02301000,Mosaic - Bartow,2022,9,0.325370644,0.229757341,1.195879824,1.369981659,0.12946109,Mosaic,,
PS - Industrial,2,02301000,Mosaic - Bartow,2022,10,0.631569807,0.218672557,1.138183867,1.303886053,0.123215161,Mosaic,,
PS - Industrial,2,02301000,Mosaic - Bartow,2022,11,0.578211375,0.312389367,1.625976953,1.862694362,0.176021658,Mosaic,,
PS - Industrial,2,02301000,Mosaic - Bartow,2022,12,0.506976251,0.160359875,0.834668169,0.956183106,0.090357784,Mosaic,,
PS - Industrial,2,02301000,Mosaic - Bartow,2023,1,0.231038778,0.110377576,0.574511857,0.658152008,0.062194319,Mosaic,,
PS - Industrial,2,02301000,Mosaic - Bartow,2023,2,0.230388253,0.118506418,0.616822225,0.706622119,0.066774668,Mosaic,,
PS - Industrial,2,02301000,Mosaic - Bartow,2023,3,0.259147353,0.131203534,0.68291032,0.782331632,0.073929096,Mosaic,,
PS - Industrial,2,02301000,Mosaic - Bartow,2023,4,0.615515334,0.22169568,1.153919128,1.321912128,0.124918596,Mosaic,,
PS - Industrial,2,02301000,Mosaic - Bartow,2023,5,0.255525447,0.17285545,0.899707247,1.03069088,0.097398651,Mosaic,,
PS - Industrial,2,02301000,Mosaic - Bartow,2023,6,0.433527091,0.29828146,1.552545736,1.778572681,0.168072293,Mosaic,,
PS - Industrial,2,02301000,Mosaic - Bartow,2023,7,0.90185452,0.583126818,3.035156979,3.477029475,0.328573762,Mosaic,,
PS - Industrial,2,02301000,Mosaic - Bartow,2023,8,0.331404372,0.218672557,1.138183867,1.303886053,0.123215161,Mosaic,,
PS - Industrial,2,02301000,Mosaic - Bartow,2023,9,0.574831486,0.330528104,1.720388518,1.970850808,0.18624227,Mosaic,,
PS - Industrial,2,02301000,Mosaic - Bartow,2023,10,0.748027011,0.329050133,1.712695724,1.962038061,0.18540948,Mosaic,,
PS - Industrial,2,02301000,Mosaic - Bartow,2023,11,0.368307752,0.189449035,0.986076346,1.129634,0.106748618,Mosaic,,
PS - Industrial,2,02301000,Mosaic - Bartow,2023,12,0.487870698,0.174938046,0.910547094,1.043108843,0.098572129,Mosaic,,
PS - Industrial,2,02301000,Mosaic - Bartow,2024,1,0.465505431,0.202011791,1.051465096,1.204542354,0.113827339,Mosaic,,
PS - Industrial,2,02301000,Mosaic - Bartow,2024,2,0.571946062,0.266908162,1.389248696,1.591502086,0.150394419,Mosaic,,
PS - Industrial,2,02301000,Mosaic - Bartow,2024,3,0.376419486,0.208259578,1.083984635,1.241796241,0.117347772,Mosaic,,
PS - Industrial,2,02301000,Mosaic - Bartow,2024,4,1.424397872,0.852520659,4.437343556,5.083353,0.480368783,Mosaic,,
PS - Industrial,2,02301000,Mosaic - Bartow,2024,5,0.768827098,0.528979328,2.753320974,3.154162452,0.298063341,Mosaic,,
PS - Industrial,2,02301000,Mosaic - Bartow,2024,6,0.592181582,0.439360529,2.286857908,2.619789489,0.247565945,Mosaic,,
PS - Industrial,2,02301000,Mosaic - Bartow,2024,7,0.660363957,0.481079625,2.504004508,2.868549317,0.271073353,Mosaic,,
PS - Industrial,2,02301000,Mosaic - Bartow,2024,8,0.482205003,0.237415919,1.235742484,1.415647715,0.13377646,Mosaic,,
PS - Industrial,2,02301000,Mosaic - Bartow,2024,9,1.577732168,0.78399654,4.080677644,4.674761978,0.44175758,Mosaic,,
PS - Industrial,2,02301000,Mosaic - Bartow,2024,10,2.600321329,1.199575169,6.2437515,7.152746348,0.675923167,Mosaic,,
PS - Industrial,2,02301000,Mosaic - Bartow,2024,11,1.219463938,0.532069631,2.769405907,3.172589106,0.29980463,Mosaic,,
PS - Industrial,2,02301000,Mosaic - Bartow,2024,12,0.415122135,0.235333323,1.224902638,1.403229752,0.132602982,Mosaic,,
PS - Industrial,2,206-2,Mosaic - Black Point,2022,1,0.000996024,7.24381E-05,0.001060701,0.000316917,0.000117348,Mosaic,,
PS - Industrial,2,206-2,Mosaic - Black Point,2022,2,0.000864584,0.000065428,0.000958053,0.000286247,0.000105992,Mosaic,,
PS - Industrial,2,206-2,Mosaic - Black Point,2022,3,0.000238011,0.000144876,0.002121402,0.000633834,0.000234696,Mosaic,,
PS - Industrial,2,206-2,Mosaic - Black Point,2022,4,0.002954273,0.000560811,0.008211878,0.002453549,0.000908499,Mosaic,,
PS - Industrial,2,206-2,Mosaic - Black Point,2022,5,0.000633834,0.000507067,0.007424907,0.002218417,0.000821434,Mosaic,,
PS - Industrial,2,206-2,Mosaic - Black Point,2022,6,0.004656736,0.001682434,0.024635635,0.007360647,0.002725497,Mosaic,,
PS - Industrial,2,206-2,Mosaic - Black Point,2022,7,0.002191253,0.001593639,0.023335421,0.006972169,0.002581651,Mosaic,,
PS - Industrial,2,206-2,Mosaic - Black Point,2022,8,0.00145523,0.000362191,0.005303505,0.001584584,0.000586739,Mosaic,,
PS - Industrial,2,206-2,Mosaic - Black Point,2022,9,0.013519556,0.001682434,0.024635635,0.007360647,0.002725497,Mosaic,,
PS - Industrial,2,206-2,Mosaic - Black Point,2022,10,0,0,0,0,0,Mosaic,,
PS - Industrial,2,206-2,Mosaic - Black Point,2022,11,0.006759778,0.001261825,0.018476726,0.005520485,0.002044123,Mosaic,,
PS - Industrial,2,206-2,Mosaic - Black Point,2022,12,0.000310449,0.000144876,0.002121402,0.000633834,0.000234696,Mosaic,,
PS - Industrial,2,206-2,Mosaic - Black Point,2023,1,0,0,0,0,0,Mosaic,,
PS - Industrial,2,206-2,Mosaic - Black Point,2023,2,0,0,0,0,0,Mosaic,,
PS - Industrial,2,206-2,Mosaic - Black Point,2023,3,0,0,0,0,0,Mosaic,,
PS - Industrial,2,206-2,Mosaic - Black Point,2023,4,0,0,0,0,0,Mosaic,,
PS - Industrial,2,206-2,Mosaic - Black Point,2023,5,0.003492552,0.000651943,0.009546309,0.002852251,0.00105613,Mosaic,,
PS - Industrial,2,206-2,Mosaic - Black Point,2023,6,0.003004346,0.000560811,0.008211878,0.002453549,0.000908499,Mosaic,,
PS - Industrial,2,206-2,Mosaic - Black Point,2023,7,0.001940307,0.000434629,0.006364206,0.001901501,0.000704087,Mosaic,,
PS - Industrial,2,206-2,Mosaic - Black Point,2023,8,0.002949266,0.000869257,0.012728412,0.003803001,0.001408173,Mosaic,,
PS - Industrial,2,206-2,Mosaic - Black Point,2023,9,0.000951376,0.000280406,0.004105939,0.001226775,0.000454249,Mosaic,,
PS - Industrial,2,206-2,Mosaic - Black Point,2023,10,4.74728E-05,7.2438114E-6,0.00010607,3.16917E-05,1.17348E-05,Mosaic,,
PS - Industrial,2,206-2,Mosaic - Black Point,2023,11,8.16181E-05,7.0101401E-6,0.000102649,3.06694E-05,1.13562E-05,Mosaic,,
PS - Industrial,2,206-2,Mosaic - Black Point,2023,12,0.001702296,0.000289753,0.004242804,0.001267667,0.000469391,Mosaic,,
PS - Industrial,2,206-2,Mosaic - Black Point,2024,1,0.000582092,0.000217314,0.003182103,0.00095075,0.000352043,Mosaic,,
PS - Industrial,2,206-2,Mosaic - Black Point,2024,2,0.002182991,0.000271059,0.003969075,0.001185882,0.000439108,Mosaic,,
PS - Industrial,2,206-2,Mosaic - Black Point,2024,3,0.000432042,0.000144876,0.002121402,0.000633834,0.000234696,Mosaic,,
PS - Industrial,2,206-2,Mosaic - Black Point,2024,4,0.001552245,0.000140203,0.00205297,0.000613387,0.000227125,Mosaic,,
PS - Industrial,2,206-2,Mosaic - Black Point,2024,5,0.000354429,7.24381E-05,0.001060701,0.000316917,0.000117348,Mosaic,,
PS - Industrial,2,206-2,Mosaic - Black Point,2024,6,0.007080242,0.00098142,0.014370787,0.004293711,0.001589873,Mosaic,,
PS - Industrial,2,206-2,Mosaic - Black Point,2024,7,0.046386264,0.015936385,0.23335421,0.069721685,0.02581651,Mosaic,,
PS - Industrial,2,206-2,Mosaic - Black Point,2024,8,0.043849636,0.007895754,0.115616404,0.034543926,0.012790907,Mosaic,,
PS - Industrial,2,206-2,Mosaic - Black Point,2024,9,0.012058693,0.002733955,0.040032907,0.011961052,0.004428932,Mosaic,,
PS - Industrial,2,206-2,Mosaic - Black Point,2024,10,0.000724381,0.000579505,0.008485608,0.002535334,0.000938782,Mosaic,,
PS - Industrial,2,206-2,Mosaic - Black Point,2024,11,0,0,0,0,0,Mosaic,,
PS - Industrial,2,206-2,Mosaic - Black Point,2024,12,0.001231448,0.000144876,0.002121402,0.000633834,0.000234696,Mosaic,,
PS - Industrial,2,02301000,Mosaic - Bonnie,2022,1,0.247492578,0.415536067,1.255042068,2.446338595,0.231175111,Mosaic,,
PS - Industrial,2,02301000,Mosaic - Bonnie,2022,2,0.40637782,0.57756544,4.158111317,3.084461631,0.291476724,Mosaic,,
PS - Industrial,2,02301000,Mosaic - Bonnie,2022,3,0.794193373,1.264135638,5.79178941,5.861278258,0.553881484,Mosaic,,
PS - Industrial,2,02301000,Mosaic - Bonnie,2022,4,0.227992288,0.208539149,0.660392749,1.598311936,0.151037939,Mosaic,,
PS - Industrial,2,02301000,Mosaic - Bonnie,2022,5,0.048947469,0.255861767,0.731987143,1.067944767,0.100919084,Mosaic,,
PS - Industrial,2,02301000,Mosaic - Bonnie,2022,6,0.053740235,0.233212338,0.667190081,0.973408021,0.091985512,Mosaic,,
PS - Industrial,2,02301000,Mosaic - Bonnie,2022,7,0.485943327,0.605298055,2.119668571,4.271779069,0.403676336,Mosaic,,
PS - Industrial,2,02301000,Mosaic - Bonnie,2022,8,2.006070086,1.993173515,12.41589275,13.22512997,1.249753772,Mosaic,,
PS - Industrial,2,02301000,Mosaic - Bonnie,2022,9,2.821931885,4.23876882,15.24478888,23.90257474,2.25875534,Mosaic,,
PS - Industrial,2,02301000,Mosaic - Bonnie,2022,10,1.218098629,1.287522801,9.928497267,7.090656536,0.670055778,Mosaic,,
PS - Industrial,2,02301000,Mosaic - Bonnie,2022,11,1.35271919,3.339918646,9.68977863,15.45435451,1.46041195,Mosaic,,
PS - Industrial,2,02301000,Mosaic - Bonnie,2022,12,0.220729282,0.64521663,1.850172916,2.73195173,0.258165098,Mosaic,,
PS - Industrial,2,02301000,Mosaic - Bonnie,2023,1,0.688951142,0.602426401,4.056353292,3.14174449,0.296889863,Mosaic,,
PS - Industrial,2,02301000,Mosaic - Bonnie,2023,2,0.821308011,0.591083327,3.955985612,3.555543044,0.335993169,Mosaic,,
PS - Industrial,2,02301000,Mosaic - Bonnie,2023,3,0.061481849,0.288588272,0.825613405,1.204542354,0.113827339,Mosaic,,
PS - Industrial,2,02301000,Mosaic - Bonnie,2023,4,0.352234502,0.338765019,1.085945806,2.715928553,0.256650934,Mosaic,,
PS - Industrial,2,02301000,Mosaic - Bonnie,2023,5,0.80710288,1.004820125,3.128796177,7.028566724,0.66418839,Mosaic,,
PS - Industrial,2,02301000,Mosaic - Bonnie,2023,6,1.371045699,1.49954407,8.196969302,9.986445254,0.943703212,Mosaic,,
PS - Industrial,2,02301000,Mosaic - Bonnie,2023,7,0.391152881,0.942264639,2.823456591,5.364559761,0.506942375,Mosaic,,
PS - Industrial,2,02301000,Mosaic - Bonnie,2023,8,1.213441894,1.826462369,8.914117898,12.07025946,1.140620344,Mosaic,,
PS - Industrial,2,02301000,Mosaic - Bonnie,2023,9,0.775046093,1.39921144,6.596191299,6.53745634,0.617779238,Mosaic,,
PS - Industrial,2,02301000,Mosaic - Bonnie,2023,10,0.524154432,1.023822195,4.699073394,5.141036438,0.485819776,Mosaic,,
PS - Industrial,2,02301000,Mosaic - Bonnie,2023,11,0.202355204,0.762978638,2.182782364,3.184606489,0.300940254,Mosaic,,
PS - Industrial,2,02301000,Mosaic - Bonnie,2023,12,0.349604448,0.883615638,2.527909085,3.688134836,0.348522883,Mosaic,,
PS - Industrial,2,02301000,Mosaic - Bonnie,2024,1,0.406571851,1.118405675,3.202618376,4.706407753,0.444748056,Mosaic,,
PS - Industrial,2,02301000,Mosaic - Bonnie,2024,2,0.560692284,0.933022938,5.320229805,4.902291096,0.463258721,Mosaic,,
PS - Industrial,2,02301000,Mosaic - Bonnie,2024,3,0.290606191,1.058463136,3.040926157,4.818169415,0.455309355,Mosaic,,
PS - Industrial,2,02301000,Mosaic - Bonnie,2024,4,0.186657498,0.688020212,1.993345847,3.14855434,0.297533383,Mosaic,,
PS - Industrial,2,02301000,Mosaic - Bonnie,2024,5,0.125731869,0.535524629,1.532066112,2.235233234,0.21122599,Mosaic,,
PS - Industrial,2,02301000,Mosaic - Bonnie,2024,6,0.14841468,0.510475896,2.162102451,2.319354915,0.219175355,Mosaic,,
PS - Industrial,2,02301000,Mosaic - Bonnie,2024,7,0.540647038,0.934917345,4.237138128,5.215544212,0.492860642,Mosaic,,
PS - Industrial,2,02301000,Mosaic - Bonnie,2024,8,3.404914745,4.08607879,18.6321307,18.98706453,1.794247434,Mosaic,,
PS - Industrial,2,02301000,Mosaic - Bonnie,2024,9,1.358377374,1.888769579,9.182156862,9.529784701,0.900549515,Mosaic,,
PS - Industrial,2,02301000,Mosaic - Bonnie,2024,10,1.537537777,1.88558998,10.43851333,9.226546071,0.871893946,Mosaic,,
PS - Industrial,2,02301000,Mosaic - Bonnie,2024,11,0.34424795,0.791770285,2.26515151,3.304780319,0.31229649,Mosaic,,
PS - Industrial,2,02301000,Mosaic - Bonnie,2024,12,0.168470357,0.523624082,1.498020199,2.185561384,0.206532079,Mosaic,,
PS - Industrial,3,02300500,Mosaic - Four Corners,2022,1,0,0,0,0,0,Mosaic,,
PS - Industrial,3,02300500,Mosaic - Four Corners,2022,2,0,0,0,0,0,Mosaic,,
PS - Industrial,3,02300500,Mosaic - Four Corners,2022,3,0,0,0,0,0,Mosaic,,
PS - Industrial,3,02300500,Mosaic - Four Corners,2022,4,0,0,0,0,0,Mosaic,,
PS - Industrial,3,02300500,Mosaic - Four Corners,2022,5,0,0,0,0,0,Mosaic,,
PS - Industrial,3,02300500,Mosaic - Four Corners,2022,6,0,0,0,0,0,Mosaic,,
PS - Industrial,3,02300500,Mosaic - Four Corners,2022,7,0,0,0,0,0,Mosaic,,
PS - Industrial,3,02300500,Mosaic - Four Corners,2022,8,1.268753568,1.145970964,12.99449219,9.822608266,0.928220877,Mosaic,,
PS - Industrial,3,02300500,Mosaic - Four Corners,2022,9,5.992367877,6.331558511,71.79535098,54.27050153,5.128476178,Mosaic,,
PS - Industrial,3,02300500,Mosaic - Four Corners,2022,10,11.06048509,9.314092706,105.6151584,79.83508034,7.544288262,Mosaic,,
PS - Industrial,3,02300500,Mosaic - Four Corners,2022,11,0.11574242,0.093935877,1.065165748,0.80516466,0.076086781,Mosaic,,
PS - Industrial,3,02300500,Mosaic - Four Corners,2022,12,0,0,0,0,0,Mosaic,,
PS - Industrial,3,02300500,Mosaic - Four Corners,2023,1,0,0,0,0,0,Mosaic,,
PS - Industrial,3,02300500,Mosaic - Four Corners,2023,2,0,0,0,0,0,Mosaic,,
PS - Industrial,3,02300500,Mosaic - Four Corners,2023,3,0,0,0,0,0,Mosaic,,
PS - Industrial,3,02300500,Mosaic - Four Corners,2023,4,0,0,0,0,0,Mosaic,,
PS - Industrial,3,02300500,Mosaic - Four Corners,2023,5,0,0,0,0,0,Mosaic,,
PS - Industrial,3,02300500,Mosaic - Four Corners,2023,6,0,0,0,0,0,Mosaic,,
PS - Industrial,3,02300500,Mosaic - Four Corners,2023,7,0,0,0,0,0,Mosaic,,
PS - Industrial,3,02300500,Mosaic - Four Corners,2023,8,0,0,0,0,0,Mosaic,,
PS - Industrial,3,02300500,Mosaic - Four Corners,2023,9,0,0,0,0,0,Mosaic,,
PS - Industrial,3,02300500,Mosaic - Four Corners,2023,10,0,0,0,0,0,Mosaic,,
PS - Industrial,3,02300500,Mosaic - Four Corners,2023,11,0,0,0,0,0,Mosaic,,
PS - Industrial,3,02300500,Mosaic - Four Corners,2023,12,0,0,0,0,0,Mosaic,,
PS - Industrial,3,02300500,Mosaic - Four Corners,2024,1,0,0,0,0,0,Mosaic,,
PS - Industrial,3,02300500,Mosaic - Four Corners,2024,2,0,0,0,0,0,Mosaic,,
PS - Industrial,3,02300500,Mosaic - Four Corners,2024,3,0,0,0,0,0,Mosaic,,
PS - Industrial,3,02300500,Mosaic - Four Corners,2024,4,0,0,0,0,0,Mosaic,,
PS - Industrial,3,02300500,Mosaic - Four Corners,2024,5,0,0,0,0,0,Mosaic,,
PS - Industrial,3,02300500,Mosaic - Four Corners,2024,6,0,0,0,0,0,Mosaic,,
PS - Industrial,3,02300500,Mosaic - Four Corners,2024,7,0,0,0,0,0,Mosaic,,
PS - Industrial,3,02300500,Mosaic - Four Corners,2024,8,13.76717403,10.14423349,115.0283619,86.9505728,8.216690995,Mosaic,,
PS - Industrial,3,02300500,Mosaic - Four Corners,2024,9,13.11376889,9.662777073,109.56899,82.82380348,7.826717851,Mosaic,,
PS - Industrial,3,02300500,Mosaic - Four Corners,2024,10,2.942487935,8.906990505,100.9989102,76.3456329,7.214541023,Mosaic,,
PS - Industrial,3,02300500,Mosaic - Four Corners,2024,11,0,0,0,0,0,Mosaic,,
PS - Industrial,3,02300500,Mosaic - Four Corners,2024,12,0,0,0,0,0,Mosaic,,
PS - Industrial,2,02301300,Mosaic - Ft. Lonesome,2022,1,0,0,0,0,0,Mosaic,,
PS - Industrial,2,02301300,Mosaic - Ft. Lonesome,2022,2,0.001028154,0.00014955,0.022432448,0.089729793,0.008479323,Mosaic,,
PS - Industrial,2,02301300,Mosaic - Ft. Lonesome,2022,3,0.012379156,0.001800605,0.270090682,1.08036273,0.102092562,Mosaic,,
PS - Industrial,2,02301300,Mosaic - Ft. Lonesome,2022,4,0.012943723,0.001882723,0.2824085,1.129634,0.106748618,Mosaic,,
PS - Industrial,2,02301300,Mosaic - Ft. Lonesome,2022,5,0.021627951,0.003145884,0.471882572,1.887530286,0.178368613,Mosaic,,
PS - Industrial,2,02301300,Mosaic - Ft. Lonesome,2022,6,0.006471862,0.000941362,0.14120425,0.564817,0.053374309,Mosaic,,
PS - Industrial,2,02301300,Mosaic - Ft. Lonesome,2022,7,1.760013335,0.023345769,3.5018654,14.0074616,1.323682868,Mosaic,,
PS - Industrial,2,02301300,Mosaic - Ft. Lonesome,2022,8,0.713075621,0.013266523,1.989978476,7.959913905,0.752199219,Mosaic,,
PS - Industrial,2,02301300,Mosaic - Ft. Lonesome,2022,9,1.64220042,0.029522704,4.428405627,17.71362251,1.673909186,Mosaic,,
PS - Industrial,2,02301300,Mosaic - Ft. Lonesome,2022,10,4.233697318,0.052921217,7.938182471,31.75272988,3.00058253,Mosaic,,
PS - Industrial,2,02301300,Mosaic - Ft. Lonesome,2022,11,2.961008057,0.046447185,6.967077781,27.86831113,2.633511128,Mosaic,,
PS - Industrial,2,02301300,Mosaic - Ft. Lonesome,2022,12,2.605469609,0.034170093,5.125513985,20.50205594,1.937411716,Mosaic,,
PS - Industrial,2,02301300,Mosaic - Ft. Lonesome,2023,1,1.668663699,0.035598159,5.339723836,21.35889535,2.018381678,Mosaic,,
PS - Industrial,2,02301300,Mosaic - Ft. Lonesome,2023,2,0.733284019,0.013048207,1.957231108,7.82892443,0.739820921,Mosaic,,
PS - Industrial,2,02301300,Mosaic - Ft. Lonesome,2023,3,0.128034367,0.004180714,0.627107102,2.508428407,0.237042499,Mosaic,,
PS - Industrial,2,02301300,Mosaic - Ft. Lonesome,2023,4,0.140465682,0.004586635,0.687995176,2.751980702,0.260057804,Mosaic,,
PS - Industrial,2,02301300,Mosaic - Ft. Lonesome,2023,5,0.116625364,0.003808175,0.571226271,2.284905084,0.215919901,Mosaic,,
PS - Industrial,2,02301300,Mosaic - Ft. Lonesome,2023,6,0.008274469,6.00869E-05,0.009013037,0.036052149,0.003406871,Mosaic,,
PS - Industrial,2,02301300,Mosaic - Ft. Lonesome,2023,7,0,0,0,0,0,Mosaic,,
PS - Industrial,2,02301300,Mosaic - Ft. Lonesome,2023,8,0,0,0,0,0,Mosaic,,
PS - Industrial,2,02301300,Mosaic - Ft. Lonesome,2023,9,0,0,0,0,0,Mosaic,,
PS - Industrial,2,02301300,Mosaic - Ft. Lonesome,2023,10,0,0,0,0,0,Mosaic,,
PS - Industrial,2,02301300,Mosaic - Ft. Lonesome,2023,11,0,0,0,0,0,Mosaic,,
PS - Industrial,2,02301300,Mosaic - Ft. Lonesome,2023,12,0,0,0,0,0,Mosaic,,
PS - Industrial,2,02301300,Mosaic - Ft. Lonesome,2024,1,0,0,0,0,0,Mosaic,,
PS - Industrial,2,02301300,Mosaic - Ft. Lonesome,2024,2,0,0,0,0,0,Mosaic,,
PS - Industrial,2,02301300,Mosaic - Ft. Lonesome,2024,3,0,0,0,0,0,Mosaic,,
PS - Industrial,2,02301300,Mosaic - Ft. Lonesome,2024,4,0,0,0,0,0,Mosaic,,
PS - Industrial,2,02301300,Mosaic - Ft. Lonesome,2024,5,0,0,0,0,0,Mosaic,,
PS - Industrial,2,02301300,Mosaic - Ft. Lonesome,2024,6,0,0,0,0,0,Mosaic,,
PS - Industrial,2,02301300,Mosaic - Ft. Lonesome,2024,7,0,0,0,0,0,Mosaic,,
PS - Industrial,2,02301300,Mosaic - Ft. Lonesome,2024,8,4.6168432,0.037688516,5.653277387,22.61310955,2.136902928,Mosaic,,
PS - Industrial,2,02301300,Mosaic - Ft. Lonesome,2024,9,6.909194053,0.056401584,8.460237616,33.84095047,3.197916058,Mosaic,,
PS - Industrial,2,02301300,Mosaic - Ft. Lonesome,2024,10,2.948166565,0.059709703,8.956455388,35.82582155,3.385483222,Mosaic,,
PS - Industrial,2,02301300,Mosaic - Ft. Lonesome,2024,11,2.224267372,0.034890469,5.233570287,20.93428115,1.978256311,Mosaic,,
PS - Industrial,2,02301300,Mosaic - Ft. Lonesome,2024,12,0,0,0,0,0,Mosaic,,
PS - Industrial,2,02301000,Mosaic - Green Bay,2022,1,0.213394923,1.920554305,3.58685083,4.358704806,0.41189068,Mosaic,,
PS - Industrial,2,02301000,Mosaic - Green Bay,2022,2,0.252762284,1.843421484,3.442796624,4.183651594,0.395348429,Mosaic,,
PS - Industrial,2,02301000,Mosaic - Green Bay,2022,3,0.439388903,2.112062569,3.944514018,4.79333349,0.4529624,Mosaic,,
PS - Industrial,2,02301000,Mosaic - Green Bay,2022,4,0.349743399,2.208081459,4.123840077,5.011248702,0.473555041,Mosaic,,
PS - Industrial,2,02301000,Mosaic - Green Bay,2022,5,0.749734481,2.298099169,4.291958258,5.215544212,0.492860642,Mosaic,,
PS - Industrial,2,02301000,Mosaic - Green Bay,2022,6,0.496568279,2.234557256,4.173286601,5.071335617,0.479233159,Mosaic,,
PS - Industrial,2,02301000,Mosaic - Green Bay,2022,7,0.465531301,2.697530691,5.037941479,6.122055468,0.578524516,Mosaic,,
PS - Industrial,2,02301000,Mosaic - Green Bay,2022,8,0.59792489,3.512808729,6.560564766,7.972331867,0.753372696,Mosaic,,
PS - Industrial,2,02301000,Mosaic - Green Bay,2022,9,1.690244916,6.163565512,11.51115072,13.98823379,1.32186587,Mosaic,,
PS - Industrial,2,02301000,Mosaic - Green Bay,2022,10,1.548726879,5.84920955,10.92405566,13.27480182,1.254447683,Mosaic,,
PS - Industrial,2,02301000,Mosaic - Green Bay,2022,11,1.183712223,5.215731984,9.740965171,11.83712223,1.118589246,Mosaic,,
PS - Industrial,2,02301000,Mosaic - Green Bay,2022,12,0.372694097,1.608669418,3.004370781,3.650880949,0.34500245,Mosaic,,
PS - Industrial,2,02301000,Mosaic - Green Bay,2023,1,0.296323628,1.362444507,2.54451811,3.09207264,0.292195952,Mosaic,,
PS - Industrial,2,02301000,Mosaic - Green Bay,2023,2,0.331404372,1.507355369,2.815155417,3.420948354,0.323274185,Mosaic,,
PS - Industrial,2,02301000,Mosaic - Green Bay,2023,3,0.273466816,1.329614519,2.483204421,3.017564866,0.285155086,Mosaic,,
PS - Industrial,2,02301000,Mosaic - Green Bay,2023,4,0.287165381,1.641499406,3.06568447,3.725388723,0.352043316,Mosaic,,
PS - Industrial,2,02301000,Mosaic - Green Bay,2023,5,0.470899483,2.620927385,4.894876204,5.948203994,0.562095828,Mosaic,,
PS - Industrial,2,02301000,Mosaic - Green Bay,2023,6,0.421484672,2.742892556,5.122659856,6.225004382,0.588253025,Mosaic,,
PS - Industrial,2,02301000,Mosaic - Green Bay,2023,7,0.289390266,1.800177682,3.362033969,4.085509633,0.38607417,Mosaic,,
PS - Industrial,2,02301000,Mosaic - Green Bay,2023,8,0.755749431,5.608456304,10.47442194,12.72841147,1.202814663,Mosaic,,
PS - Industrial,2,02301000,Mosaic - Green Bay,2023,9,0.368633223,2.165720184,4.044725639,4.915109638,0.464470052,Mosaic,,
PS - Industrial,2,02301000,Mosaic - Green Bay,2023,10,0.385267284,1.597726089,2.983932884,3.626045024,0.342655494,Mosaic,,
PS - Industrial,2,02301000,Mosaic - Green Bay,2023,11,0.112087133,1.281428569,2.393211748,2.908206681,0.274820911,Mosaic,,
PS - Industrial,2,02301000,Mosaic - Green Bay,2023,12,0.196359031,1.384331166,2.585393903,3.14174449,0.296889863,Mosaic,,
PS - Industrial,2,02301000,Mosaic - Green Bay,2024,1,0.39233,1.843951,3.443785555,4.184853332,0.395461992,Mosaic,,
PS - Industrial,2,02301000,Mosaic - Green Bay,2024,2,0.351795534,1.617494684,3.020852955,3.67090992,0.346895156,Mosaic,,
PS - Industrial,2,02301000,Mosaic - Green Bay,2024,3,0.794827207,2.527909085,4.721154084,5.737098634,0.542146707,Mosaic,,
PS - Industrial,2,02301000,Mosaic - Green Bay,2024,4,0.414599713,1.906257375,3.560149707,4.326257872,0.408824496,Mosaic,,
PS - Industrial,2,02301000,Mosaic - Green Bay,2024,5,0.393959858,2.057345922,3.842324536,4.669153866,0.441227623,Mosaic,,
PS - Industrial,2,02301000,Mosaic - Green Bay,2024,6,0.890988803,2.298099169,4.291958258,5.215544212,0.492860642,Mosaic,,
PS - Industrial,2,02301000,Mosaic - Green Bay,2024,7,0.991884748,3.107905542,5.804362597,7.053402649,0.666535345,Mosaic,,
PS - Industrial,2,02301000,Mosaic - Green Bay,2024,8,2.43143704,5.843737886,10.91383671,13.26238385,1.253274205,Mosaic,,
PS - Industrial,2,02301000,Mosaic - Green Bay,2024,9,1.443475467,4.590903178,8.574027211,10.41907104,0.984585661,Mosaic,,
PS - Industrial,2,02301000,Mosaic - Green Bay,2024,10,1.374513214,5.285628088,9.871503993,11.99575169,1.133579478,Mosaic,,
PS - Industrial,2,02301000,Mosaic - Green Bay,2024,11,1.175275019,3.166505306,5.913804236,7.186395021,0.679102913,Mosaic,,
PS - Industrial,2,02301000,Mosaic - Green Bay,2024,12,0.815743712,2.347344151,4.383928792,5.327305874,0.503421942,Mosaic,,
PS - Industrial,2,02301500,Mosaic - Hookers Prairie,2022,1,0,0,0,0,0,Mosaic,,
PS - Industrial,2,02301500,Mosaic - Hookers Prairie,2022,2,0,0,0,0,0,Mosaic,,
PS - Industrial,2,02301500,Mosaic - Hookers Prairie,2022,3,0,0,0,0,0,Mosaic,,
PS - Industrial,2,02301500,Mosaic - Hookers Prairie,2022,4,0,0,0,0,0,Mosaic,,
PS - Industrial,2,02301500,Mosaic - Hookers Prairie,2022,5,0,0,0,0,0,Mosaic,,
PS - Industrial,2,02301500,Mosaic - Hookers Prairie,2022,6,0,0,0,0,0,Mosaic,,
PS - Industrial,2,02301500,Mosaic - Hookers Prairie,2022,7,0,0,0,0,0,Mosaic,,
PS - Industrial,2,02301500,Mosaic - Hookers Prairie,2022,8,0,0,0,0,0,Mosaic,,
PS - Industrial,2,02301500,Mosaic - Hookers Prairie,2022,9,0,0,0,0,0,Mosaic,,
PS - Industrial,2,02301500,Mosaic - Hookers Prairie,2022,10,0,0,0,0,0,Mosaic,,
PS - Industrial,2,02301500,Mosaic - Hookers Prairie,2022,11,0,0,0,0,0,Mosaic,,
PS - Industrial,2,02301500,Mosaic - Hookers Prairie,2022,12,0,0,0,0,0,Mosaic,,
PS - Industrial,2,02301500,Mosaic - Hookers Prairie,2023,1,0,0,0,0,0,Mosaic,,
PS - Industrial,2,02301500,Mosaic - Hookers Prairie,2023,2,0,0,0,0,0,Mosaic,,
PS - Industrial,2,02301500,Mosaic - Hookers Prairie,2023,3,0,0,0,0,0,Mosaic,,
PS - Industrial,2,02301500,Mosaic - Hookers Prairie,2023,4,0,0,0,0,0,Mosaic,,
PS - Industrial,2,02301500,Mosaic - Hookers Prairie,2023,5,0,0,0,0,0,Mosaic,,
PS - Industrial,2,02301500,Mosaic - Hookers Prairie,2023,6,0,0,0,0,0,Mosaic,,
PS - Industrial,2,02301500,Mosaic - Hookers Prairie,2023,7,0,0,0,0,0,Mosaic,,
PS - Industrial,2,02301500,Mosaic - Hookers Prairie,2023,8,0,0,0,0,0,Mosaic,,
PS - Industrial,2,02301500,Mosaic - Hookers Prairie,2023,9,0,0,0,0,0,Mosaic,,
PS - Industrial,2,02301500,Mosaic - Hookers Prairie,2023,10,0,0,0,0,0,Mosaic,,
PS - Industrial,2,02301500,Mosaic - Hookers Prairie,2023,11,0,0,0,0,0,Mosaic,,
PS - Industrial,2,02301500,Mosaic - Hookers Prairie,2023,12,0,0,0,0,0,Mosaic,,
PS - Industrial,2,02301500,Mosaic - Hookers Prairie,2024,1,0,0,0,0,0,Mosaic,,
PS - Industrial,2,02301500,Mosaic - Hookers Prairie,2024,2,0,0,0,0,0,Mosaic,,
PS - Industrial,2,02301500,Mosaic - Hookers Prairie,2024,3,0,0,0,0,0,Mosaic,,
PS - Industrial,2,02301500,Mosaic - Hookers Prairie,2024,4,0,0,0,0,0,Mosaic,,
PS - Industrial,2,02301500,Mosaic - Hookers Prairie,2024,5,0,0,0,0,0,Mosaic,,
PS - Industrial,2,02301500,Mosaic - Hookers Prairie,2024,6,0,0,0,0,0,Mosaic,,
PS - Industrial,2,02301500,Mosaic - Hookers Prairie,2024,7,0,0,0,0,0,Mosaic,,
PS - Industrial,2,02301500,Mosaic - Hookers Prairie,2024,8,0,0,0,0,0,Mosaic,,
PS - Industrial,2,02301500,Mosaic - Hookers Prairie,2024,9,0,0,0,0,0,Mosaic,,
PS - Industrial,2,02301500,Mosaic - Hookers Prairie,2024,10,0,0,0,0,0,Mosaic,,
PS - Industrial,2,02301500,Mosaic - Hookers Prairie,2024,11,0,0,0,0,0,Mosaic,,
PS - Industrial,2,02301500,Mosaic - Hookers Prairie,2024,12,0,0,0,0,0,Mosaic,,
PS - Industrial,2,02301000,Mosaic - Mulberry Phospho Stack,2022,1,0,0,0,0,0,Mosaic,,
PS - Industrial,2,02301000,Mosaic - Mulberry Phospho Stack,2022,2,0,0,0,0,0,Mosaic,,
PS - Industrial,2,02301000,Mosaic - Mulberry Phospho Stack,2022,3,0,0,0,0,0,Mosaic,,
PS - Industrial,2,02301000,Mosaic - Mulberry Phospho Stack,2022,4,0.274096477,1.135542547,1.154269635,1.634364085,0.15444481,Mosaic,,
PS - Industrial,2,02301000,Mosaic - Mulberry Phospho Stack,2022,5,0,0,0,0,0,Mosaic,,
PS - Industrial,2,02301000,Mosaic - Mulberry Phospho Stack,2022,6,0,0,0,0,0,Mosaic,,
PS - Industrial,2,02301000,Mosaic - Mulberry Phospho Stack,2022,7,0.037874785,0.207069523,0.210484463,0.298031098,0.028163465,Mosaic,,
PS - Industrial,2,02301000,Mosaic - Mulberry Phospho Stack,2022,8,0.102655156,0.534929602,0.543751529,0.769913669,0.072755619,Mosaic,,
PS - Industrial,2,02301000,Mosaic - Mulberry Phospho Stack,2022,9,0.992585762,7.698310499,7.825269143,11.08002711,1.047044959,Mosaic,,
PS - Industrial,2,02301000,Mosaic - Mulberry Phospho Stack,2022,10,0.718482608,2.260508962,2.29778872,3.253506152,0.307451163,Mosaic,,
PS - Industrial,2,02301000,Mosaic - Mulberry Phospho Stack,2022,11,0.376820065,1.452826493,1.476786151,2.091024638,0.197598506,Mosaic,,
PS - Industrial,2,02301000,Mosaic - Mulberry Phospho Stack,2022,12,0,0,0,0,0,Mosaic,,
PS - Industrial,2,02301000,Mosaic - Mulberry Phospho Stack,2023,1,0,0,0,0,0,Mosaic,,
PS - Industrial,2,02301000,Mosaic - Mulberry Phospho Stack,2023,2,0.316017114,0.537712794,0.546580621,0.773919464,0.07313416,Mosaic,,
PS - Industrial,2,02301000,Mosaic - Mulberry Phospho Stack,2023,3,0,0,0,0,0,Mosaic,,
PS - Industrial,2,02301000,Mosaic - Mulberry Phospho Stack,2023,4,0,0,0,0,0,Mosaic,,
PS - Industrial,2,02301000,Mosaic - Mulberry Phospho Stack,2023,5,0.187821682,1.043975513,1.0611925,1.502573452,0.141990804,Mosaic,,
PS - Industrial,2,02301000,Mosaic - Mulberry Phospho Stack,2023,6,0.231334622,1.402729028,1.42586249,2.01892034,0.190784765,Mosaic,,
PS - Industrial,2,02301000,Mosaic - Mulberry Phospho Stack,2023,7,0,0,0,0,0,Mosaic,,
PS - Industrial,2,02301000,Mosaic - Mulberry Phospho Stack,2023,8,0.334004383,1.302812417,1.324298079,1.875112324,0.177195136,Mosaic,,
PS - Industrial,2,02301000,Mosaic - Mulberry Phospho Stack,2023,9,0.281644895,1.26078621,1.281578786,1.81462483,0.171479164,Mosaic,,
PS - Industrial,2,02301000,Mosaic - Mulberry Phospho Stack,2023,10,0.084131695,0.207069523,0.210484463,0.298031098,0.028163465,Mosaic,,
PS - Industrial,2,02301000,Mosaic - Mulberry Phospho Stack,2023,11,0.092208378,0.242137749,0.246131025,0.348504106,0.032933084,Mosaic,,
PS - Industrial,2,02301000,Mosaic - Mulberry Phospho Stack,2023,12,0.153930992,0.172557936,0.175403719,0.248359248,0.023469554,Mosaic,,
PS - Industrial,2,02301000,Mosaic - Mulberry Phospho Stack,2024,1,0.251670705,0.327860078,0.333267066,0.471882572,0.044592153,Mosaic,,
PS - Industrial,2,02301000,Mosaic - Mulberry Phospho Stack,2024,2,0,0,0,0,0,Mosaic,,
PS - Industrial,2,02301000,Mosaic - Mulberry Phospho Stack,2024,3,0.492579176,2.415811104,2.455652067,3.477029475,0.328573762,Mosaic,,
PS - Industrial,2,02301000,Mosaic - Mulberry Phospho Stack,2024,4,0,0,0,0,0,Mosaic,,
PS - Industrial,2,02301000,Mosaic - Mulberry Phospho Stack,2024,5,0,0,0,0,0,Mosaic,,
PS - Industrial,2,02301000,Mosaic - Mulberry Phospho Stack,2024,6,0,0,0,0,0,Mosaic,,
PS - Industrial,2,02301000,Mosaic - Mulberry Phospho Stack,2024,7,0.256844856,1.259672933,1.280447149,1.813022512,0.171327747,Mosaic,,
PS - Industrial,2,02301000,Mosaic - Mulberry Phospho Stack,2024,8,0.744146397,3.649600346,3.709788658,5.2527981,0.496381076,Mosaic,,
PS - Industrial,2,02301000,Mosaic - Mulberry Phospho Stack,2024,9,1.527446931,3.815756939,3.878685465,5.491944021,0.518979985,Mosaic,,
PS - Industrial,2,02301000,Mosaic - Mulberry Phospho Stack,2024,10,1.205357283,3.011135983,3.060794897,4.333868881,0.409543724,Mosaic,,
PS - Industrial,2,02301000,Mosaic - Mulberry Phospho Stack,2024,11,0,0,0,0,0,Mosaic,,
PS - Industrial,2,02301000,Mosaic - Mulberry Phospho Stack,2024,12,0,0,0,0,0,Mosaic,,
PS - Industrial,2,02301000,Mosaic - Mulberry Plant,2022,1,0,0,0,0,0,Mosaic,,
PS - Industrial,2,02301000,Mosaic - Mulberry Plant,2022,2,0,0,0,0,0,Mosaic,,
PS - Industrial,2,02301000,Mosaic - Mulberry Plant,2022,3,0,0,0,0,0,Mosaic,,
PS - Industrial,2,02301000,Mosaic - Mulberry Plant,2022,4,0,0,0,0,0,Mosaic,,
PS - Industrial,2,02301000,Mosaic - Mulberry Plant,2022,5,0,0,0,0,0,Mosaic,,
PS - Industrial,2,02301000,Mosaic - Mulberry Plant,2022,6,0,0,0,0,0,Mosaic,,
PS - Industrial,2,02301000,Mosaic - Mulberry Plant,2022,7,0,0,0,0,0,Mosaic,,
PS - Industrial,2,02301000,Mosaic - Mulberry Plant,2022,8,0.010361237,0.025728466,0.059024128,0.111761662,0.0105613,Mosaic,,
PS - Industrial,2,02301000,Mosaic - Mulberry Plant,2022,9,0.052576051,0.066396041,0.152320329,0.288417192,0.027254966,Mosaic,,
PS - Industrial,2,02301000,Mosaic - Mulberry Plant,2022,10,0.005109474,0.014293592,0.032791182,0.062089812,0.005867389,Mosaic,,
PS - Industrial,2,02301000,Mosaic - Mulberry Plant,2022,11,0,0,0,0,0,Mosaic,,
PS - Industrial,2,02301000,Mosaic - Mulberry Plant,2022,12,0,0,0,0,0,Mosaic,,
PS - Industrial,2,02301000,Mosaic - Mulberry Plant,2023,1,0,0,0,0,0,Mosaic,,
PS - Industrial,2,02301000,Mosaic - Mulberry Plant,2023,2,0,0,0,0,0,Mosaic,,
PS - Industrial,2,02301000,Mosaic - Mulberry Plant,2023,3,0,0,0,0,0,Mosaic,,
PS - Industrial,2,02301000,Mosaic - Mulberry Plant,2023,4,0,0,0,0,0,Mosaic,,
PS - Industrial,2,02301000,Mosaic - Mulberry Plant,2023,5,0.006532366,0.014293592,0.032791182,0.062089812,0.005867389,Mosaic,,
PS - Industrial,2,02301000,Mosaic - Mulberry Plant,2023,6,0.050898624,0.052563532,0.120586927,0.228330277,0.021576848,Mosaic,,
PS - Industrial,2,02301000,Mosaic - Mulberry Plant,2023,7,0,0,0,0,0,Mosaic,,
PS - Industrial,2,02301000,Mosaic - Mulberry Plant,2023,8,0.0219384,0.045739495,0.104931782,0.198687399,0.018775644,Mosaic,,
PS - Industrial,2,02301000,Mosaic - Mulberry Plant,2023,9,0.015697707,0.030431519,0.069813484,0.132191213,0.01249186,Mosaic,,
PS - Industrial,2,02301000,Mosaic - Mulberry Plant,2023,10,0,0,0,0,0,Mosaic,,
PS - Industrial,2,02301000,Mosaic - Mulberry Plant,2023,11,0,0,0,0,0,Mosaic,,
PS - Industrial,2,02301000,Mosaic - Mulberry Plant,2023,12,0,0,0,0,0,Mosaic,,
PS - Industrial,2,02301000,Mosaic - Mulberry Plant,2024,1,0,0,0,0,0,Mosaic,,
PS - Industrial,2,02301000,Mosaic - Mulberry Plant,2024,2,0,0,0,0,0,Mosaic,,
PS - Industrial,2,02301000,Mosaic - Mulberry Plant,2024,3,0,0,0,0,0,Mosaic,,
PS - Industrial,2,02301000,Mosaic - Mulberry Plant,2024,4,0,0,0,0,0,Mosaic,,
PS - Industrial,2,02301000,Mosaic - Mulberry Plant,2024,5,0,0,0,0,0,Mosaic,,
PS - Industrial,2,02301000,Mosaic - Mulberry Plant,2024,6,0,0,0,0,0,Mosaic,,
PS - Industrial,2,02301000,Mosaic - Mulberry Plant,2024,7,0,0,0,0,0,Mosaic,,
PS - Industrial,2,02301000,Mosaic - Mulberry Plant,2024,8,0.070368454,0.114348737,0.262329456,0.496718496,0.046939109,Mosaic,,
PS - Industrial,2,02301000,Mosaic - Mulberry Plant,2024,9,0.03855577,0.038731024,0.088853525,0.168243362,0.01589873,Mosaic,,
PS - Industrial,2,02301000,Mosaic - Mulberry Plant,2024,10,0.063564445,0.111490019,0.25577122,0.484300534,0.045765631,Mosaic,,
PS - Industrial,2,02301000,Mosaic - Mulberry Plant,2024,11,0,0,0,0,0,Mosaic,,
PS - Industrial,2,02301000,Mosaic - Mulberry Plant,2024,12,0,0,0,0,0,Mosaic,,
PS - Industrial,2,02301000,Mosaic - New Wales Chemical Plant,2022,1,0.534554476,0.192439611,3.492422574,6.842297288,0.646586224,Mosaic,,
PS - Industrial,2,02301000,Mosaic - New Wales Chemical Plant,2022,2,0.562774045,0.211040267,3.829990027,7.503653931,0.709083376,Mosaic,,
PS - Industrial,2,02301000,Mosaic - New Wales Chemical Plant,2022,3,0.721043813,0.207108329,3.758632643,7.363851709,0.695872288,Mosaic,,
PS - Industrial,2,02301000,Mosaic - New Wales Chemical Plant,2022,4,0.615590443,0.230846416,4.18943496,8.207872574,0.775630919,Mosaic,,
PS - Industrial,2,02301000,Mosaic - New Wales Chemical Plant,2022,5,0.863927993,0.197678439,3.587497599,7.028566724,0.66418839,Mosaic,,
PS - Industrial,2,02301000,Mosaic - New Wales Chemical Plant,2022,6,0.974421988,0.324807329,5.894651532,11.54870504,1.09133428,Mosaic,,
PS - Industrial,2,02301000,Mosaic - New Wales Chemical Plant,2022,7,0.806779495,0.282896706,5.134051334,10.05854955,0.950516953,Mosaic,,
PS - Industrial,2,02301000,Mosaic - New Wales Chemical Plant,2022,8,1.122816639,0.273117561,4.956577955,9.710846605,0.917659577,Mosaic,,
PS - Industrial,2,02301000,Mosaic - New Wales Chemical Plant,2022,9,0.903306621,0.443441432,8.047640801,15.76680647,1.489938163,Mosaic,,
PS - Industrial,2,02301000,Mosaic - New Wales Chemical Plant,2022,10,0.892152987,0.364971677,6.623560054,12.97677072,1.226284217,Mosaic,,
PS - Industrial,2,02301000,Mosaic - New Wales Chemical Plant,2022,11,0.896596915,0.432287798,7.845223006,15.37023283,1.452462584,Mosaic,,
PS - Industrial,2,02301000,Mosaic - New Wales Chemical Plant,2022,12,0.629758854,0.261592139,4.7474129,9.301053845,0.878934812,Mosaic,,
PS - Industrial,2,02301000,Mosaic - New Wales Chemical Plant,2023,1,0.461120338,0.194535142,3.530452584,6.916805062,0.65362709,Mosaic,,
PS - Industrial,2,02301000,Mosaic - New Wales Chemical Plant,2023,2,0.273488931,0.083911377,1.522836095,2.983515614,0.281937486,Mosaic,,
PS - Industrial,2,02301000,Mosaic - New Wales Chemical Plant,2023,3,0.55096947,0.239938317,4.354436131,8.531140176,0.806179194,Mosaic,,
PS - Industrial,2,02301000,Mosaic - New Wales Chemical Plant,2023,4,0.752989188,0.278502851,5.054310991,9.902323574,0.935753846,Mosaic,,
PS - Industrial,2,02301000,Mosaic - New Wales Chemical Plant,2023,5,0.479385091,0.19034408,3.454392564,6.767789514,0.639545357,Mosaic,,
PS - Industrial,2,02301000,Mosaic - New Wales Chemical Plant,2023,6,1.34319291,0.625279458,11.34766424,22.23215851,2.10090366,Mosaic,,
PS - Industrial,2,02301000,Mosaic - New Wales Chemical Plant,2023,7,0.675330189,0.350652214,6.36368832,12.46763426,1.178171631,Mosaic,,
PS - Industrial,2,02301000,Mosaic - New Wales Chemical Plant,2023,8,0.906666481,0.370909015,6.731311749,13.18787608,1.246233339,Mosaic,,
PS - Industrial,2,02301000,Mosaic - New Wales Chemical Plant,2023,9,1.171244188,0.458312943,8.317531193,16.29557132,1.539905602,Mosaic,,
PS - Industrial,2,02301000,Mosaic - New Wales Chemical Plant,2023,10,0.864639439,0.37055976,6.724973414,13.17545812,1.245059861,Mosaic,,
PS - Industrial,2,02301000,Mosaic - New Wales Chemical Plant,2023,11,0.627908261,0.297430229,5.397807854,10.57529702,0.999348768,Mosaic,,
PS - Industrial,2,02301000,Mosaic - New Wales Chemical Plant,2023,12,0.723656759,0.271371285,4.92488628,9.648756793,0.911792188,Mosaic,,
PS - Industrial,2,02301000,Mosaic - New Wales Chemical Plant,2024,1,0.689714329,0.21653822,3.929767688,7.699136694,0.727556186,Mosaic,,
PS - Industrial,2,02301000,Mosaic - New Wales Chemical Plant,2024,2,0.607413615,0.184271546,3.344187321,6.551877199,0.619141987,Mosaic,,
PS - Industrial,2,02301000,Mosaic - New Wales Chemical Plant,2024,3,0.728041852,0.269275754,4.88685627,9.574249018,0.904751322,Mosaic,,
PS - Industrial,2,02301000,Mosaic - New Wales Chemical Plant,2024,4,0.469679385,0.181162048,3.287755693,6.441317276,0.60869425,Mosaic,,
PS - Industrial,2,02301000,Mosaic - New Wales Chemical Plant,2024,5,0.2919256,0.086615288,1.571907075,3.079654678,0.291022475,Mosaic,,
PS - Industrial,2,02301000,Mosaic - New Wales Chemical Plant,2024,6,0.445319148,0.182176015,3.306157311,6.477369425,0.61210112,Mosaic,,
PS - Industrial,2,02301000,Mosaic - New Wales Chemical Plant,2024,7,1.35398477,0.297216169,5.393923068,10.56768601,0.99862954,Mosaic,,
PS - Industrial,2,02301000,Mosaic - New Wales Chemical Plant,2024,8,2.588757101,0.665680397,12.08086647,23.66863635,2.236648534,Mosaic,,
PS - Industrial,2,02301000,Mosaic - New Wales Chemical Plant,2024,9,0.883277649,0.425866009,7.728679427,15.14190255,1.430885736,Mosaic,,
PS - Industrial,2,02301000,Mosaic - New Wales Chemical Plant,2024,10,0.865040436,0.402691237,7.308100232,14.31791066,1.353019811,Mosaic,,
PS - Industrial,2,02301000,Mosaic - New Wales Chemical Plant,2024,11,0,0,0,0,0,Mosaic,,
PS - Industrial,2,02301000,Mosaic - New Wales Chemical Plant,2024,12,0.288096728,0.134113994,2.433920632,4.768497566,0.450615445,Mosaic,,
PS - Industrial,2,02301000,Mosaic - Nichols Mine,2022,1,0,0,0,0,0,Mosaic,,
PS - Industrial,2,02301000,Mosaic - Nichols Mine,2022,2,0,0,0,0,0,Mosaic,,
PS - Industrial,2,02301000,Mosaic - Nichols Mine,2022,3,0,0,0,0,0,Mosaic,,
PS - Industrial,2,02301000,Mosaic - Nichols Mine,2022,4,0,0,0,0,0,Mosaic,,
PS - Industrial,2,02301000,Mosaic - Nichols Mine,2022,5,0,0,0,0,0,Mosaic,,
PS - Industrial,2,02301000,Mosaic - Nichols Mine,2022,6,0,0,0,0,0,Mosaic,,
PS - Industrial,2,02301000,Mosaic - Nichols Mine,2022,7,0.042919583,0.011409003,0.105940742,0.100507883,0.049286064,Mosaic,,
PS - Industrial,2,02301000,Mosaic - Nichols Mine,2022,8,0,0,0,0,0,Mosaic,,
PS - Industrial,2,02301000,Mosaic - Nichols Mine,2022,9,0.271680482,0.082018639,0.761601646,0.722545152,0.354314563,Mosaic,,
PS - Industrial,2,02301000,Mosaic - Nichols Mine,2022,10,0.027319517,0.008964217,0.083239154,0.07897048,0.038724765,Mosaic,,
PS - Industrial,2,02301000,Mosaic - Nichols Mine,2022,11,0.148702596,0.050735889,0.471118967,0.44695902,0.219175355,Mosaic,,
PS - Industrial,2,02301000,Mosaic - Nichols Mine,2022,12,0,0,0,0,0,Mosaic,,
PS - Industrial,2,02301000,Mosaic - Nichols Mine,2023,1,0,0,0,0,0,Mosaic,,
PS - Industrial,2,02301000,Mosaic - Nichols Mine,2023,2,0,0,0,0,0,Mosaic,,
PS - Industrial,2,02301000,Mosaic - Nichols Mine,2023,3,0,0,0,0,0,Mosaic,,
PS - Industrial,2,02301000,Mosaic - Nichols Mine,2023,4,0,0,0,0,0,Mosaic,,
PS - Industrial,2,02301000,Mosaic - Nichols Mine,2023,5,0,0,0,0,0,Mosaic,,
PS - Industrial,2,02301000,Mosaic - Nichols Mine,2023,6,0.202993628,0.037066116,0.344185359,0.326534828,0.160122928,Mosaic,,
PS - Industrial,2,02301000,Mosaic - Nichols Mine,2023,7,0.036865826,0.010322431,0.095851147,0.090935704,0.044592153,Mosaic,,
PS - Industrial,2,02301000,Mosaic - Nichols Mine,2023,8,0.145354837,0.0556868,0.517091716,0.490574192,0.240562933,Mosaic,,
PS - Industrial,2,02301000,Mosaic - Nichols Mine,2023,9,0.048069532,0.016824336,0.156225979,0.14821439,0.07267991,Mosaic,,
PS - Industrial,2,02301000,Mosaic - Nichols Mine,2023,10,0,0,0,0,0,Mosaic,,
PS - Industrial,2,02301000,Mosaic - Nichols Mine,2023,11,0,0,0,0,0,Mosaic,,
PS - Industrial,2,02301000,Mosaic - Nichols Mine,2023,12,0,0,0,0,0,Mosaic,,
PS - Industrial,2,02301000,Mosaic - Nichols Mine,2024,1,0,0,0,0,0,Mosaic,,
PS - Industrial,2,02301000,Mosaic - Nichols Mine,2024,2,0,0,0,0,0,Mosaic,,
PS - Industrial,2,02301000,Mosaic - Nichols Mine,2024,3,0,0,0,0,0,Mosaic,,
PS - Industrial,2,02301000,Mosaic - Nichols Mine,2024,4,0,0,0,0,0,Mosaic,,
PS - Industrial,2,02301000,Mosaic - Nichols Mine,2024,5,0,0,0,0,0,Mosaic,,
PS - Industrial,2,02301000,Mosaic - Nichols Mine,2024,6,0,0,0,0,0,Mosaic,,
PS - Industrial,2,02301000,Mosaic - Nichols Mine,2024,7,0.035856867,0.011952289,0.110985539,0.105293973,0.05163302,Mosaic,,
PS - Industrial,2,02301000,Mosaic - Nichols Mine,2024,8,0.313605292,0.077418234,0.718883605,0.682017779,0.33444115,Mosaic,,
PS - Industrial,2,02301000,Mosaic - Nichols Mine,2024,9,0.387310239,0.076235273,0.707898966,0.671596455,0.329330844,Mosaic,,
PS - Industrial,2,02301000,Mosaic - Nichols Mine,2024,10,0.110468124,0.019015005,0.176567903,0.167513139,0.08214344,Mosaic,,
PS - Industrial,2,02301000,Mosaic - Nichols Mine,2024,11,0,0,0,0,0,Mosaic,,
PS - Industrial,2,02301000,Mosaic - Nichols Mine,2024,12,0,0,0,0,0,Mosaic,,
PS - Industrial,2,02303000,Mosaic - Plant City,2022,1,0.916445626,0.275782249,5.091364588,4.073091671,0.384900692,Mosaic,,
PS - Industrial,2,02303000,Mosaic - Plant City,2022,2,0.711038507,0.122268526,2.257265103,1.805812082,0.170646373,Mosaic,,
PS - Industrial,2,02303000,Mosaic - Plant City,2022,3,1.388793871,0.232060673,4.284197032,3.427357625,0.323879851,Mosaic,,
PS - Industrial,2,02303000,Mosaic - Plant City,2022,4,0.598390564,0.209114982,3.860584282,3.088467425,0.291855265,Mosaic,,
PS - Industrial,2,02303000,Mosaic - Plant City,2022,5,0.342360637,0.167319108,3.08896815,2.47117452,0.233522066,Mosaic,,
PS - Industrial,2,02303000,Mosaic - Plant City,2022,6,0.287290562,0.138325085,2.553693883,2.042955106,0.193056012,Mosaic,,
PS - Industrial,2,02303000,Mosaic - Plant City,2022,7,0.278201164,0.169000707,3.120013056,2.496010444,0.235869022,Mosaic,,
PS - Industrial,2,02303000,Mosaic - Plant City,2022,8,0.610963751,0.322867023,5.960621957,4.768497566,0.450615445,Mosaic,,
PS - Industrial,2,02303000,Mosaic - Plant City,2022,9,1.48935433,0.572828589,10.57529702,8.460237616,0.799479014,Mosaic,,
PS - Industrial,2,02303000,Mosaic - Plant City,2022,10,1.629857566,0.420399769,7.761226506,6.208981205,0.58673886,Mosaic,,
PS - Industrial,2,02303000,Mosaic - Plant City,2022,11,0.753677684,0.267699724,4.94214875,3.953719,0.373620164,Mosaic,,
PS - Industrial,2,02303000,Mosaic - Plant City,2022,12,0.4351461,0.195065493,3.601209099,2.880967279,0.272246831,Mosaic,,
PS - Industrial,2,02303000,Mosaic - Plant City,2023,1,0.655306225,0.285871843,5.277634024,4.222107219,0.398982425,Mosaic,,
PS - Industrial,2,02303000,Mosaic - Plant City,2023,2,0.649279173,0.319720805,5.902537939,4.722030351,0.446224367,Mosaic,,
PS - Industrial,2,02303000,Mosaic - Plant City,2023,3,1.048709861,0.271578251,5.013752323,4.011001859,0.379033304,Mosaic,,
PS - Industrial,2,02303000,Mosaic - Plant City,2023,4,0.777487124,0.251426185,4.641714175,3.71337134,0.350907692,Mosaic,,
PS - Industrial,2,02303000,Mosaic - Plant City,2023,5,0.661359981,0.279145447,5.1534544,4.12276352,0.389594603,Mosaic,,
PS - Industrial,2,02303000,Mosaic - Plant City,2023,6,0.586498362,0.359645222,6.639604095,5.311683276,0.501945631,Mosaic,,
PS - Industrial,2,02303000,Mosaic - Plant City,2023,7,1.05467307,0.320344624,5.914054598,4.731243678,0.447095011,Mosaic,,
PS - Industrial,2,02303000,Mosaic - Plant City,2023,8,0.960904518,0.348931808,6.441818,5.1534544,0.486993254,Mosaic,,
PS - Industrial,2,02303000,Mosaic - Plant City,2023,9,1.237114469,0.444267627,8.201863882,6.561491106,0.620050486,Mosaic,,
PS - Industrial,2,02303000,Mosaic - Plant City,2023,10,1.115909147,0.265692654,4.905095152,3.924076122,0.37081896,Mosaic,,
PS - Industrial,2,02303000,Mosaic - Plant City,2023,11,1.164484411,0.2473578,4.566605532,3.653284425,0.345229574,Mosaic,,
PS - Industrial,2,02303000,Mosaic - Plant City,2023,12,0.853579691,0.23710547,4.37733175,3.5018654,0.330920717,Mosaic,,
PS - Industrial,2,02303000,Mosaic - Plant City,2024,1,1.397913312,0.411150974,7.590479523,6.072383619,0.573830605,Mosaic,,
PS - Industrial,2,02303000,Mosaic - Plant City,2024,2,0.610051598,0.217875571,4.022318227,3.217854582,0.304082146,Mosaic,,
PS - Industrial,2,02303000,Mosaic - Plant City,2024,3,0.72846872,0.303528633,5.603605538,4.48288443,0.423625457,Mosaic,,
PS - Industrial,2,02303000,Mosaic - Plant City,2024,4,0.46885319,0.249798831,4.611670718,3.689336574,0.348636445,Mosaic,,
PS - Industrial,2,02303000,Mosaic - Plant City,2024,5,0.497339395,0.224493477,4.144494954,3.315595964,0.313318551,Mosaic,,
PS - Industrial,2,02303000,Mosaic - Plant City,2024,6,0.609356426,0.297805772,5.497952712,4.39836217,0.415638238,Mosaic,,
PS - Industrial,2,02303000,Mosaic - Plant City,2024,7,1.151494371,0.476733338,8.801230858,7.040984687,0.665361867,Mosaic,,
PS - Industrial,2,02303000,Mosaic - Plant City,2024,8,0,0,0,0,0,Mosaic,,
PS - Industrial,2,02303000,Mosaic - Plant City,2024,9,1.920928597,0.738818691,13.63972968,10.91178374,1.031146229,Mosaic,,
PS - Industrial,2,02303000,Mosaic - Plant City,2024,10,3.419247144,1.043432227,19.26336419,15.41069135,1.456285851,Mosaic,,
PS - Industrial,2,02303000,Mosaic - Plant City,2024,11,1.994134488,0.549231956,10.13966689,8.11173351,0.76654593,Mosaic,,
PS - Industrial,2,02303000,Mosaic - Plant City,2024,12,2.006083021,0.532226108,9.825712757,7.860570206,0.742811397,Mosaic,,
PS - Industrial,2,206-2,Mosaic - Port Sutton,2022,1,0.001862694,0.010244819,0.223523323,0.149015549,0.014081733,Mosaic,,
PS - Industrial,2,206-2,Mosaic - Port Sutton,2022,2,0.002103042,0.011566731,0.252365043,0.168243362,0.01589873,Mosaic,,
PS - Industrial,2,206-2,Mosaic - Port Sutton,2022,3,0.001979113,0.007683614,0.167642493,0.111761662,0.0105613,Mosaic,,
PS - Industrial,2,206-2,Mosaic - Port Sutton,2022,4,0.001489655,0.005783366,0.126182521,0.084121681,0.007949365,Mosaic,,
PS - Industrial,2,206-2,Mosaic - Port Sutton,2022,5,0.001319409,0.00512241,0.111761662,0.074507775,0.007040866,Mosaic,,
PS - Industrial,2,206-2,Mosaic - Port Sutton,2022,6,0,0,0,0,0,Mosaic,,
PS - Industrial,2,206-2,Mosaic - Port Sutton,2022,7,0,0,0,0,0,Mosaic,,
PS - Industrial,2,206-2,Mosaic - Port Sutton,2022,8,0.001125378,0.024758313,0.540181365,0.36012091,0.034030854,Mosaic,,
PS - Industrial,2,206-2,Mosaic - Port Sutton,2022,9,0.002178151,0.047919315,1.045512319,0.697008213,0.065866169,Mosaic,,
PS - Industrial,2,206-2,Mosaic - Port Sutton,2022,10,0.002832848,0.062322649,1.359766884,0.906511256,0.085663874,Mosaic,,
PS - Industrial,2,206-2,Mosaic - Port Sutton,2022,11,0.0152095,0.066921802,1.460112032,0.973408021,0.091985512,Mosaic,,
PS - Industrial,2,206-2,Mosaic - Port Sutton,2022,12,0.0145523,0.064030119,1.397020771,0.931347181,0.088010829,Mosaic,,
PS - Industrial,2,206-2,Mosaic - Port Sutton,2023,1,0.004294545,0.00341494,0.074507775,0.04967185,0.004693911,Mosaic,,
PS - Industrial,2,206-2,Mosaic - Port Sutton,2023,2,0.068851259,0.054749194,1.194527868,0.796351912,0.075253991,Mosaic,,
PS - Industrial,2,206-2,Mosaic - Port Sutton,2023,3,0.000465674,0.00341494,0.074507775,0.04967185,0.004693911,Mosaic,,
PS - Industrial,2,206-2,Mosaic - Port Sutton,2023,4,0,0,0,0,0,Mosaic,,
PS - Industrial,2,206-2,Mosaic - Port Sutton,2023,5,0,0.00341494,0.074507775,0.04967185,0.004693911,Mosaic,,
PS - Industrial,2,206-2,Mosaic - Port Sutton,2023,6,0,0,0,0,0,Mosaic,,
PS - Industrial,2,206-2,Mosaic - Port Sutton,2023,7,0,0,0,0,0,Mosaic,,
PS - Industrial,2,206-2,Mosaic - Port Sutton,2023,8,0,0,0,0,0,Mosaic,,
PS - Industrial,2,206-2,Mosaic - Port Sutton,2023,9,0.000951376,0.00165239,0.036052149,0.024034766,0.002271247,Mosaic,,
PS - Industrial,2,206-2,Mosaic - Port Sutton,2023,10,0,0,0,0,0,Mosaic,,
PS - Industrial,2,206-2,Mosaic - Port Sutton,2023,11,0,0,0,0,0,Mosaic,,
PS - Industrial,2,206-2,Mosaic - Port Sutton,2023,12,0,0.00170747,0.037253887,0.024835925,0.002346955,Mosaic,,
PS - Industrial,2,206-2,Mosaic - Port Sutton,2024,1,0,0,0,0,0,Mosaic,,
PS - Industrial,2,206-2,Mosaic - Port Sutton,2024,2,0,0,0,0,0,Mosaic,,
PS - Industrial,2,206-2,Mosaic - Port Sutton,2024,3,0,0,0,0,0,Mosaic,,
PS - Industrial,2,206-2,Mosaic - Port Sutton,2024,4,0,0,0,0,0,Mosaic,,
PS - Industrial,2,206-2,Mosaic - Port Sutton,2024,5,0,0,0,0,0,Mosaic,,
PS - Industrial,2,206-2,Mosaic - Port Sutton,2024,6,0,0,0,0,0,Mosaic,,
PS - Industrial,2,206-2,Mosaic - Port Sutton,2024,7,0,0,0,0,0,Mosaic,,
PS - Industrial,2,206-2,Mosaic - Port Sutton,2024,8,0,0,0,0,0,Mosaic,,
PS - Industrial,2,206-2,Mosaic - Port Sutton,2024,9,0,0,0,0,0,Mosaic,,
PS - Industrial,2,206-2,Mosaic - Port Sutton,2024,10,0,0,0,0,0,Mosaic,,
PS - Industrial,2,206-2,Mosaic - Port Sutton,2024,11,0,0,0,0,0,Mosaic,,
PS - Industrial,2,206-2,Mosaic - Port Sutton,2024,12,0,0,0,0,0,Mosaic,,
PS - Industrial,2,204-2,Mosaic - Riverview,2022,1,0.107415375,0.110209416,0.11890199,0.018626944,0.009387822,Mosaic,,
PS - Industrial,2,204-2,Mosaic - Riverview,2022,2,0.023974679,0.049771995,0.053697673,0.008412168,0.004239661,Mosaic,,
PS - Industrial,2,204-2,Mosaic - Riverview,2022,3,0.091155605,0.123985593,0.133764739,0.020955312,0.0105613,Mosaic,,
PS - Industrial,2,204-2,Mosaic - Riverview,2022,4,0.13042616,0.306631038,0.330816021,0.051824964,0.026119343,Mosaic,,
PS - Industrial,2,204-2,Mosaic - Riverview,2022,5,0.185648538,0.316852072,0.341843222,0.053552463,0.026989988,Mosaic,,
PS - Industrial,2,204-2,Mosaic - Riverview,2022,6,0.286915019,0.53327137,0.57533221,0.090130372,0.045424944,Mosaic,,
PS - Industrial,2,204-2,Mosaic - Riverview,2022,7,0.473046756,1.749574485,1.63855014,0.29570273,0.14903167,Mosaic,,
PS - Industrial,2,204-2,Mosaic - Riverview,2022,8,0.233703466,0.399509134,0.431019714,0.067522671,0.034030854,Mosaic,,
PS - Industrial,2,204-2,Mosaic - Riverview,2022,9,0.482911024,0.999883818,1.026359615,0.168994448,0.08517177,Mosaic,,
PS - Industrial,2,204-2,Mosaic - Riverview,2022,10,0.225502436,1.088317987,0.979272754,0.183941068,0.09270474,Mosaic,,
PS - Industrial,2,204-2,Mosaic - Riverview,2022,11,0.556292169,3.159632865,2.664929784,0.534022456,0.269142793,Mosaic,,
PS - Industrial,2,204-2,Mosaic - Riverview,2022,12,0.180370904,0.330628249,0.35670597,0.055880831,0.028163465,Mosaic,,
PS - Industrial,2,204-2,Mosaic - Riverview,2023,1,0.231905448,0.330628249,0.35670597,0.055880831,0.028163465,Mosaic,,
PS - Industrial,2,204-2,Mosaic - Riverview,2023,2,0.152821054,0.248859973,0.268488365,0.04206084,0.021198307,Mosaic,,
PS - Industrial,2,204-2,Mosaic - Riverview,2023,3,0.288096728,0.330628249,0.35670597,0.055880831,0.028163465,Mosaic,,
PS - Industrial,2,204-2,Mosaic - Riverview,2023,4,0.178458137,0.586598507,0.632865431,0.09914341,0.049967438,Mosaic,,
PS - Industrial,2,204-2,Mosaic - Riverview,2023,5,0.196708286,0.509718551,0.549921704,0.086149614,0.043418676,Mosaic,,
PS - Industrial,2,204-2,Mosaic - Riverview,2023,6,0.404873143,0.853234191,0.920531536,0.144208596,0.07267991,Mosaic,,
PS - Industrial,2,204-2,Mosaic - Riverview,2023,7,0.120971651,0.950556216,1.007484813,0.160657389,0.080969963,Mosaic,,
PS - Industrial,2,204-2,Mosaic - Riverview,2023,8,1.195138334,1.666917423,1.783956719,0.281732522,0.141990804,Mosaic,,
PS - Industrial,2,204-2,Mosaic - Riverview,2023,9,0.109708692,0.573266722,0.601019366,0.09689015,0.048831815,Mosaic,,
PS - Industrial,2,204-2,Mosaic - Riverview,2023,10,0.080561531,0.220418833,0.23780398,0.037253887,0.018775644,Mosaic,,
PS - Industrial,2,204-2,Mosaic - Riverview,2023,11,0.04318747,0.133317842,0.143833053,0.022532593,0.011356236,Mosaic,,
PS - Industrial,2,204-2,Mosaic - Riverview,2023,12,0.415380843,0.564823259,0.605763729,0.095463086,0.048112587,Mosaic,,
PS - Industrial,2,204-2,Mosaic - Riverview,2024,1,0.259897605,0.523494728,0.543130631,0.088477982,0.044592153,Mosaic,,
PS - Industrial,2,204-2,Mosaic - Riverview,2024,2,0.33048596,0.799018269,0.794516758,0.135045341,0.068061708,Mosaic,,
PS - Industrial,2,204-2,Mosaic - Riverview,2024,3,0.153672285,0.495942374,0.535058955,0.083821246,0.042245198,Mosaic,,
PS - Industrial,2,204-2,Mosaic - Riverview,2024,4,0.405436458,0.78657527,0.845122458,0.132942299,0.067001792,Mosaic,,
PS - Industrial,2,204-2,Mosaic - Riverview,2024,5,0.264334439,0.8403468,0.906627674,0.142030445,0.071582141,Mosaic,,
PS - Industrial,2,204-2,Mosaic - Riverview,2024,6,0.209452971,0.999883818,1.064777686,0.168994448,0.08517177,Mosaic,,
PS - Industrial,2,204-2,Mosaic - Riverview,2024,7,0.53725797,1.460274767,1.524925784,0.246807003,0.124388638,Mosaic,,
PS - Industrial,2,204-2,Mosaic - Riverview,2024,8,0.271034965,1.363841528,1.435322424,0.230508427,0.116174294,Mosaic,,
PS - Industrial,2,204-2,Mosaic - Riverview,2024,9,0.445794836,1.519823403,1.583815968,0.256871561,0.12946109,Mosaic,,
PS - Industrial,2,204-2,Mosaic - Riverview,2024,10,0.302092806,1.088317987,1.076714953,0.183941068,0.09270474,Mosaic,,
PS - Industrial,2,204-2,Mosaic - Riverview,2024,11,0.306280531,0.866565976,0.934914841,0.146461855,0.073815534,Mosaic,,
PS - Industrial,2,204-2,Mosaic - Riverview,2024,12,0.246651778,0.578599436,0.624235448,0.097791454,0.049286064,Mosaic,,
PS - Industrial,2,206-2,Mosaic - Riverview Stack Closure,2022,1,0,0,0,0,0,Mosaic,,
PS - Industrial,2,206-2,Mosaic - Riverview Stack Closure,2022,2,0,0,0,0,0,Mosaic,,
PS - Industrial,2,206-2,Mosaic - Riverview Stack Closure,2022,3,0,0,0,0,0,Mosaic,,
PS - Industrial,2,206-2,Mosaic - Riverview Stack Closure,2022,4,0,0,0,0,0,Mosaic,,
PS - Industrial,2,206-2,Mosaic - Riverview Stack Closure,2022,5,0,0,0,0,0,Mosaic,,
PS - Industrial,2,206-2,Mosaic - Riverview Stack Closure,2022,6,0,0,0,0,0,Mosaic,,
PS - Industrial,2,206-2,Mosaic - Riverview Stack Closure,2022,7,0,0,0,0,0,Mosaic,,
PS - Industrial,2,206-2,Mosaic - Riverview Stack Closure,2022,8,0,0,0,0,0,Mosaic,,
PS - Industrial,2,206-2,Mosaic - Riverview Stack Closure,2022,9,0,0,0,0,0,Mosaic,,
PS - Industrial,2,206-2,Mosaic - Riverview Stack Closure,2022,10,0,0,0,0,0,Mosaic,,
PS - Industrial,2,206-2,Mosaic - Riverview Stack Closure,2022,11,0,0,0,0,0,Mosaic,,
PS - Industrial,2,206-2,Mosaic - Riverview Stack Closure,2022,12,0,0,0,0,0,Mosaic,,
PS - Industrial,2,206-2,Mosaic - Riverview Stack Closure,2023,1,0,0,0,0,0,Mosaic,,
PS - Industrial,2,206-2,Mosaic - Riverview Stack Closure,2023,2,0,0,0,0,0,Mosaic,,
PS - Industrial,2,206-2,Mosaic - Riverview Stack Closure,2023,3,0,0,0,0,0,Mosaic,,
PS - Industrial,2,206-2,Mosaic - Riverview Stack Closure,2023,4,0,0,0,0,0,Mosaic,,
PS - Industrial,2,206-2,Mosaic - Riverview Stack Closure,2023,5,0,0,0,0,0,Mosaic,,
PS - Industrial,2,206-2,Mosaic - Riverview Stack Closure,2023,6,0,0,0,0,0,Mosaic,,
PS - Industrial,2,206-2,Mosaic - Riverview Stack Closure,2023,7,0,0,0,0,0,Mosaic,,
PS - Industrial,2,206-2,Mosaic - Riverview Stack Closure,2023,8,0,0,0,0,0,Mosaic,,
PS - Industrial,2,206-2,Mosaic - Riverview Stack Closure,2023,9,0,0,0,0,0,Mosaic,,
PS - Industrial,2,206-2,Mosaic - Riverview Stack Closure,2023,10,0,0,0,0,0,Mosaic,,
PS - Industrial,2,206-2,Mosaic - Riverview Stack Closure,2023,11,0,0,0,0,0,Mosaic,,
PS - Industrial,2,206-2,Mosaic - Riverview Stack Closure,2023,12,0,0,0,0,0,Mosaic,,
PS - Industrial,2,206-2,Mosaic - Riverview Stack Closure,2024,1,0,0,0,0,0,Mosaic,,
PS - Industrial,2,206-2,Mosaic - Riverview Stack Closure,2024,2,0,0,0,0,0,Mosaic,,
PS - Industrial,2,206-2,Mosaic - Riverview Stack Closure,2024,3,0,0,0,0,0,Mosaic,,
PS - Industrial,2,206-2,Mosaic - Riverview Stack Closure,2024,4,0,0,0,0,0,Mosaic,,
PS - Industrial,2,206-2,Mosaic - Riverview Stack Closure,2024,5,0,0,0,0,0,Mosaic,,
PS - Industrial,2,206-2,Mosaic - Riverview Stack Closure,2024,6,0,0,0,0,0,Mosaic,,
PS - Industrial,2,206-2,Mosaic - Riverview Stack Closure,2024,7,0,0,0,0,0,Mosaic,,
PS - Industrial,2,206-2,Mosaic - Riverview Stack Closure,2024,8,0,0,0,0,0,Mosaic,,
PS - Industrial,2,206-2,Mosaic - Riverview Stack Closure,2024,9,0,0,0,0,0,Mosaic,,
PS - Industrial,2,206-2,Mosaic - Riverview Stack Closure,2024,10,0,0,0,0,0,Mosaic,,
PS - Industrial,2,206-2,Mosaic - Riverview Stack Closure,2024,11,0,0,0,0,0,Mosaic,,
PS - Industrial,2,206-2,Mosaic - Riverview Stack Closure,2024,12,0,0,0,0,0,Mosaic,,
PS - Industrial,2,02301500,Mosaic - South Pierce,2022,1,0.208531221,0.63836088,1.523554634,4.085509633,0.38607417,Mosaic,,
PS - Industrial,2,02301500,Mosaic - South Pierce,2022,2,1.318852702,1.035748195,2.471985693,6.62878845,0.626409978,Mosaic,,
PS - Industrial,2,02301500,Mosaic - South Pierce,2022,3,0.599373652,0.702390999,1.676373184,4.495302393,0.424798935,Mosaic,,
PS - Industrial,2,02301500,Mosaic - South Pierce,2022,4,0.436456328,0.839339092,2.003222634,5.371770191,0.507623749,Mosaic,,
PS - Industrial,2,02301500,Mosaic - South Pierce,2022,5,0.678848612,2.545682294,6.075695075,16.29236668,1.539602769,Mosaic,,
PS - Industrial,2,02301500,Mosaic - South Pierce,2022,6,0.23015792,1.190472001,2.841259843,7.619020808,0.719985362,Mosaic,,
PS - Industrial,2,02301500,Mosaic - South Pierce,2022,7,0.647868383,1.833589762,4.376167566,11.73497448,1.108936445,Mosaic,,
PS - Industrial,2,02301500,Mosaic - South Pierce,2022,8,1.114667351,1.94418724,4.640126879,12.44279834,1.175824675,Mosaic,,
PS - Industrial,2,02301500,Mosaic - South Pierce,2022,9,1.056778616,1.887104671,4.503889814,12.07746989,1.141301718,Mosaic,,
PS - Industrial,2,02301500,Mosaic - South Pierce,2022,10,1.078099039,2.047023491,4.885562732,13.10095034,1.238018995,Mosaic,,
PS - Industrial,2,02301500,Mosaic - South Pierce,2022,11,0.91839094,1.887104671,4.503889814,12.07746989,1.141301718,Mosaic,,
PS - Industrial,2,02301500,Mosaic - South Pierce,2022,12,0.294305709,1.379558012,3.292545121,8.829171274,0.834342659,Mosaic,,
PS - Industrial,2,02301500,Mosaic - South Pierce,2023,1,0.154564826,1.104034471,2.63496227,7.065820611,0.667708823,Mosaic,,
PS - Industrial,2,02301500,Mosaic - South Pierce,2023,2,0.112839888,0.769362873,1.836212723,4.923922385,0.465302843,Mosaic,,
PS - Industrial,2,02301500,Mosaic - South Pierce,2023,3,0.19051224,1.020601286,2.435835068,6.531848228,0.617249281,Mosaic,,
PS - Industrial,2,02301500,Mosaic - South Pierce,2023,4,0.297930953,1.314401263,3.137037681,8.412168084,0.79493652,Mosaic,,
PS - Industrial,2,02301500,Mosaic - South Pierce,2023,5,0.392252388,1.548364688,3.695430389,9.909534003,0.936435221,Mosaic,,
PS - Industrial,2,02301500,Mosaic - South Pierce,2023,6,0.811999546,2.136840911,5.099926974,13.67578183,1.292339657,Mosaic,,
PS - Industrial,2,02301500,Mosaic - South Pierce,2023,7,0.713256716,1.78314179,4.255765072,11.41210746,1.078426025,Mosaic,,
PS - Industrial,2,02301500,Mosaic - South Pierce,2023,8,0.758284765,1.864634668,4.450261408,11.93366188,1.127712089,Mosaic,,
PS - Industrial,2,02301500,Mosaic - South Pierce,2023,9,0.750735929,1.941558437,4.633852804,12.425974,1.174234802,Mosaic,,
PS - Industrial,2,02301500,Mosaic - South Pierce,2023,10,0.460499439,1.381498318,3.297175986,8.841589236,0.835516137,Mosaic,,
PS - Industrial,2,02301500,Mosaic - South Pierce,2023,11,0.095162652,1.019599837,2.433444944,6.525438957,0.616643615,Mosaic,,
PS - Industrial,2,02301500,Mosaic - South Pierce,2023,12,0.351117887,1.462991196,3.491672322,9.363143657,0.884802201,Mosaic,,
PS - Industrial,2,02301500,Mosaic - South Pierce,2024,1,0.160191715,1.334930959,3.186035222,8.543558138,0.807352671,Mosaic,,
PS - Industrial,2,02301500,Mosaic - South Pierce,2024,2,0.561478838,1.684436514,4.02018848,10.78039369,1.018730077,Mosaic,,
PS - Industrial,2,02301500,Mosaic - South Pierce,2024,3,0.181560959,1.237915628,2.954491965,7.922660018,0.748678785,Mosaic,,
PS - Industrial,2,02301500,Mosaic - South Pierce,2024,4,0.38816147,1.53221633,3.65688964,9.80618451,0.926668858,Mosaic,,
PS - Industrial,2,02301500,Mosaic - South Pierce,2024,5,0.255706543,1.369856478,3.269390795,8.767081462,0.82847527,Mosaic,,
PS - Industrial,2,02301500,Mosaic - South Pierce,2024,6,0.157728152,0.985800947,2.352778261,6.309126063,0.59620239,Mosaic,,
PS - Industrial,2,02301500,Mosaic - South Pierce,2024,7,0.411422617,1.082691098,2.584022753,6.929223025,0.654800568,Mosaic,,
PS - Industrial,2,02301500,Mosaic - South Pierce,2024,8,1.133294295,2.023739812,4.82999235,12.95193479,1.223937262,Mosaic,,
PS - Industrial,2,02301500,Mosaic - South Pierce,2024,9,1.506429029,2.054221403,4.902741748,13.14701698,1.242372218,Mosaic,,
PS - Industrial,2,02301500,Mosaic - South Pierce,2024,10,0.967204047,2.165382195,5.168045506,13.85844605,1.309601136,Mosaic,,
PS - Industrial,2,02301500,Mosaic - South Pierce,2024,11,0,0,0,0,0,Mosaic,,
PS - Industrial,2,02301500,Mosaic - South Pierce,2024,12,0.205310312,0.962392087,2.296909114,6.159309355,0.582044949,Mosaic,,
PS - Industrial,2,206-2,Mosaic - Tampa Ammonia Terminal,2022,1,0,0,0,0,0,Mosaic,,
PS - Industrial,2,206-2,Mosaic - Tampa Ammonia Terminal,2022,2,0,0,0,0,0,Mosaic,,
PS - Industrial,2,206-2,Mosaic - Tampa Ammonia Terminal,2022,3,0,0,0,0,0,Mosaic,,
PS - Industrial,2,206-2,Mosaic - Tampa Ammonia Terminal,2022,4,0,0,0,0,0,Mosaic,,
PS - Industrial,2,206-2,Mosaic - Tampa Ammonia Terminal,2022,5,0,0,0,0,0,Mosaic,,
PS - Industrial,2,206-2,Mosaic - Tampa Ammonia Terminal,2022,6,0.019978899,0.190024868,0.070226582,0.072104298,0.006813742,Mosaic,,
PS - Industrial,2,206-2,Mosaic - Tampa Ammonia Terminal,2022,7,0.023050843,0.196359031,0.072567468,0.074507775,0.007040866,Mosaic,,
PS - Industrial,2,206-2,Mosaic - Tampa Ammonia Terminal,2022,8,0,0,0,0,0,Mosaic,,
PS - Industrial,2,206-2,Mosaic - Tampa Ammonia Terminal,2022,9,0,0,0,0,0,Mosaic,,
PS - Industrial,2,206-2,Mosaic - Tampa Ammonia Terminal,2022,10,0,0,0,0,0,Mosaic,,
PS - Industrial,2,206-2,Mosaic - Tampa Ammonia Terminal,2022,11,0.006509416,0.063341623,0.023408861,0.024034766,0.002271247,Mosaic,,
PS - Industrial,2,206-2,Mosaic - Tampa Ammonia Terminal,2022,12,0,0,0,0,0,Mosaic,,
PS - Industrial,2,206-2,Mosaic - Tampa Ammonia Terminal,2023,1,0,0,0,0,0,Mosaic,,
PS - Industrial,2,206-2,Mosaic - Tampa Ammonia Terminal,2023,2,0,0,0,0,0,Mosaic,,
PS - Industrial,2,206-2,Mosaic - Tampa Ammonia Terminal,2023,3,0,0,0,0,0,Mosaic,,
PS - Industrial,2,206-2,Mosaic - Tampa Ammonia Terminal,2023,4,0,0,0,0,0,Mosaic,,
PS - Industrial,2,206-2,Mosaic - Tampa Ammonia Terminal,2023,5,0,0,0,0,0,Mosaic,,
PS - Industrial,2,206-2,Mosaic - Tampa Ammonia Terminal,2023,6,0,0,0,0,0,Mosaic,,
PS - Industrial,2,206-2,Mosaic - Tampa Ammonia Terminal,2023,7,0,0,0,0,0,Mosaic,,
PS - Industrial,2,206-2,Mosaic - Tampa Ammonia Terminal,2023,8,0,0,0,0,0,Mosaic,,
PS - Industrial,2,206-2,Mosaic - Tampa Ammonia Terminal,2023,9,0.011003416,0.095012434,0.035113291,0.036052149,0.003406871,Mosaic,,
PS - Industrial,2,206-2,Mosaic - Tampa Ammonia Terminal,2023,10,0,0,0,0,0,Mosaic,,
PS - Industrial,2,206-2,Mosaic - Tampa Ammonia Terminal,2023,11,0,0,0,0,0,Mosaic,,
PS - Industrial,2,206-2,Mosaic - Tampa Ammonia Terminal,2023,12,0,0,0,0,0,Mosaic,,
PS - Industrial,2,206-2,Mosaic - Tampa Ammonia Terminal,2024,1,0,0,0,0,0,Mosaic,,
PS - Industrial,2,206-2,Mosaic - Tampa Ammonia Terminal,2024,2,0,0,0,0,0,Mosaic,,
PS - Industrial,2,206-2,Mosaic - Tampa Ammonia Terminal,2024,3,0,0,0,0,0,Mosaic,,
PS - Industrial,2,206-2,Mosaic - Tampa Ammonia Terminal,2024,4,0,0,0,0,0,Mosaic,,
PS - Industrial,2,206-2,Mosaic - Tampa Ammonia Terminal,2024,5,0,0,0,0,0,Mosaic,,
PS - Industrial,2,206-2,Mosaic - Tampa Ammonia Terminal,2024,6,0,0,0,0,0,Mosaic,,
PS - Industrial,2,206-2,Mosaic - Tampa Ammonia Terminal,2024,7,0,0,0,0,0,Mosaic,,
PS - Industrial,2,206-2,Mosaic - Tampa Ammonia Terminal,2024,8,0.015600065,0.589077092,0.217702404,0.223523323,0.021122599,Mosaic,,
PS - Industrial,2,206-2,Mosaic - Tampa Ammonia Terminal,2024,9,0,0,0,0,0,Mosaic,,
PS - Industrial,2,206-2,Mosaic - Tampa Ammonia Terminal,2024,10,0.015600065,0.589077092,0.217702404,0.223523323,0.021122599,Mosaic,,
PS - Industrial,2,206-2,Mosaic - Tampa Ammonia Terminal,2024,11,0,0,0,0,0,Mosaic,,
PS - Industrial,2,206-2,Mosaic - Tampa Ammonia Terminal,2024,12,0,0,0,0,0,Mosaic,,
PS - Industrial,2,206-2,Mosaic - Tampa Marine Terminal,2022,1,0,0,0,0,0,Mosaic,,
PS - Industrial,2,206-2,Mosaic - Tampa Marine Terminal,2022,2,0,0,0,0,0,Mosaic,,
PS - Industrial,2,206-2,Mosaic - Tampa Marine Terminal,2022,3,0,0,0,0,0,Mosaic,,
PS - Industrial,2,206-2,Mosaic - Tampa Marine Terminal,2022,4,0,0,0,0,0,Mosaic,,
PS - Industrial,2,206-2,Mosaic - Tampa Marine Terminal,2022,5,0.039970317,0.085373492,0.192478417,0.037253887,0.003520433,Mosaic,,
PS - Industrial,2,206-2,Mosaic - Tampa Marine Terminal,2022,6,0.015923032,0.126683246,0.046717576,0.048069532,0.004542494,Mosaic,,
PS - Industrial,2,206-2,Mosaic - Tampa Marine Terminal,2022,7,0.0164538,0.13090602,0.048274829,0.04967185,0.004693911,Mosaic,,
PS - Industrial,2,206-2,Mosaic - Tampa Marine Terminal,2022,8,0.01234035,0.098179515,0.036206122,0.037253887,0.003520433,Mosaic,,
PS - Industrial,2,206-2,Mosaic - Tampa Marine Terminal,2022,9,0.058584742,0.240973565,0.244666407,0.096139064,0.009084989,Mosaic,,
PS - Industrial,2,206-2,Mosaic - Tampa Marine Terminal,2022,10,0,0,0,0,0,Mosaic,,
PS - Industrial,2,206-2,Mosaic - Tampa Marine Terminal,2022,11,0,0,0,0,0,Mosaic,,
PS - Industrial,2,206-2,Mosaic - Tampa Marine Terminal,2022,12,0,0,0,0,0,Mosaic,,
PS - Industrial,2,206-2,Mosaic - Tampa Marine Terminal,2023,1,0.004178127,0.032726505,0.012068707,0.012417962,0.001173478,Mosaic,,
PS - Industrial,2,206-2,Mosaic - Tampa Marine Terminal,2023,2,0,0,0,0,0,Mosaic,,
PS - Industrial,2,206-2,Mosaic - Tampa Marine Terminal,2023,3,0,0,0,0,0,Mosaic,,
PS - Industrial,2,206-2,Mosaic - Tampa Marine Terminal,2023,4,0,0,0,0,0,Mosaic,,
PS - Industrial,2,206-2,Mosaic - Tampa Marine Terminal,2023,5,0,0,0,0,0,Mosaic,,
PS - Industrial,2,206-2,Mosaic - Tampa Marine Terminal,2023,6,0,0,0,0,0,Mosaic,,
PS - Industrial,2,206-2,Mosaic - Tampa Marine Terminal,2023,7,0,0,0,0,0,Mosaic,,
PS - Industrial,2,206-2,Mosaic - Tampa Marine Terminal,2023,8,0.003001008,0.032726505,0.012068707,0.012417962,0.001173478,Mosaic,,
PS - Industrial,2,206-2,Mosaic - Tampa Marine Terminal,2023,9,0.013895099,0.063341623,0.023358788,0.024034766,0.002271247,Mosaic,,
PS - Industrial,2,206-2,Mosaic - Tampa Marine Terminal,2023,10,0,0,0,0,0,Mosaic,,
PS - Industrial,2,206-2,Mosaic - Tampa Marine Terminal,2023,11,0,0,0,0,0,Mosaic,,
PS - Industrial,2,206-2,Mosaic - Tampa Marine Terminal,2023,12,0,0,0,0,0,Mosaic,,
PS - Industrial,2,206-2,Mosaic - Tampa Marine Terminal,2024,1,0,0,0,0,0,Mosaic,,
PS - Industrial,2,206-2,Mosaic - Tampa Marine Terminal,2024,2,0,0,0,0,0,Mosaic,,
PS - Industrial,2,206-2,Mosaic - Tampa Marine Terminal,2024,3,0,0,0,0,0,Mosaic,,
PS - Industrial,2,206-2,Mosaic - Tampa Marine Terminal,2024,4,0,0,0,0,0,Mosaic,,
PS - Industrial,2,206-2,Mosaic - Tampa Marine Terminal,2024,5,0,0,0,0,0,Mosaic,,
PS - Industrial,2,206-2,Mosaic - Tampa Marine Terminal,2024,6,0,0,0,0,0,Mosaic,,
PS - Industrial,2,206-2,Mosaic - Tampa Marine Terminal,2024,7,0,0,0,0,0,Mosaic,,
PS - Industrial,2,206-2,Mosaic - Tampa Marine Terminal,2024,8,0,0,0,0,0,Mosaic,,
PS - Industrial,2,206-2,Mosaic - Tampa Marine Terminal,2024,9,0.30291316,0.621023302,0.384819136,0.24034766,0.022712472,Mosaic,,
PS - Industrial,2,206-2,Mosaic - Tampa Marine Terminal,2024,10,0.152740938,0.392718061,0.144824487,0.149015549,0.014081733,Mosaic,,
PS - Industrial,2,206-2,Mosaic - Tampa Marine Terminal,2024,11,0.258674169,0.665087039,0.245267276,0.252365043,0.023848096,Mosaic,,
PS - Industrial,2,206-2,Mosaic - Tampa Marine Terminal,2024,12,0,0,0,0,0,Mosaic,,
PS - Industrial,2,206-2,TECO - Bayside (fka Gannon),2022,1,0,0,0,0,0,TECO,,
PS - Industrial,2,206-2,TECO - Bayside (fka Gannon),2022,2,0,0,0,0,0,TECO,,
PS - Industrial,2,206-2,TECO - Bayside (fka Gannon),2022,3,0,0,0,0,0,TECO,,
PS - Industrial,2,206-2,TECO - Bayside (fka Gannon),2022,4,0,0,0,0,0,TECO,,
PS - Industrial,2,206-2,TECO - Bayside (fka Gannon),2022,5,0,0,0,0,0,TECO,,
PS - Industrial,2,206-2,TECO - Bayside (fka Gannon),2022,6,0,0,0,0,0,TECO,,
PS - Industrial,2,206-2,TECO - Bayside (fka Gannon),2022,7,0.009565712,0.006597043,0.085497671,0.063331608,0.005984736,TECO,,
PS - Industrial,2,206-2,TECO - Bayside (fka Gannon),2022,8,0,0,0,0,0,TECO,,
PS - Industrial,2,206-2,TECO - Bayside (fka Gannon),2022,9,0.006421789,0.001877716,0.024335201,0.018026075,0.001703435,TECO,,
PS - Industrial,2,206-2,TECO - Bayside (fka Gannon),2022,10,0.014773495,0.006079627,0.078791972,0.058364423,0.005515345,TECO,,
PS - Industrial,2,206-2,TECO - Bayside (fka Gannon),2022,11,0,0,0,0,0,TECO,,
PS - Industrial,2,206-2,TECO - Bayside (fka Gannon),2022,12,0,0,0,0,0,TECO,,
PS - Industrial,2,206-2,TECO - Bayside (fka Gannon),2023,1,0,0,0,0,0,TECO,,
PS - Industrial,2,206-2,TECO - Bayside (fka Gannon),2023,2,0,0,0,0,0,TECO,,
PS - Industrial,2,206-2,TECO - Bayside (fka Gannon),2023,3,0.002041203,0.001552245,0.020117099,0.014901555,0.001408173,TECO,,
PS - Industrial,2,206-2,TECO - Bayside (fka Gannon),2023,4,0,0,0,0,0,TECO,,
PS - Industrial,2,206-2,TECO - Bayside (fka Gannon),2023,5,0.001108303,0.001552245,0.020117099,0.014901555,0.001408173,TECO,,
PS - Industrial,2,206-2,TECO - Bayside (fka Gannon),2023,6,0.001233034,0.000625905,0.008111734,0.006008692,0.000567812,TECO,,
PS - Industrial,2,206-2,TECO - Bayside (fka Gannon),2023,7,0,0,0,0,0,TECO,,
PS - Industrial,2,206-2,TECO - Bayside (fka Gannon),2023,8,0.004077231,0.00206966,0.026822799,0.01986874,0.001877564,TECO,,
PS - Industrial,2,206-2,TECO - Bayside (fka Gannon),2023,9,0,0,0,0,0,TECO,,
PS - Industrial,2,206-2,TECO - Bayside (fka Gannon),2023,10,0,0,0,0,0,TECO,,
PS - Industrial,2,206-2,TECO - Bayside (fka Gannon),2023,11,0.064920006,0.017024626,0.220639152,0.163436409,0.015444481,TECO,,
PS - Industrial,2,206-2,TECO - Bayside (fka Gannon),2023,12,0.093947319,0.040617085,0.526397427,0.38992402,0.0368472,TECO,,
PS - Industrial,2,206-2,TECO - Bayside (fka Gannon),2024,1,0.014067223,0.011253778,0.145848969,0.108036273,0.010209256,TECO,,
PS - Industrial,2,206-2,TECO - Bayside (fka Gannon),2024,2,0.011476676,0.011979829,0.155258579,0.115006355,0.010867918,TECO,,
PS - Industrial,2,206-2,TECO - Bayside (fka Gannon),2024,3,0.030678188,0.021084665,0.273257263,0.202412787,0.019127687,TECO,,
PS - Industrial,2,206-2,TECO - Bayside (fka Gannon),2024,4,0,0,0,0,0,TECO,,
PS - Industrial,2,206-2,TECO - Bayside (fka Gannon),2024,5,0,0,0,0,0,TECO,,
PS - Industrial,2,206-2,TECO - Bayside (fka Gannon),2024,6,0.012434236,0.005382786,0.069760908,0.051674747,0.004883182,TECO,,
PS - Industrial,2,206-2,TECO - Bayside (fka Gannon),2024,7,0.007137741,0.004009967,0.051969173,0.038495684,0.003637781,TECO,,
PS - Industrial,2,206-2,TECO - Bayside (fka Gannon),2024,8,0.014816181,0.010736363,0.139143269,0.103069088,0.009739865,TECO,,
PS - Industrial,2,206-2,TECO - Bayside (fka Gannon),2024,9,0.018088039,0.014646186,0.189814564,0.140603381,0.013286796,TECO,,
PS - Industrial,2,206-2,TECO - Bayside (fka Gannon),2024,10,0.056940497,0.039323548,0.509633177,0.377506057,0.035673723,TECO,,
PS - Industrial,2,206-2,TECO - Bayside (fka Gannon),2024,11,0.015397272,0.009388581,0.121676003,0.090130372,0.008517177,TECO,,
PS - Industrial,2,206-2,TECO - Bayside (fka Gannon),2024,12,0.048895727,0.004527382,0.058674872,0.043462868,0.004107172,TECO,,
PS - Industrial,3,206-3E,TECO - Big Bend,2022,1,2.03840853,0.059973584,0.41981509,0.332801393,0.031449203,TECO,,
PS - Industrial,3,206-3E,TECO - Big Bend,2022,2,1.63504507,0.048105918,0.336741425,0.266946134,0.025225986,TECO,,
PS - Industrial,3,206-3E,TECO - Big Bend,2022,3,0.634480267,0.048784483,0.341491379,0.270711581,0.025581814,TECO,,
PS - Industrial,3,206-3E,TECO - Big Bend,2022,4,0.227917179,0.025771027,0.180397192,0.143006857,0.013513921,TECO,,
PS - Industrial,3,206-3E,TECO - Big Bend,2022,5,0.233535306,0.068477302,0.47934111,0.37998965,0.035908418,TECO,,
PS - Industrial,3,206-3E,TECO - Big Bend,2022,6,1.186729087,0.043962341,0.307736386,0.243952874,0.023053159,TECO,,
PS - Industrial,3,206-3E,TECO - Big Bend,2022,7,0.547425176,0.025734934,0.180144535,0.142806568,0.013494994,TECO,,
PS - Industrial,3,206-3E,TECO - Big Bend,2022,8,0.425075908,0.051246085,0.358722596,0.284371339,0.02687264,TECO,,
PS - Industrial,3,206-3E,TECO - Big Bend,2022,9,1.917673889,0.067567736,0.472974151,0.374942349,0.035431456,TECO,,
PS - Industrial,3,206-3E,TECO - Big Bend,2022,10,0.919627729,0.064673007,0.452711049,0.358879114,0.033913506,TECO,,
PS - Industrial,3,206-3E,TECO - Big Bend,2022,11,0.507884648,0.059771459,0.41840021,0.33167977,0.031343211,TECO,,
PS - Industrial,3,206-3E,TECO - Big Bend,2022,12,1.725320652,0.025511152,0.178578061,0.141564772,0.013377646,TECO,,
PS - Industrial,3,206-3E,TECO - Big Bend,2023,1,1.222393175,0.055945508,0.391618554,0.31044906,0.029336943,TECO,,
PS - Industrial,3,206-3E,TECO - Big Bend,2023,2,0.5738968,0.062052592,0.434368141,0.34433808,0.032539402,TECO,,
PS - Industrial,3,206-3E,TECO - Big Bend,2023,3,0.77301816,0.040280766,0.281965359,0.223523323,0.021122599,TECO,,
PS - Industrial,3,206-3E,TECO - Big Bend,2023,4,0.925826696,0.01927413,0.134918908,0.106954709,0.01010705,TECO,,
PS - Industrial,3,206-3E,TECO - Big Bend,2023,5,0,0,0,0,0,TECO,,
PS - Industrial,3,206-3E,TECO - Big Bend,2023,6,0,0,0,0,0,TECO,,
PS - Industrial,3,206-3E,TECO - Big Bend,2023,7,11.36942071,0.172535946,1.207751621,0.957424902,0.090475132,TECO,,
PS - Industrial,3,206-3E,TECO - Big Bend,2023,8,0.790002311,0.035133779,0.245936452,0.19496201,0.0184236,TECO,,
PS - Industrial,3,206-3E,TECO - Big Bend,2023,9,0.253666926,0.032267925,0.225875476,0.179059006,0.016920792,TECO,,
PS - Industrial,3,206-3E,TECO - Big Bend,2023,10,3.064520286,0.035581343,0.2490694,0.197445602,0.018658296,TECO,,
PS - Industrial,3,206-3E,TECO - Big Bend,2023,11,1.064139263,0.02858635,0.200104448,0.158629455,0.014990232,TECO,,
PS - Industrial,3,206-3E,TECO - Big Bend,2023,12,1.914435872,0.033119741,0.231838184,0.183785844,0.01736747,TECO,,
PS - Industrial,3,206-3E,TECO - Big Bend,2024,1,0,0,0,0,0,TECO,,
PS - Industrial,3,206-3E,TECO - Big Bend,2024,2,0,0,0,0,0,TECO,,
PS - Industrial,3,206-3E,TECO - Big Bend,2024,3,0,0,0,0,0,TECO,,
PS - Industrial,3,206-3E,TECO - Big Bend,2024,4,0,0,0,0,0,TECO,,
PS - Industrial,3,206-3E,TECO - Big Bend,2024,5,0,0,0,0,0,TECO,,
PS - Industrial,3,206-3E,TECO - Big Bend,2024,6,0,0,0,0,0,TECO,,
PS - Industrial,3,206-3E,TECO - Big Bend,2024,7,0,0,0,0,0,TECO,,
PS - Industrial,3,206-3E,TECO - Big Bend,2024,8,0,0,0,0,0,TECO,,
PS - Industrial,3,206-3E,TECO - Big Bend,2024,9,0,0,0,0,0,TECO,,
PS - Industrial,3,206-3E,TECO - Big Bend,2024,10,0,0,0,0,0,TECO,,
PS - Industrial,3,206-3E,TECO - Big Bend,2024,11,0,0,0,0,0,TECO,,
PS - Industrial,3,206-3E,TECO - Big Bend,2024,12,0,0,0,0,0,TECO,,
PS - Industrial,2,206-2,Trademark Nitrogen Corporation,2022,1,0.005229126,0.001810908,0.020101577,0.014917679,0.012321516,Trademark Nitrogen,,
PS - Industrial,2,206-2,Trademark Nitrogen Corporation,2022,2,0.007279329,0.001838169,0.033087861,0.015142246,0.012507001,Trademark Nitrogen,,
PS - Industrial,2,206-2,Trademark Nitrogen Corporation,2022,3,0.01630375,0.00396675,0.038676779,0.03267682,0.026989988,Trademark Nitrogen,,
PS - Industrial,2,206-2,Trademark Nitrogen Corporation,2022,4,0.024235056,0.007343773,0.071603574,0.060495656,0.049967438,Trademark Nitrogen,,
PS - Industrial,2,206-2,Trademark Nitrogen Corporation,2022,5,0.006600923,0.00232831,0.022701588,0.019179873,0.015841949,Trademark Nitrogen,,
PS - Industrial,2,206-2,Trademark Nitrogen Corporation,2022,6,0.012194639,0.002737224,0.026688605,0.022548381,0.018624227,Trademark Nitrogen,,
PS - Industrial,2,206-2,Trademark Nitrogen Corporation,2022,7,0.016208545,0.00238005,0.023206067,0.019606092,0.016193993,Trademark Nitrogen,,
PS - Industrial,2,206-2,Trademark Nitrogen Corporation,2022,8,0.022992634,0.002155842,0.022636911,0.017759142,0.014668472,Trademark Nitrogen,,
PS - Industrial,2,206-2,Trademark Nitrogen Corporation,2022,9,0.021631289,0.003605125,0.035150845,0.029697868,0.02452947,Trademark Nitrogen,,
PS - Industrial,2,206-2,Trademark Nitrogen Corporation,2022,10,0.01103129,0.002759478,0.046153427,0.022731701,0.018775644,Trademark Nitrogen,,
PS - Industrial,2,206-2,Trademark Nitrogen Corporation,2022,11,0.006444322,0.002753915,0.02685134,0.022685871,0.018737789,Trademark Nitrogen,,
PS - Industrial,2,206-2,Trademark Nitrogen Corporation,2022,12,0.00234001,0.003466595,0.033800141,0.0285567,0.023586902,Trademark Nitrogen,,
PS - Industrial,2,206-2,Trademark Nitrogen Corporation,2023,1,0.015980365,0.003673555,0.03581806,0.030261577,0.024995075,Trademark Nitrogen,,
PS - Industrial,2,206-2,Trademark Nitrogen Corporation,2023,2,0.005052559,0.002414543,0.023542387,0.019890239,0.016428688,Trademark Nitrogen,,
PS - Industrial,2,206-2,Trademark Nitrogen Corporation,2023,3,0.002706728,0.002673245,0.024059802,0.022021335,0.018188905,Trademark Nitrogen,,
PS - Industrial,2,206-2,Trademark Nitrogen Corporation,2023,4,0.006003809,0.003655196,0.032897586,0.030110338,0.024870157,Trademark Nitrogen,,
PS - Industrial,2,206-2,Trademark Nitrogen Corporation,2023,5,0.014339642,0.002569764,0.020044661,0.021168897,0.017484818,Trademark Nitrogen,,
PS - Industrial,2,206-2,Trademark Nitrogen Corporation,2023,6,0.002747975,0.000817829,0.006133873,0.006737016,0.005564556,Trademark Nitrogen,,
PS - Industrial,2,206-2,Trademark Nitrogen Corporation,2023,7,0.003067237,0.001793661,0.013452793,0.014775606,0.012204168,Trademark Nitrogen,,
PS - Industrial,2,206-2,Trademark Nitrogen Corporation,2023,8,0.000748182,0.004156464,0.03117426,0.034239625,0.028280813,Trademark Nitrogen,,
PS - Industrial,2,206-2,Trademark Nitrogen Corporation,2023,9,0.001559255,0.002887438,0.029019476,0.023785792,0.019646288,Trademark Nitrogen,,
PS - Industrial,2,206-2,Trademark Nitrogen Corporation,2023,10,0.005007285,0.004225451,0.031691675,0.034807917,0.028750204,Trademark Nitrogen,,
PS - Industrial,2,206-2,Trademark Nitrogen Corporation,2023,11,0.006293353,0.002453488,0.021713909,0.020211049,0.016693667,Trademark Nitrogen,,
PS - Industrial,2,206-2,Trademark Nitrogen Corporation,2023,12,0.000605376,0.002690491,0.024820402,0.022163409,0.018306252,Trademark Nitrogen,,
PS - Industrial,2,206-2,Trademark Nitrogen Corporation,2024,1,0.005599984,0.002724985,0.031065603,0.022447555,0.018540948,Trademark Nitrogen,,
PS - Industrial,2,206-2,Trademark Nitrogen Corporation,2024,2,0.000445311,0.002968665,0.02226554,0.024454911,0.020198958,Trademark Nitrogen,,
PS - Industrial,2,206-2,Trademark Nitrogen Corporation,2024,3,0.003865996,0.004259945,0.045689047,0.035092064,0.0289849,Trademark Nitrogen,,
PS - Industrial,2,206-2,Trademark Nitrogen Corporation,2024,4,0.001326919,0.008845908,0.088903598,0.072869768,0.060188051,Trademark Nitrogen,,
PS - Industrial,2,206-2,Trademark Nitrogen Corporation,2024,5,0.002594837,0.002035115,0.031443316,0.01676463,0.013847037,Trademark Nitrogen,,
PS - Industrial,2,206-2,Trademark Nitrogen Corporation,2024,6,0.010078579,0.002470178,0.040758957,0.020348539,0.016807229,Trademark Nitrogen,,
PS - Industrial,2,206-2,Trademark Nitrogen Corporation,2024,7,0.005335843,0.005691424,0.063176384,0.046884134,0.038724765,Trademark Nitrogen,,
PS - Industrial,2,206-2,Trademark Nitrogen Corporation,2024,8,0.001234035,0.004570386,0.043876801,0.03764938,0.03109716,Trademark Nitrogen,,
PS - Industrial,2,206-2,Trademark Nitrogen Corporation,2024,9,0.007408216,0.003671886,0.027539836,0.030247828,0.024983719,Trademark Nitrogen,,
PS - Industrial,2,206-2,Trademark Nitrogen Corporation,2024,10,0.013995044,0.0047601,0.035701642,0.039212184,0.032387985,Trademark Nitrogen,,
PS - Industrial,2,206-2,Trademark Nitrogen Corporation,2024,11,0.012223681,0.002269893,0.017024626,0.018698657,0.015444481,Trademark Nitrogen,,
PS - Industrial,2,206-2,Trademark Nitrogen Corporation,2024,12,0.013335339,0.002449037,0.028470766,0.020174385,0.016663384,Trademark Nitrogen,,
