bayseg,YEAR,MONTH,entity,facname,source,tnloadtons,tploadtons,tssloadtons,bodloadtons
1,2022,1,Atmospheric Deposition,,Atmospheric Deposition,3.0536434694,0.0583098074,0,0
1,2022,1,Ground Water,,Ground Water,0.5487808818,0.1630811084,0,0
1,2022,1,CHEVAL WEST,,Non-Point Source,0.0034097705,0.0007472953,0.2394695317,0.0585886577
1,2022,1,CLEARWATER,,Non-Point Source,0.2754613477,0.0787478358,13.437117321,2.555264573
1,2022,1,Conservation,,Non-Point Source,0.1588875098,0.0191899685,1.9274462488,0.561380418
1,2022,1,FDACS (Agriculture),,Non-Point Source,0.2111083819,0.0148774995,2.4443830771,0.4052273272
1,2022,1,HERITAGE HARBOR,,Non-Point Source,0.0032073922,0.0007632585,0.3120015629,0.0638234477
1,2022,1,HILLSBOROUGH,,Non-Point Source,1.3803530398,0.310577668,56.747027115,11.262000981
1,2022,1,LARGO,,Non-Point Source,0.1341920474,0.0292147297,5.0568398468,0.9377452691
1,2022,1,MSGP COT,,Non-Point Source,0.0829452914,0.0139193287,2.0778718277,0.668991932
1,2022,1,MSGP PINELLAS,,Non-Point Source,0.1126104834,0.0202094905,3.8824450391,0.9281482294
1,2022,1,MacDill AFB,,Non-Point Source,0.0086387453,0.0014928653,0.1435245982,0.0550407596
1,2022,1,None,,Non-Point Source,0.0004791464,0.0000229045,0.0062437979,0.0014244059
1,2022,1,OLDSMAR,,Non-Point Source,0.1254733525,0.0261124794,3.9808818148,0.7537159797
1,2022,1,PALM BAY,,Non-Point Source,0.0011052491,0.0002494095,0.039540411,0.0068254428
1,2022,1,PARK PLACE,,Non-Point Source,0.013893513,0.0029032843,0.3858748466,0.076407347
1,2022,1,PASCO,,Non-Point Source,0.0099660637,0.0022313118,0.7957085233,0.1795103717
1,2022,1,PINELLAS,,Non-Point Source,0.517229277,0.1456385831,19.422144053,3.7981645395
1,2022,1,PINELLAS PARK,,Non-Point Source,0.0975443034,0.0209802891,4.4356672526,0.7031134138
1,2022,1,SAFETY HARBOR,,Non-Point Source,0.121518367,0.0286580502,3.9280218923,0.7495955254
1,2022,1,ST PETERSBURG,,Non-Point Source,0.0848921439,0.0183934654,3.5001301989,0.6465205373
1,2022,1,STONEBRIAR,,Non-Point Source,0.0028668185,0.0006710109,0.2620809565,0.055222333
1,2022,1,TARPON SPRINGS,,Non-Point Source,0.0064079013,0.0024254168,0.2462694164,0.0530266748
1,2022,1,Tampa,,Non-Point Source,0.4925632193,0.1091333887,20.350189829,3.8236845717
1,2022,1,WESTCHASE,,Non-Point Source,0.0328452189,0.0066103134,0.8616681931,0.1807094453
1,2022,1,WESTCHASE EAST,,Non-Point Source,0.0403346244,0.0082995225,1.1417891688,0.2311673762
1,2022,1,Clearwater,City of Clearwater East AWWTF,PS - Domestic - REUSE,0,0,0,0
1,2022,1,Clearwater,City of Clearwater Northeast AWWTF,PS - Domestic - REUSE,0.0441264533,0.0012405027,0.0050506181,0.0088607336
1,2022,1,Largo,City of Largo,PS - Domestic - REUSE,0.132468614,0.0074675934,0.0353898993,0.0633122052
1,2022,1,Oldsmar,City of Oldsmar WRF,PS - Domestic - REUSE,0.0288620611,0.0004233102,0.004425516,0.0076965496
1,2022,1,Hillsborough Co.,Northwest Regional WRF,PS - Domestic - REUSE,0.602695716,0.0086808025,0.0161214903,0.032863038
1,2022,1,Pinellas Co.,On Top Of The World WWTP,PS - Domestic - REUSE,0.0757883768,0.0002245582,0.0017964652,0.0037894188
1,2022,1,St. Petersburg,St Pete Facilities,PS - Domestic - REUSE,0.3983004527,0.0169505394,0.017993731,0.038194134
1,2022,1,Hillsborough Co.,Van Dyke WWTP,PS - Domestic - REUSE,0.2437232089,0.0163917104,0.007367991,0.0186269436
1,2022,1,Pinellas Co.,William E. Dunn WRF (Pinellas NW),PS - Domestic - REUSE,0.0530867893,0.0030967294,0.0147463304,0.0294926607
1,2022,1,Clearwater,City of Clearwater East AWWTF,PS - Domestic - SW,0.2851474618,0.0280827046,0.1533747711,0.2160208044
1,2022,1,Clearwater,City of Clearwater Northeast AWWTF,PS - Domestic - SW,0.3682572623,0.0621156828,0.2528995657,0.4436834486
1,2022,1,Largo,City of Largo,PS - Domestic - SW,1.4962092459,0.1686902581,0.7994451363,1.4302000145
1,2022,1,Oldsmar,City of Oldsmar WRF,PS - Domestic - SW,0.0246289588,0.0014073691,0.0175921134,0.0351842268
1,2022,1,Hillsborough Co.,Northwest Regional WRF,PS - Domestic - SW,0.8342309535,0.072094033,0.1338889185,0.2729274107
1,2022,1,Duke Energy,Duke Energy-Bartow Plant,PS - Industrial,0.1584583745,0,0.0181095285,0.1738514737
1,2022,2,Atmospheric Deposition,,Atmospheric Deposition,2.075842365,0.0360488288,0,0
1,2022,2,Ground Water,,Ground Water,0.5487808818,0.1630811084,0,0
1,2022,2,CHEVAL WEST,,Non-Point Source,0.003551075,0.000465947,0.2469256786,0.0604866707
1,2022,2,CLEARWATER,,Non-Point Source,0.218815489,0.0617058458,10.529161597,2.0022742206
1,2022,2,Conservation,,Non-Point Source,0.1408176331,0.0171680043,1.6733115936,0.4943205451
1,2022,2,FDACS (Agriculture),,Non-Point Source,0.1891892207,0.0116477552,2.2272207868,0.3694437848
1,2022,2,HERITAGE HARBOR,,Non-Point Source,0.0033403099,0.0004759002,0.3217160743,0.0658910448
1,2022,2,HILLSBOROUGH,,Non-Point Source,1.3764634305,0.2871746084,56.531367308,11.200132464
1,2022,2,LARGO,,Non-Point Source,0.106596801,0.0228923067,3.9624781598,0.7348057801
1,2022,2,MSGP COT,,Non-Point Source,0.0658884256,0.0109070166,1.6281950755,0.5242139359
1,2022,2,MSGP PINELLAS,,Non-Point Source,0.0894532688,0.0158359108,3.0422366814,0.7272856565
1,2022,2,MacDill AFB,,Non-Point Source,0.0068622741,0.001169791,0.1124641284,0.0431292693
1,2022,2,None,,Non-Point Source,0.0003806148,0.0000179477,0.0048925641,0.0011161471
1,2022,2,OLDSMAR,,Non-Point Source,0.0999400893,0.020531601,3.1256153164,0.5921401653
1,2022,2,PALM BAY,,Non-Point Source,0.0008779657,0.0001954343,0.0309833848,0.0053483339
1,2022,2,PARK PLACE,,Non-Point Source,0.0110364517,0.0022749783,0.3023668335,0.0598718672
1,2022,2,PASCO,,Non-Point Source,0.0103790678,0.0013912478,0.8204837823,0.1853257126
1,2022,2,PINELLAS,,Non-Point Source,0.5934743877,0.1681440783,20.574602876,4.1180248652
1,2022,2,PINELLAS PARK,,Non-Point Source,0.0774852974,0.0164398992,3.475734875,0.5509511139
1,2022,2,SAFETY HARBOR,,Non-Point Source,0.0965293357,0.0224560994,3.0779501489,0.5873739308
1,2022,2,ST PETERSBURG,,Non-Point Source,0.0674349274,0.0144128957,2.7426594256,0.5066056245
1,2022,2,STONEBRIAR,,Non-Point Source,0.0029856224,0.0004183828,0.270241135,0.057011292
1,2022,2,TARPON SPRINGS,,Non-Point Source,0.0121516434,0.0039255576,0.4000302017,0.0868221393
1,2022,2,Tampa,,Non-Point Source,0.3918253487,0.0856430027,15.967390721,3.0000770844
1,2022,2,WESTCHASE,,Non-Point Source,0.0260909296,0.0051797612,0.6751927092,0.141601722
1,2022,2,WESTCHASE EAST,,Non-Point Source,0.0320402141,0.0065034048,0.8946920966,0.1811399426
1,2022,2,Clearwater,City of Clearwater East AWWTF,PS - Domestic - REUSE,0,0,0,0
1,2022,2,Clearwater,City of Clearwater Northeast AWWTF,PS - Domestic - REUSE,0.0681385615,0.0047318445,0.0181387374,0.0157728152
1,2022,2,Largo,City of Largo,PS - Domestic - REUSE,0.1275845493,0.004907098,0.0245354902,0.0490709805
1,2022,2,Oldsmar,City of Oldsmar WRF,PS - Domestic - REUSE,0.0292235214,0.0004286116,0.00448094,0.007792939
1,2022,2,Hillsborough Co.,Northwest Regional WRF,PS - Domestic - REUSE,0.6119936403,0.012142731,0.0169998233,0.0552494259
1,2022,2,Pinellas Co.,On Top Of The World WWTP,PS - Domestic - REUSE,0.0834697378,0.0004379585,0.0021897925,0.004379585
1,2022,2,St. Petersburg,St Pete Facilities,PS - Domestic - REUSE,0.38579932,0.0181940802,0.0114514844,0.0347356179
1,2022,2,Hillsborough Co.,Van Dyke WWTP,PS - Domestic - REUSE,0.2164380747,0.0112547799,0.0058604771,0.0135190551
1,2022,2,Pinellas Co.,William E. Dunn WRF (Pinellas NW),PS - Domestic - REUSE,0.0447527342,0.0053277065,0.0133192661,0.0266385323
1,2022,2,Clearwater,City of Clearwater East AWWTF,PS - Domestic - SW,0.2428663027,0.0513375924,0.110573276,0.1974522786
1,2022,2,Clearwater,City of Clearwater Northeast AWWTF,PS - Domestic - SW,0.2540474761,0.1058531151,0.4057702744,0.3528437169
1,2022,2,Largo,City of Largo,PS - Domestic - SW,1.3876338598,0.1067410661,0.5337053307,1.0674106614
1,2022,2,Oldsmar,City of Oldsmar WRF,PS - Domestic - SW,0.0214276615,0.0010713831,0.0153054725,0.030610945
1,2022,2,Hillsborough Co.,Northwest Regional WRF,PS - Domestic - SW,0.6129946883,0.0729755581,0.1021657814,0.3320387895
1,2022,2,Duke Energy,Duke Energy-Bartow Plant,PS - Industrial,0.0368032354,0,0.0058417834,0.0560811206
1,2022,3,Atmospheric Deposition,,Atmospheric Deposition,6.7635094372,0.1229096781,0,0
1,2022,3,Ground Water,,Ground Water,0.5487808818,0.1630811084,0,0
1,2022,3,CHEVAL WEST,,Non-Point Source,0.0076461464,0.002253829,0.4505082091,0.1104693136
1,2022,3,CLEARWATER,,Non-Point Source,0.2829510377,0.0803849806,13.716471112,2.6083877861
1,2022,3,Conservation,,Non-Point Source,0.158109987,0.0185424353,1.9540140624,0.5696337991
1,2022,3,FDACS (Agriculture),,Non-Point Source,0.2458288483,0.0209471817,3.0252244291,0.5174598504
1,2022,3,HERITAGE HARBOR,,Non-Point Source,0.0071923286,0.0023019736,0.5869609564,0.1203395459
1,2022,3,HILLSBOROUGH,,Non-Point Source,2.0969047887,0.5093203306,87.882781795,17.544864827
1,2022,3,LARGO,,Non-Point Source,0.1378406785,0.0298220955,5.1619700878,0.9572407226
1,2022,3,MSGP COT,,Non-Point Source,0.0852005426,0.0142087076,2.1210701834,0.6829000812
1,2022,3,MSGP PINELLAS,,Non-Point Source,0.1156723199,0.02062964,3.963159951,0.9474441632
1,2022,3,MacDill AFB,,Non-Point Source,0.0088736295,0.0015239015,0.1465084332,0.0561850411
1,2022,3,None,,Non-Point Source,0.0004921742,0.0000233807,0.0063736047,0.0014540189
1,2022,3,OLDSMAR,,Non-Point Source,0.1287243708,0.0265942485,4.059211789,0.7682926886
1,2022,3,PALM BAY,,Non-Point Source,0.0011353004,0.0002545947,0.0403624447,0.0069673418
1,2022,3,PARK PLACE,,Non-Point Source,0.0142712724,0.0029636428,0.3938970733,0.0779958336
1,2022,3,PASCO,,Non-Point Source,0.0223481263,0.0067295958,1.4969471036,0.3384680299
1,2022,3,PINELLAS,,Non-Point Source,0.4223303187,0.1016311118,16.025457052,3.0655327135
1,2022,3,PINELLAS PARK,,Non-Point Source,0.1001964961,0.0214164632,4.5278834947,0.7177309388
1,2022,3,SAFETY HARBOR,,Non-Point Source,0.1248224055,0.0292538428,4.0096843339,0.7651794001
1,2022,3,ST PETERSBURG,,Non-Point Source,0.0872003292,0.0187758603,3.5728968956,0.6599615126
1,2022,3,STONEBRIAR,,Non-Point Source,0.0064286185,0.0020237566,0.4930465331,0.1041220854
1,2022,3,TARPON SPRINGS,,Non-Point Source,0.0023685563,0.0007127577,0.1044581185,0.021951102
1,2022,3,Tampa,,Non-Point Source,0.507022965,0.1116513909,20.814779813,3.9107739496
1,2022,3,WESTCHASE,,Non-Point Source,0.033738268,0.0067477399,0.8795820261,0.1844663425
1,2022,3,WESTCHASE EAST,,Non-Point Source,0.0414313076,0.0084720671,1.1655266361,0.2359732792
1,2022,3,Clearwater,City of Clearwater East AWWTF,PS - Domestic - REUSE,0,0,0,0
1,2022,3,Clearwater,City of Clearwater Northeast AWWTF,PS - Domestic - REUSE,0.2259409454,0.0853236904,0.0238334331,0.0476668661
1,2022,3,Largo,City of Largo,PS - Domestic - REUSE,0.1659660676,0.0072994335,0.0461016854,0.0422598783
1,2022,3,Oldsmar,City of Oldsmar WRF,PS - Domestic - REUSE,0.0333247663,0.0004887632,0.0051097975,0.0088866043
1,2022,3,Hillsborough Co.,Northwest Regional WRF,PS - Domestic - REUSE,0.479466066,0.0198009585,0.0176794272,0.0579885213
1,2022,3,Pinellas Co.,On Top Of The World WWTP,PS - Domestic - REUSE,0.0834487074,0.0034770295,0.0016226138,0.0037667819
1,2022,3,St. Petersburg,St Pete Facilities,PS - Domestic - REUSE,0.468077294,0.02933636,0.0165844992,0.040451616
1,2022,3,Hillsborough Co.,Van Dyke WWTP,PS - Domestic - REUSE,0.2598199927,0.0150826502,0.0086796383,0.0160786742
1,2022,3,Pinellas Co.,William E. Dunn WRF (Pinellas NW),PS - Domestic - REUSE,0.036834781,0.0105242231,0.0146169766,0.0292339532
1,2022,3,Clearwater,City of Clearwater East AWWTF,PS - Domestic - SW,0.2685384371,0.1633608826,0.1633608826,0.2237820309
1,2022,3,Clearwater,City of Clearwater Northeast AWWTF,PS - Domestic - SW,0.1829191734,0.4144624308,0.1157716287,0.2315432574
1,2022,3,Largo,City of Largo,PS - Domestic - SW,1.4137850204,0.1243607194,0.7854361224,0.7199831122
1,2022,3,Oldsmar,City of Oldsmar WRF,PS - Domestic - SW,0.0138020478,0.0021330438,0.0250946324,0.0250946324
1,2022,3,Hillsborough Co.,Northwest Regional WRF,PS - Domestic - SW,0.5050165411,0.125136842,0.1117293232,0.3664721803
1,2022,3,Duke Energy,Duke Energy-Bartow Plant,PS - Industrial,0.0065194303,0,0.0116418398,0.1117616617
1,2022,4,Atmospheric Deposition,,Atmospheric Deposition,36.135785528,0.5418649797,0,0
1,2022,4,Ground Water,,Ground Water,0.5487808818,0.1630811084,0,0
1,2022,4,CHEVAL WEST,,Non-Point Source,0.0470790802,0.00267022,1.3564519604,0.3330051249
1,2022,4,CLEARWATER,,Non-Point Source,0.641686727,0.1722269877,29.387909074,5.5885411386
1,2022,4,Conservation,,Non-Point Source,0.4827048068,0.0530405049,5.1911190445,1.5579765126
1,2022,4,FDACS (Agriculture),,Non-Point Source,0.7948838495,0.0383870975,8.091326365,1.3885981311
1,2022,4,HERITAGE HARBOR,,Non-Point Source,0.0442848198,0.0027272593,1.7673026238,0.3627585274
1,2022,4,HILLSBOROUGH,,Non-Point Source,6.6996250258,1.0153841905,224.76743422,45.324935873
1,2022,4,LARGO,,Non-Point Source,0.3126001393,0.0638946435,11.05966005,2.0509140499
1,2022,4,MSGP COT,,Non-Point Source,0.1932209111,0.030442539,4.5444500396,1.4631318309
1,2022,4,MSGP PINELLAS,,Non-Point Source,0.2623259238,0.0441995597,8.4911770188,2.0299246572
1,2022,4,MacDill AFB,,Non-Point Source,0.020123942,0.003265,0.3138982671,0.1203779649
1,2022,4,None,,Non-Point Source,0.0011161707,0.0000500938,0.0136556199,0.0031152746
1,2022,4,OLDSMAR,,Non-Point Source,0.2938740502,0.0574435773,8.7349813402,1.655507386
1,2022,4,PALM BAY,,Non-Point Source,0.0025746759,0.0005454759,0.0864776258,0.0149277177
1,2022,4,PARK PLACE,,Non-Point Source,0.0323649143,0.0063496845,0.8439350967,0.1671081759
1,2022,4,PASCO,,Non-Point Source,0.1376025485,0.0079728769,4.507213836,1.0202977179
1,2022,4,PINELLAS,,Non-Point Source,2.2799485451,0.575453387,66.933701215,13.563491911
1,2022,4,PINELLAS PARK,,Non-Point Source,0.2272292839,0.0458853498,9.7011124328,1.5377578822
1,2022,4,SAFETY HARBOR,,Non-Point Source,0.2830768231,0.0626771467,8.5908567631,1.6394174895
1,2022,4,ST PETERSBURG,,Non-Point Source,0.1977561005,0.0402277867,7.6550279034,1.4139853295
1,2022,4,STONEBRIAR,,Non-Point Source,0.039582481,0.0023976421,1.4845321859,0.3138716711
1,2022,4,TARPON SPRINGS,,Non-Point Source,0.056499954,0.0149354552,1.4841147492,0.3243875977
1,2022,4,Tampa,,Non-Point Source,1.1505720683,0.2393593747,44.620097937,8.3833063043
1,2022,4,WESTCHASE,,Non-Point Source,0.0765128798,0.0144572147,1.8845281994,0.395224111
1,2022,4,WESTCHASE EAST,,Non-Point Source,0.0939594369,0.0181516322,2.4971722337,0.5055791112
1,2022,4,Clearwater,City of Clearwater East AWWTF,PS - Domestic - REUSE,0,0,0,0
1,2022,4,Clearwater,City of Clearwater Northeast AWWTF,PS - Domestic - REUSE,0.128300585,0.0423556418,0.0205609912,0.0411219824
1,2022,4,Largo,City of Largo,PS - Domestic - REUSE,0.1452826493,0.0070971409,0.0208739439,0.0542722541
1,2022,4,Oldsmar,City of Oldsmar WRF,PS - Domestic - REUSE,0.0358174344,0.0005253224,0.0054920066,0.0095513158
1,2022,4,Hillsborough Co.,Northwest Regional WRF,PS - Domestic - REUSE,0.4619406908,0.0276894274,0.0189098528,0.0398457613
1,2022,4,Pinellas Co.,On Top Of The World WWTP,PS - Domestic - REUSE,0.0640751839,0.0002248252,0.0019110143,0.0039344411
1,2022,4,St. Petersburg,St Pete Facilities,PS - Domestic - REUSE,0.3915090624,0.0243602868,0.0139417666,0.0459609819
1,2022,4,Hillsborough Co.,Van Dyke WWTP,PS - Domestic - REUSE,0.1298628448,0.0122370758,0.0089072592,0.0166490827
1,2022,4,Pinellas Co.,William E. Dunn WRF (Pinellas NW),PS - Domestic - REUSE,0.0269952983,0.0086669116,0.0142080517,0.0284161035
1,2022,4,Clearwater,City of Clearwater East AWWTF,PS - Domestic - SW,0.2909959216,0.0838462825,0.1479640279,0.2466067132
1,2022,4,Clearwater,City of Clearwater Northeast AWWTF,PS - Domestic - SW,0.188122116,0.3726264991,0.18088665,0.3617733001
1,2022,4,Largo,City of Largo,PS - Domestic - SW,1.091253483,0.1066167196,0.3135785871,0.8153043264
1,2022,4,Oldsmar,City of Oldsmar WRF,PS - Domestic - SW,0.0250362145,0.0018777161,0.0156476341,0.0312952682
1,2022,4,Hillsborough Co.,Northwest Regional WRF,PS - Domestic - SW,0.5836692695,0.2099161408,0.1433573644,0.3020744465
1,2022,4,Duke Energy,Duke Energy-Bartow Plant,PS - Industrial,0.1498167078,0,0.0617142688,0.2042955106
1,2022,5,Atmospheric Deposition,,Atmospheric Deposition,8.4786765133,0.1480003005,0,0
1,2022,5,Ground Water,,Ground Water,0.5487808818,0.1630811084,0,0
1,2022,5,CHEVAL WEST,,Non-Point Source,0.0228275104,0.0023550848,0.8562797098,0.2101992541
1,2022,5,CLEARWATER,,Non-Point Source,0.7582517197,0.2140281831,36.520645618,6.9449354131
1,2022,5,Conservation,,Non-Point Source,0.4132406735,0.0451294355,4.8955281608,1.4146054308
1,2022,5,FDACS (Agriculture),,Non-Point Source,0.6585459994,0.0424527398,7.1163577293,1.1994560384
1,2022,5,HERITAGE HARBOR,,Non-Point Source,0.0214726409,0.0024053924,1.11563507,0.2289801753
1,2022,5,HILLSBOROUGH,,Non-Point Source,5.631689053,1.1042103157,205.68135113,40.644490741
1,2022,5,LARGO,,Non-Point Source,0.3693852206,0.0794025062,13.743949061,2.5486911988
1,2022,5,MSGP COT,,Non-Point Source,0.2283202722,0.0378312446,5.6474330653,1.8182484149
1,2022,5,MSGP PINELLAS,,Non-Point Source,0.3099784902,0.0549272305,10.552069765,2.5226074727
1,2022,5,MacDill AFB,,Non-Point Source,0.0237795376,0.0040574479,0.3900844849,0.149594889
1,2022,5,None,,Non-Point Source,0.0013189276,0.0000622521,0.016969974,0.0038713826
1,2022,5,OLDSMAR,,Non-Point Source,0.3447184326,0.0707408157,10.800340034,2.0438196609
1,2022,5,PALM BAY,,Non-Point Source,0.0030423761,0.0006778683,0.1074666019,0.0185508226
1,2022,5,PARK PLACE,,Non-Point Source,0.0382441321,0.0078908158,1.0487665017,0.207666985
1,2022,5,PASCO,,Non-Point Source,0.0667201565,0.0070319304,2.8452432288,0.6440315876
1,2022,5,PINELLAS,,Non-Point Source,0.9709703448,0.2186977062,36.260666649,6.8327933597
1,2022,5,PINELLAS PARK,,Non-Point Source,0.2685064035,0.0570221785,12.055668485,1.9109869478
1,2022,5,SAFETY HARBOR,,Non-Point Source,0.3344988744,0.0778895108,10.67594277,2.0373203484
1,2022,5,ST PETERSBURG,,Non-Point Source,0.2336792971,0.0499914689,9.512978979,1.7571735709
1,2022,5,STONEBRIAR,,Non-Point Source,0.0191925902,0.0021146761,0.9371321849,0.1981218492
1,2022,5,TARPON SPRINGS,,Non-Point Source,0.000129508,0,0.0303918631,0.0057414491
1,2022,5,Tampa,,Non-Point Source,1.358444155,0.2972102096,55.409171103,10.410577015
1,2022,5,WESTCHASE,,Non-Point Source,0.0904117543,0.0179661239,2.3419218548,0.4911489165
1,2022,5,WESTCHASE EAST,,Non-Point Source,0.1110275491,0.0225572131,3.1032606629,0.628288168
1,2022,5,Clearwater,City of Clearwater East AWWTF,PS - Domestic - REUSE,0.0145988671,0.0014655783,0.0007256747,0.0014228915
1,2022,5,Clearwater,City of Clearwater Northeast AWWTF,PS - Domestic - REUSE,0.4105378373,0.0802200372,0.0778606243,0.0786470953
1,2022,5,Largo,City of Largo,PS - Domestic - REUSE,0.1479677833,0.0248204024,0.0334120801,0.047731543
1,2022,5,Oldsmar,City of Oldsmar WRF,PS - Domestic - REUSE,0.0454031751,0.0006659132,0.0069618202,0.0121075133
1,2022,5,Hillsborough Co.,Northwest Regional WRF,PS - Domestic - REUSE,0.7456039558,0.0367331089,0.0203204432,0.0422039975
1,2022,5,Pinellas Co.,On Top Of The World WWTP,PS - Domestic - REUSE,0.0331249147,0.0002007571,0.0016060565,0.0025094632
1,2022,5,St. Petersburg,St Pete Facilities,PS - Domestic - REUSE,0.5051749218,0.0270331487,0.0319429317,0.0509102309
1,2022,5,Hillsborough Co.,Van Dyke WWTP,PS - Domestic - REUSE,0.0450746165,0.0121159213,0.0068628645,0.0118617412
1,2022,5,Pinellas Co.,William E. Dunn WRF (Pinellas NW),PS - Domestic - REUSE,0.030734457,0.0105293973,0.0142289153,0.0284578305
1,2022,5,Clearwater,City of Clearwater East AWWTF,PS - Domestic - SW,0.3716075251,0.2238337724,0.1108303145,0.2173143422
1,2022,5,Clearwater,City of Clearwater Northeast AWWTF,PS - Domestic - SW,0.0495166251,0.0580539743,0.0563465044,0.056915661
1,2022,5,Largo,City of Largo,PS - Domestic - SW,0.6616445597,0.2219710781,0.2988072205,0.4268674578
1,2022,5,Oldsmar,City of Oldsmar WRF,PS - Domestic - SW,0.010826911,0.0019247842,0.0120299011,0.0240598022
1,2022,5,Hillsborough Co.,Northwest Regional WRF,PS - Domestic - SW,0.6085849347,0.1798961757,0.0995170333,0.2066892231
1,2022,5,Duke Energy,Duke Energy-Bartow Plant,PS - Industrial,0.1728166435,0,0.020696604,0.1986873986
1,2022,6,Atmospheric Deposition,,Atmospheric Deposition,35.589086269,0.5516830438,0,0
1,2022,6,Ground Water,,Ground Water,0.5487808818,0.1630811084,0,0
1,2022,6,CHEVAL WEST,,Non-Point Source,0.0182084923,0.0020670934,0.5765723351,0.1415240512
1,2022,6,CLEARWATER,,Non-Point Source,1.2358128332,0.3374128312,57.574354274,10.948606333
1,2022,6,Conservation,,Non-Point Source,0.7258261643,0.0804869554,8.0053381374,2.3226472795
1,2022,6,FDACS (Agriculture),,Non-Point Source,1.0004091095,0.0607678067,9.703002976,1.5685727231
1,2022,6,HERITAGE HARBOR,,Non-Point Source,0.017127773,0.0021112491,0.7512081743,0.1541689679
1,2022,6,HILLSBOROUGH,,Non-Point Source,7.3699127359,1.4709680117,243.79643708,47.281990438
1,2022,6,LARGO,,Non-Point Source,0.6020309407,0.1251770867,21.667168775,4.0179807211
1,2022,6,MSGP COT,,Non-Point Source,0.3721206495,0.0596404977,8.9031096395,2.8664465434
1,2022,6,MSGP PINELLAS,,Non-Point Source,0.5052087404,0.0865921118,16.635209829,3.9768600437
1,2022,6,MacDill AFB,,Non-Point Source,0.0387563351,0.0063965173,0.6149634528,0.2358345257
1,2022,6,None,,Non-Point Source,0.0021496129,0.0000981397,0.026752958,0.0061031877
1,2022,6,OLDSMAR,,Non-Point Source,0.5631230561,0.1118505188,17.053912023,3.2288168263
1,2022,6,PALM BAY,,Non-Point Source,0.0049585215,0.0010686512,0.1694197927,0.0292451465
1,2022,6,PARK PLACE,,Non-Point Source,0.0623310017,0.0124397753,1.6533676526,0.3273844797
1,2022,6,PASCO,,Non-Point Source,0.0532197088,0.0061720313,1.9158325412,0.4336169498
1,2022,6,PINELLAS,,Non-Point Source,2.4610377305,0.5976346443,80.583653085,15.792127634
1,2022,6,PINELLAS PARK,,Non-Point Source,0.437616758,0.0898947719,19.00561495,3.0126477143
1,2022,6,SAFETY HARBOR,,Non-Point Source,0.5451725212,0.1227918679,16.830494117,3.211810786
1,2022,6,ST PETERSBURG,,Non-Point Source,0.3808548886,0.0788109436,14.997095825,2.7701627937
1,2022,6,STONEBRIAR,,Non-Point Source,0.0153090777,0.0018560831,0.6310140086,0.133392513
1,2022,6,TARPON SPRINGS,,Non-Point Source,0.0341839438,0.0094031595,0.9533281674,0.2080959113
1,2022,6,Tampa,,Non-Point Source,2.2122119564,0.4681300322,87.282192607,16.399396548
1,2022,6,WESTCHASE,,Non-Point Source,0.147354768,0.0283233761,3.6920113615,0.7742903018
1,2022,6,WESTCHASE EAST,,Non-Point Source,0.180954776,0.0355611725,4.892252746,0.9904886663
1,2022,6,Clearwater,City of Clearwater East AWWTF,PS - Domestic - REUSE,0.0356916274,0.0036164812,0.0017237434,0.003379889
1,2022,6,Clearwater,City of Clearwater Northeast AWWTF,PS - Domestic - REUSE,0.2387816443,0.0577873386,0.0566970114,0.0545163572
1,2022,6,Largo,City of Largo,PS - Domestic - REUSE,0.1375351927,0.0220575309,0.0173000242,0.0432500606
1,2022,6,Oldsmar,City of Oldsmar WRF,PS - Domestic - REUSE,0.0379768079,0.0005569932,0.0058231105,0.0101271488
1,2022,6,Hillsborough Co.,Northwest Regional WRF,PS - Domestic - REUSE,0.5874847886,0.0195828263,0.0195828263,0.0349693327
1,2022,6,Pinellas Co.,On Top Of The World WWTP,PS - Domestic - REUSE,0.0191902584,0.0002284555,0.0014164238,0.0070821192
1,2022,6,St. Petersburg,St Pete Facilities,PS - Domestic - REUSE,0.4220275069,0.0329021024,0.019202376,0.0440151673
1,2022,6,Hillsborough Co.,Van Dyke WWTP,PS - Domestic - REUSE,0.0505506208,0.0137448818,0.0058033945,0.0091632545
1,2022,6,Pinellas Co.,William E. Dunn WRF (Pinellas NW),PS - Domestic - REUSE,0.0326822745,0.0111173311,0.0133943748,0.0267887496
1,2022,6,Clearwater,City of Clearwater East AWWTF,PS - Domestic - SW,0.4494501234,0.2732452455,0.130238388,0.2553693883
1,2022,6,Clearwater,City of Clearwater Northeast AWWTF,PS - Domestic - SW,0.0328975859,0.0477690973,0.0468677936,0.0450651862
1,2022,6,Largo,City of Largo,PS - Domestic - SW,0.7185268391,0.2304708729,0.180761469,0.4519036724
1,2022,6,Oldsmar,City of Oldsmar WRF,PS - Domestic - SW,0,0,0,0
1,2022,6,Hillsborough Co.,Northwest Regional WRF,PS - Domestic - SW,0.5858724564,0.1171744913,0.1171744913,0.209240163
1,2022,6,Duke Energy,Duke Energy-Bartow Plant,PS - Industrial,0.0554552152,0,0.0062590536,0.0600869149
1,2022,7,Atmospheric Deposition,,Atmospheric Deposition,26.239995041,0.451090539,0,0
1,2022,7,Ground Water,,Ground Water,0.5487808818,0.1630811084,0,0
1,2022,7,CHEVAL WEST,,Non-Point Source,0.0793849469,0.0088341351,1.9652531977,0.4748370529
1,2022,7,CLEARWATER,,Non-Point Source,3.9025030693,1.0856537669,184.10021252,34.894294131
1,2022,7,Conservation,,Non-Point Source,2.2749201469,0.2574446812,25.420647967,7.357149329
1,2022,7,FDACS (Agriculture),,Non-Point Source,3.1018103257,0.1965345576,29.675182146,4.8087238796
1,2022,7,HERITAGE HARBOR,,Non-Point Source,0.0745281855,0.009004175,2.5544672581,0.5163301613
1,2022,7,HILLSBOROUGH,,Non-Point Source,19.111558838,3.7160183698,611.3644363,119.82536761
1,2022,7,LARGO,,Non-Point Source,1.8909520311,0.4006112456,68.915739098,12.736996335
1,2022,7,MSGP COT,,Non-Point Source,1.1560841068,0.1888267212,28.049849743,8.9858662904
1,2022,7,MSGP PINELLAS,,Non-Point Source,1.5990314549,0.2793043891,53.782777775,12.762161215
1,2022,7,MacDill AFB,,Non-Point Source,0.1235045254,0.0207647216,1.9924576257,0.7621055161
1,2022,7,None,,Non-Point Source,0.0067840444,0.0003142446,0.0854627926,0.0193888191
1,2022,7,OLDSMAR,,Non-Point Source,1.7726262929,0.3587568956,54.368801928,10.259991173
1,2022,7,PALM BAY,,Non-Point Source,0.0155859834,0.00342252,0.539620041,0.0928209756
1,2022,7,PARK PLACE,,Non-Point Source,0.1964567515,0.0399509291,5.2821989032,1.0422486489
1,2022,7,PASCO,,Non-Point Source,0.2317113372,0.0263295741,6.5270717712,1.4551072437
1,2022,7,PINELLAS,,Non-Point Source,7.5203770396,1.8717513749,254.76141947,49.498431051
1,2022,7,PINELLAS PARK,,Non-Point Source,1.3736027473,0.2873351523,60.453838073,9.5509126541
1,2022,7,SAFETY HARBOR,,Non-Point Source,1.7253586873,0.3959585517,53.958934661,10.262947336
1,2022,7,ST PETERSBURG,,Non-Point Source,1.1875399588,0.2499326937,47.448175217,8.7491720183
1,2022,7,STONEBRIAR,,Non-Point Source,0.0665996428,0.0079138679,2.1449803825,0.446608691
1,2022,7,TARPON SPRINGS,,Non-Point Source,0.0996590305,0.0287556359,2.9637262696,0.6355880796
1,2022,7,Tampa,,Non-Point Source,6.951481585,1.4987912173,277.76364283,52.00991896
1,2022,7,WESTCHASE,,Non-Point Source,0.4645730002,0.0909941382,11.794044689,2.4646860676
1,2022,7,WESTCHASE EAST,,Non-Point Source,0.5710778807,0.1143570465,15.644709528,3.1565966941
1,2022,7,Clearwater,City of Clearwater East AWWTF,PS - Domestic - REUSE,0,0,0,0
1,2022,7,Clearwater,City of Clearwater Northeast AWWTF,PS - Domestic - REUSE,0.2021178607,0.076084597,0.034847907,0.058079845
1,2022,7,Largo,City of Largo,PS - Domestic - REUSE,0.1026810267,0.007334359,0.0110015386,0.0403389748
1,2022,7,Oldsmar,City of Oldsmar WRF,PS - Domestic - REUSE,0.0315299827,0.0004624397,0.0048345973,0.0084079954
1,2022,7,Hillsborough Co.,Northwest Regional WRF,PS - Domestic - REUSE,0.5633625962,0.0078791971,0.0210111924,0.0341431876
1,2022,7,Pinellas Co.,On Top Of The World WWTP,PS - Domestic - REUSE,0.0649265403,0.0033295662,0.0015815439,0.0080464516
1,2022,7,St. Petersburg,St Pete Facilities,PS - Domestic - REUSE,0.4326989847,0.0270896298,0.018149266,0.0441829033
1,2022,7,Hillsborough Co.,Van Dyke WWTP,PS - Domestic - REUSE,0.0749734481,0.0185803763,0.0041561368,0.0079863021
1,2022,7,Pinellas Co.,William E. Dunn WRF (Pinellas NW),PS - Domestic - REUSE,0.039406334,0.0121696032,0.0144876228,0.0289752456
1,2022,7,Clearwater,City of Clearwater East AWWTF,PS - Domestic - SW,0.6319190621,0.11067509,0.3748672403,0.3570164193
1,2022,7,Clearwater,City of Clearwater Northeast AWWTF,PS - Domestic - SW,0.2333283395,0.5270002152,0.2413741443,0.4022902406
1,2022,7,Largo,City of Largo,PS - Domestic - SW,1.2079055519,0.172557936,0.258836904,0.9490686479
1,2022,7,Oldsmar,City of Oldsmar WRF,PS - Domestic - SW,0.0238010946,0.0028561314,0.0119005473,0.0238010946
1,2022,7,Hillsborough Co.,Northwest Regional WRF,PS - Domestic - SW,0.9537357322,0.0800337677,0.2134233806,0.3468129935
1,2022,7,Duke Energy,Duke Energy-Bartow Plant,PS - Industrial,0.0970929436,0,0.0116418398,0.1117616617
1,2022,8,Atmospheric Deposition,,Atmospheric Deposition,12.840463345,0.2331062121,0,0
1,2022,8,Ground Water,,Ground Water,0.5487808818,0.1630811084,0,0
1,2022,8,CHEVAL WEST,,Non-Point Source,0.0812934677,0.0040653351,1.7665362695,0.4267916652
1,2022,8,CLEARWATER,,Non-Point Source,2.5679736107,0.7204475797,122.17021354,23.156102358
1,2022,8,Conservation,,Non-Point Source,1.6328825258,0.1892402882,18.246266132,5.3401964317
1,2022,8,FDACS (Agriculture),,Non-Point Source,2.2926546987,0.1258160696,21.835998041,3.5482097637
1,2022,8,HERITAGE HARBOR,,Non-Point Source,0.0763199432,0.0041435849,2.2961718448,0.4640863807
1,2022,8,HILLSBOROUGH,,Non-Point Source,14.617316112,2.4543140093,453.32234234,89.354763273
1,2022,8,LARGO,,Non-Point Source,1.244307776,0.2658484786,45.732975789,8.4523615743
1,2022,8,MSGP COT,,Non-Point Source,0.7607408438,0.1253067584,18.614080266,5.9630849336
1,2022,8,MSGP PINELLAS,,Non-Point Source,1.0522145674,0.1853483839,35.690634767,8.4690611679
1,2022,8,MacDill AFB,,Non-Point Source,0.081269984,0.0137796173,1.3222090853,0.5057386538
1,2022,8,None,,Non-Point Source,0.0044641213,0.0002085349,0.0567137184,0.0128665586
1,2022,8,OLDSMAR,,Non-Point Source,1.1686614857,0.2386870644,36.133679318,6.8217338792
1,2022,8,PALM BAY,,Non-Point Source,0.0102560827,0.0022712087,0.3580957063,0.0615966612
1,2022,8,PARK PLACE,,Non-Point Source,0.1292749152,0.0265117213,3.5053048507,0.6916436339
1,2022,8,PASCO,,Non-Point Source,0.2372819889,0.0121164711,5.8670857428,1.30787528
1,2022,8,PINELLAS,,Non-Point Source,6.4699453078,1.7201501953,216.16240911,42.718880124
1,2022,8,PINELLAS PARK,,Non-Point Source,0.9038751653,0.1906776556,40.117597941,6.3380537289
1,2022,8,SAFETY HARBOR,,Non-Point Source,1.1353419842,0.2627609178,35.807533732,6.8105650201
1,2022,8,ST PETERSBURG,,Non-Point Source,0.7814398148,0.1658571174,31.486947348,5.8060129271
1,2022,8,STONEBRIAR,,Non-Point Source,0.0682007876,0.0036418421,1.9280903078,0.4014195307
1,2022,8,TARPON SPRINGS,,Non-Point Source,0.1251775457,0.0372527831,3.8075004158,0.8167973351
1,2022,8,Tampa,,Non-Point Source,4.5753678193,0.9948575886,184.36698571,34.521666522
1,2022,8,WESTCHASE,,Non-Point Source,0.3057041041,0.0603843589,7.8266121393,1.635583246
1,2022,8,WESTCHASE EAST,,Non-Point Source,0.3757877703,0.0758881513,10.381940779,2.0947400706
1,2022,8,Clearwater,City of Clearwater East AWWTF,PS - Domestic - REUSE,0.0077689877,0.0003447278,0.0008828395,0.0008407995
1,2022,8,Clearwater,City of Clearwater Northeast AWWTF,PS - Domestic - REUSE,0.04872498,0.0220962119,0.0152973774,0.0188856512
1,2022,8,Largo,City of Largo,PS - Domestic - REUSE,0.0940660653,0.0074468968,0.0078388388,0.0391941939
1,2022,8,Oldsmar,City of Oldsmar WRF,PS - Domestic - REUSE,0.03220909,0.0004724,0.0049387271,0.0085890907
1,2022,8,Hillsborough Co.,Northwest Regional WRF,PS - Domestic - REUSE,0.6801550849,0.0213381987,0.0180041052,0.034674573
1,2022,8,Pinellas Co.,On Top Of The World WWTP,PS - Domestic - REUSE,0.0734212027,0.0085373492,0.0015651807,0.007057542
1,2022,8,St. Petersburg,St Pete Facilities,PS - Domestic - REUSE,0.3618316498,0.0201347326,0.0299782031,0.0417609867
1,2022,8,Hillsborough Co.,Van Dyke WWTP,PS - Domestic - REUSE,0.0586942755,0.0109950709,0.0025062294,0.0092164565
1,2022,8,Pinellas Co.,William E. Dunn WRF (Pinellas NW),PS - Domestic - REUSE,0.0452194927,0.0067535606,0.0146816535,0.0293633069
1,2022,8,Clearwater,City of Clearwater East AWWTF,PS - Domestic - SW,0.4980120342,0.1325876195,0.3395536597,0.3233844378
1,2022,8,Clearwater,City of Clearwater Northeast AWWTF,PS - Domestic - SW,0.219707387,0.5978084716,0.4138674034,0.5109474117
1,2022,8,Largo,City of Largo,PS - Domestic - SW,1.0741537485,0.1700743435,0.1790256247,0.8951281237
1,2022,8,Oldsmar,City of Oldsmar WRF,PS - Domestic - SW,0.0303075895,0.003030759,0.0275523541,0.0551047082
1,2022,8,Hillsborough Co.,Northwest Regional WRF,PS - Domestic - SW,1.1333719067,0.2133405942,0.1800061264,0.3466784656
1,2022,8,Duke Energy,Duke Energy-Bartow Plant,PS - Industrial,0.1245676854,0,0.0116418398,0.1117616617
1,2022,9,Atmospheric Deposition,,Atmospheric Deposition,10.149120273,0.2756371754,0,0
1,2022,9,Ground Water,,Ground Water,0.5487808818,0.1630811084,0,0
1,2022,9,CHEVAL WEST,,Non-Point Source,0.2855505492,0.010997762,6.2907922878,1.5201569982
1,2022,9,CLEARWATER,,Non-Point Source,8.6747444464,2.4958639951,423.23722896,80.220246095
1,2022,9,Conservation,,Non-Point Source,5.6035281596,0.6742258456,64.496512841,18.929664606
1,2022,9,FDACS (Agriculture),,Non-Point Source,7.8520245598,0.4258452112,76.932335017,12.491205603
1,2022,9,HERITAGE HARBOR,,Non-Point Source,0.2680806013,0.0112094475,8.1768715324,1.6529942287
1,2022,9,HILLSBOROUGH,,Non-Point Source,49.630550327,8.2496265852,1572.907321,310.41827993
1,2022,9,LARGO,,Non-Point Source,4.2033344597,0.9209853217,158.43385539,29.281720865
1,2022,9,MSGP COT,,Non-Point Source,2.5698209602,0.4341032373,64.485208983,20.658059524
1,2022,9,MSGP PINELLAS,,Non-Point Source,3.5544339073,0.6421068941,123.64393023,29.339573672
1,2022,9,MacDill AFB,,Non-Point Source,0.2745341072,0.0477370618,4.5805609499,1.7520426642
1,2022,9,None,,Non-Point Source,0.015080027,0.0007224326,0.1964747081,0.0445739305
1,2022,9,OLDSMAR,,Non-Point Source,3.9493428485,0.8275339796,125.23420632,23.646226035
1,2022,9,PALM BAY,,Non-Point Source,0.0346455648,0.0078682031,1.2405596263,0.2133908047
1,2022,9,PARK PLACE,,Non-Point Source,0.4366971874,0.0918451982,12.143512471,2.3960777883
1,2022,9,PASCO,,Non-Point Source,0.83347413,0.0327781258,20.893212543,4.6584221807
1,2022,9,PINELLAS,,Non-Point Source,22.916763705,6.4614928324,797.06335926,158.16231889
1,2022,9,PINELLAS PARK,,Non-Point Source,3.0533359211,0.6605692193,138.98036594,21.957073001
1,2022,9,SAFETY HARBOR,,Non-Point Source,3.8352425162,0.91028901,124.04890614,23.594005308
1,2022,9,ST PETERSBURG,,Non-Point Source,2.6397431288,0.5745828279,109.08099411,20.113911169
1,2022,9,STONEBRIAR,,Non-Point Source,0.2395613438,0.009852106,6.8661005427,1.4297859086
1,2022,9,TARPON SPRINGS,,Non-Point Source,0.4644206509,0.1481494008,15.074381258,3.2366282279
1,2022,9,Tampa,,Non-Point Source,15.454991975,3.4463514037,638.68099715,119.58948375
1,2022,9,WESTCHASE,,Non-Point Source,1.0326838907,0.2091909965,27.113921946,5.6661906428
1,2022,9,WESTCHASE EAST,,Non-Point Source,1.2694300519,0.2629011602,35.966408826,7.2568587481
1,2022,9,Clearwater,City of Clearwater East AWWTF,PS - Domestic - REUSE,0.0028541285,0.0001251811,0.0003066936,0.0003129527
1,2022,9,Clearwater,City of Clearwater Northeast AWWTF,PS - Domestic - REUSE,0.0134632244,0.011368945,0.0079283432,0.0149591382
1,2022,9,Largo,City of Largo,PS - Domestic - REUSE,0.1089075332,0.0062590536,0.0087626751,0.0325470789
1,2022,9,Oldsmar,City of Oldsmar WRF,PS - Domestic - REUSE,0.0222039928,0.0003256586,0.0034046122,0.0094737036
1,2022,9,Hillsborough Co.,Northwest Regional WRF,PS - Domestic - REUSE,0.5184426701,0.0306866378,0.0117093749,0.0157470904
1,2022,9,Pinellas Co.,On Top Of The World WWTP,PS - Domestic - REUSE,0.0942613477,0.0062840898,0.0020737497,0.0065354534
1,2022,9,St. Petersburg,St Pete Facilities,PS - Domestic - REUSE,0.1885640753,0.0125995351,0.0142608281,0.0329036947
1,2022,9,Hillsborough Co.,Van Dyke WWTP,PS - Domestic - REUSE,0.0822514756,0.0193273317,0.0049421487,0.0094430342
1,2022,9,Pinellas Co.,William E. Dunn WRF (Pinellas NW),PS - Domestic - REUSE,0.0478692422,0.0074795691,0.0149591382,0.0299182764
1,2022,9,Clearwater,City of Clearwater East AWWTF,PS - Domestic - SW,0.5727284437,0.1507180115,0.3692591282,0.3767950288
1,2022,9,Clearwater,City of Clearwater Northeast AWWTF,PS - Domestic - SW,0.1055276443,0.5346733976,0.3728643431,0.7035176285
1,2022,9,Largo,City of Largo,PS - Domestic - SW,2.5506144283,0.2931740722,0.4104437011,1.5245051756
1,2022,9,Oldsmar,City of Oldsmar WRF,PS - Domestic - SW,0.0704769439,0.0056381555,0.0704769439,0.2255262205
1,2022,9,Hillsborough Co.,Northwest Regional WRF,PS - Domestic - SW,2.7431679543,0.97420918,0.3717377134,0.4999231319
1,2022,9,Duke Energy,Duke Energy-Bartow Plant,PS - Industrial,0.1098839456,0,0.013769918,0.1321912128
1,2022,10,Atmospheric Deposition,,Atmospheric Deposition,1.4327261825,0.0285262451,0,0
1,2022,10,Ground Water,,Ground Water,0.5487808818,0.1630811084,0,0
1,2022,10,CHEVAL WEST,,Non-Point Source,0.0642738688,0.0117720233,1.3382549777,0.3232586821
1,2022,10,CLEARWATER,,Non-Point Source,0.927922979,0.262876232,44.577352049,8.4491767427
1,2022,10,Conservation,,Non-Point Source,0.5548123127,0.0646721148,6.3187947443,1.8378397436
1,2022,10,FDACS (Agriculture),,Non-Point Source,0.9832204064,0.0828032202,9.2432410054,1.568336437
1,2022,10,HERITAGE HARBOR,,Non-Point Source,0.0603416013,0.0119986118,1.739485033,0.3515062829
1,2022,10,HILLSBOROUGH,,Non-Point Source,7.9139234875,1.6889657788,238.50413062,47.667131696
1,2022,10,LARGO,,Non-Point Source,0.449623693,0.0970025416,16.687004982,3.0840897026
1,2022,10,MSGP COT,,Non-Point Source,0.274889472,0.0457218116,6.7918880147,2.1758047946
1,2022,10,MSGP PINELLAS,,Non-Point Source,0.3802118806,0.0676297431,13.022765081,3.0901830345
1,2022,10,MacDill AFB,,Non-Point Source,0.0293664566,0.0050278937,0.4824464014,0.184533442
1,2022,10,None,,Non-Point Source,0.0016130854,0.00007609,0.020693648,0.0046947377
1,2022,10,OLDSMAR,,Non-Point Source,0.4210736967,0.0867648862,13.156023646,2.4821959931
1,2022,10,PALM BAY,,Non-Point Source,0.0037059784,0.0008287165,0.1306616229,0.0224753315
1,2022,10,PARK PLACE,,Non-Point Source,0.0467127715,0.0096735718,1.2790123209,0.2523662754
1,2022,10,PASCO,,Non-Point Source,0.1876046361,0.0350857619,4.4446620403,0.9906051917
1,2022,10,PINELLAS,,Non-Point Source,1.5032998312,0.3727988738,54.173099376,10.391030483
1,2022,10,PINELLAS PARK,,Non-Point Source,0.3266102628,0.0695742828,14.63807122,2.3126230543
1,2022,10,SAFETY HARBOR,,Non-Point Source,0.4102495103,0.0958759553,13.065419065,2.4850325276
1,2022,10,ST PETERSBURG,,Non-Point Source,0.2823689301,0.0605177882,11.488927589,2.1184925094
1,2022,10,STONEBRIAR,,Non-Point Source,0.053922272,0.0105457112,1.4606416503,0.3040414306
1,2022,10,TARPON SPRINGS,,Non-Point Source,0.0125364797,0.0039060248,0.423975208,0.090099295
1,2022,10,Tampa,,Non-Point Source,1.6549966675,0.3634037118,67.337752278,12.608331069
1,2022,10,WESTCHASE,,Non-Point Source,0.1104644774,0.0220329878,2.8557668402,0.596790069
1,2022,10,WESTCHASE EAST,,Non-Point Source,0.1357888204,0.0276899969,3.788152739,0.7643267771
1,2022,10,Clearwater,City of Clearwater East AWWTF,PS - Domestic - REUSE,0,0,0,0
1,2022,10,Clearwater,City of Clearwater Northeast AWWTF,PS - Domestic - REUSE,0.0729943353,0.0176955964,0.0252530907,0.018432913
1,2022,10,Largo,City of Largo,PS - Domestic - REUSE,0.1442993103,0.0037383241,0.0112149723,0.0411215651
1,2022,10,Oldsmar,City of Oldsmar WRF,PS - Domestic - REUSE,0.0339068583,0.0004973006,0.0051990516,0.0090418289
1,2022,10,Hillsborough Co.,Northwest Regional WRF,PS - Domestic - REUSE,0.6437285444,0.0223516856,0.0268220227,0.0370399361
1,2022,10,Pinellas Co.,On Top Of The World WWTP,PS - Domestic - REUSE,0.0388371774,0.0004584945,0.0020497399,0.0050704093
1,2022,10,St. Petersburg,St Pete Facilities,PS - Domestic - REUSE,0.3025062728,0.0127162729,0.0174072927,0.0420894418
1,2022,10,Hillsborough Co.,Van Dyke WWTP,PS - Domestic - REUSE,0.1382623696,0.0152740938,0.0045344966,0.0119328858
1,2022,10,Pinellas Co.,William E. Dunn WRF (Pinellas NW),PS - Domestic - REUSE,0.0396404644,0.0077812763,0.0146816535,0.0293633069
1,2022,10,Clearwater,City of Clearwater East AWWTF,PS - Domestic - SW,0.5590023391,0.0834331849,0.3059216781,0.2781106165
1,2022,10,Clearwater,City of Clearwater Northeast AWWTF,PS - Domestic - SW,0.2424607161,0.3526701324,0.5032896682,0.3673647213
1,2022,10,Largo,City of Largo,PS - Domestic - SW,1.6502049152,0.0855028453,0.256508536,0.9405312988
1,2022,10,Oldsmar,City of Oldsmar WRF,PS - Domestic - SW,0.0519743468,0.0029699627,0.0371245335,0.0742490669
1,2022,10,Hillsborough Co.,Northwest Regional WRF,PS - Domestic - SW,1.0735328504,0.2236526772,0.2683832126,0.3706244364
1,2022,10,Duke Energy,Duke Energy-Bartow Plant,PS - Industrial,0.2134337289,0,0.0194030663,0.1862694362
1,2022,11,Atmospheric Deposition,,Atmospheric Deposition,9.4355440473,0.1859935922,0,0
1,2022,11,Ground Water,,Ground Water,0.5487808818,0.1630811084,0,0
1,2022,11,CHEVAL WEST,,Non-Point Source,0.0614298635,0.0022906301,1.0628575104,0.2610155678
1,2022,11,CLEARWATER,,Non-Point Source,1.0692905301,0.3066911173,52.332162288,9.9517267825
1,2022,11,Conservation,,Non-Point Source,0.788825168,0.0966424794,8.8846152032,2.6488874974
1,2022,11,FDACS (Agriculture),,Non-Point Source,1.1863602175,0.0578742504,11.021821043,1.8073635868
1,2022,11,HERITAGE HARBOR,,Non-Point Source,0.0577838483,0.0023395608,1.3847824484,0.2843368342
1,2022,11,HILLSBOROUGH,,Non-Point Source,8.6209354789,1.3088360244,251.37175076,49.841943531
1,2022,11,LARGO,,Non-Point Source,0.5209089648,0.1137796107,19.694355359,3.6521402944
1,2022,11,MSGP COT,,Non-Point Source,0.3219784387,0.0542101816,8.0924742342,2.6054542441
1,2022,11,MSGP PINELLAS,,Non-Point Source,0.4371332837,0.0787078293,15.120560386,3.6147636882
1,2022,11,MacDill AFB,,Non-Point Source,0.0335340279,0.0058141092,0.5589705281,0.2143615995
1,2022,11,None,,Non-Point Source,0.0018599586,0.000089204,0.0243170793,0.0055474875
1,2022,11,OLDSMAR,,Non-Point Source,0.4896600401,0.1024076625,15.563610976,2.9502443089
1,2022,11,PALM BAY,,Non-Point Source,0.0042903747,0.0009713496,0.1539939821,0.026582352
1,2022,11,PARK PLACE,,Non-Point Source,0.0539320745,0.0113071236,1.5028271773,0.2975758554
1,2022,11,PASCO,,Non-Point Source,0.1795469607,0.0068394783,3.531659223,0.7997281972
1,2022,11,PINELLAS,,Non-Point Source,3.7692223021,1.1138031723,126.8233444,25.801442982
1,2022,11,PINELLAS PARK,,Non-Point Source,0.3786491308,0.0817097795,17.275138184,2.738343679
1,2022,11,SAFETY HARBOR,,Non-Point Source,0.4717120574,0.111611568,15.29806388,2.9193727903
1,2022,11,ST PETERSBURG,,Non-Point Source,0.3295357636,0.0716351428,13.631598,2.5179372085
1,2022,11,STONEBRIAR,,Non-Point Source,0.0516481288,0.002056801,1.1632156753,0.2460184133
1,2022,11,TARPON SPRINGS,,Non-Point Source,0.0929889767,0.0299349133,2.9378814367,0.6430055672
1,2022,11,Tampa,,Non-Point Source,1.9134831123,0.4253729193,79.312834339,14.902148231
1,2022,11,WESTCHASE,,Non-Point Source,0.1274991275,0.0257445096,3.3558507112,0.7037905373
1,2022,11,WESTCHASE EAST,,Non-Point Source,0.1565716289,0.0323232987,4.4468091372,0.9003038641
1,2022,11,Clearwater,City of Clearwater East AWWTF,PS - Domestic - REUSE,0.0058960285,0.0001314401,0.0006572006,0.0006259054
1,2022,11,Clearwater,City of Clearwater Northeast AWWTF,PS - Domestic - REUSE,0.0461467506,0.0153822502,0.0160231773,0.0160231773
1,2022,11,Largo,City of Largo,PS - Domestic - REUSE,0.1053398727,0.0031921174,0.0063842347,0.0351132909
1,2022,11,Oldsmar,City of Oldsmar WRF,PS - Domestic - REUSE,0.0291045994,0.0004268675,0.0044627052,0.0100895945
1,2022,11,Hillsborough Co.,Northwest Regional WRF,PS - Domestic - REUSE,0.4525220669,0.0075420344,0.0247809703,0.0258584038
1,2022,11,Pinellas Co.,On Top Of The World WWTP,PS - Domestic - REUSE,0.0444267627,0.0002278296,0.0032750498,0.0042148467
1,2022,11,St. Petersburg,St Pete Facilities,PS - Domestic - REUSE,0.2632535326,0.0145121016,0.0171530116,0.0348980796
1,2022,11,Hillsborough Co.,Van Dyke WWTP,PS - Domestic - REUSE,0.1020501141,0.0071766309,0.0048107086,0.0063091261
1,2022,11,Pinellas Co.,William E. Dunn WRF (Pinellas NW),PS - Domestic - REUSE,0.0348604251,0.0063516876,0.0147713666,0.0295427332
1,2022,11,Clearwater,City of Clearwater East AWWTF,PS - Domestic - SW,0.4480981678,0.0599366976,0.299683488,0.2854128457
1,2022,11,Clearwater,City of Clearwater Northeast AWWTF,PS - Domestic - SW,0.2012911649,0.4025823297,0.4193565935,0.4193565935
1,2022,11,Largo,City of Largo,PS - Domestic - SW,1.6441282086,0.0996441339,0.1992882677,1.0960854724
1,2022,11,Oldsmar,City of Oldsmar WRF,PS - Domestic - SW,0.0485702562,0.0038856205,0.0485702562,0.1262826661
1,2022,11,Hillsborough Co.,Northwest Regional WRF,PS - Domestic - SW,1.0727266842,0.1072726684,0.3524673391,0.367792006
1,2022,11,Duke Energy,Duke Energy-Bartow Plant,PS - Industrial,0.1007707635,0,0.0087626751,0.0841216808
1,2022,12,Atmospheric Deposition,,Atmospheric Deposition,5.6312108223,0.1073788087,0,0
1,2022,12,Ground Water,,Ground Water,0.5487808818,0.1630811084,0,0
1,2022,12,CHEVAL WEST,,Non-Point Source,0.0414973171,0.0016898905,0.9740246134,0.2392063986
1,2022,12,CLEARWATER,,Non-Point Source,0.4956642871,0.1416765211,24.174937834,4.5972183413
1,2022,12,Conservation,,Non-Point Source,0.4939815552,0.0656893198,5.5440926136,1.704653301
1,2022,12,FDACS (Agriculture),,Non-Point Source,0.7376134283,0.0316867971,7.4904012196,1.2371723036
1,2022,12,HERITAGE HARBOR,,Non-Point Source,0.0390343481,0.0017259887,1.2690432873,0.2605790554
1,2022,12,HILLSBOROUGH,,Non-Point Source,5.8522358934,0.8987854445,189.48269879,37.773843642
1,2022,12,LARGO,,Non-Point Source,0.2414647501,0.0525606987,9.0978433851,1.6871128713
1,2022,12,MSGP COT,,Non-Point Source,0.1492514979,0.0250424923,3.738333235,1.203594341
1,2022,12,MSGP PINELLAS,,Non-Point Source,0.2026309514,0.0363592253,6.9849704534,1.6698466799
1,2022,12,MacDill AFB,,Non-Point Source,0.0155445312,0.0026858383,0.2582174552,0.0990247319
1,2022,12,None,,Non-Point Source,0.0008621745,0.0000412079,0.0112333191,0.002562672
1,2022,12,OLDSMAR,,Non-Point Source,0.2292594771,0.0479667695,7.2455585076,1.3766544229
1,2022,12,PALM BAY,,Non-Point Source,0.0019887818,0.0004487167,0.071137801,0.012279766
1,2022,12,PARK PLACE,,Non-Point Source,0.0249999439,0.0052233464,0.694233756,0.1374657092
1,2022,12,PASCO,,Non-Point Source,0.1212881934,0.00504576,3.2364855833,0.7329068664
1,2022,12,PINELLAS,,Non-Point Source,3.2945581893,1.0220910262,106.54443292,22.155542057
1,2022,12,PINELLAS PARK,,Non-Point Source,0.1755209143,0.0377459817,7.980281598,1.2649828579
1,2022,12,SAFETY HARBOR,,Non-Point Source,0.2186597693,0.0515591674,7.0669685164,1.3486095861
1,2022,12,ST PETERSBURG,,Non-Point Source,0.1527546581,0.0330919849,6.2971415632,1.1631656868
1,2022,12,STONEBRIAR,,Non-Point Source,0.0348895254,0.0015173853,1.0659949122,0.2254623321
1,2022,12,TARPON SPRINGS,,Non-Point Source,0.1029408132,0.0328542962,3.211286218,0.7028935694
1,2022,12,Tampa,,Non-Point Source,0.8896815963,0.1971366018,36.744484824,6.9034284642
1,2022,12,WESTCHASE,,Non-Point Source,0.059101584,0.0118927232,1.5502413579,0.3251173226
1,2022,12,WESTCHASE EAST,,Non-Point Source,0.0725779969,0.0149318068,2.0542115929,0.4158970124
1,2022,12,Clearwater,City of Clearwater East AWWTF,PS - Domestic - REUSE,0,0,0,0
1,2022,12,Clearwater,City of Clearwater Northeast AWWTF,PS - Domestic - REUSE,0.0369123933,0.0026517524,0.0102887993,0.0109252198
1,2022,12,Largo,City of Largo,PS - Domestic - REUSE,0.1039279971,0.0031303614,0.0062607227,0.0406946976
1,2022,12,Oldsmar,City of Oldsmar WRF,PS - Domestic - REUSE,0.0295896761,0.0004339819,0.0045370837,0.0086796383
1,2022,12,Hillsborough Co.,Northwest Regional WRF,PS - Domestic - REUSE,0.5121637252,0.0138008189,0.0281127793,0.0199345163
1,2022,12,Pinellas Co.,On Top Of The World WWTP,PS - Domestic - REUSE,0.0507545407,0.0002333542,0.0028585891,0.0029169276
1,2022,12,St. Petersburg,St Pete Facilities,PS - Domestic - REUSE,0.2976236335,0.0154550856,0.0157447345,0.035484638
1,2022,12,Hillsborough Co.,Van Dyke WWTP,PS - Domestic - REUSE,0.0940660653,0.0088477982,0.0048895727,0.0054328586
1,2022,12,Pinellas Co.,William E. Dunn WRF (Pinellas NW),PS - Domestic - REUSE,0.0301704745,0.0030786198,0.0153930992,0.0307861985
1,2022,12,Clearwater,City of Clearwater East AWWTF,PS - Domestic - SW,0.4630865149,0.056915661,0.2975136827,0.2587075502
1,2022,12,Clearwater,City of Clearwater Northeast AWWTF,PS - Domestic - SW,0.2978500026,0.1283836218,0.4981284526,0.5289405218
1,2022,12,Largo,City of Largo,PS - Domestic - SW,1.5331526841,0.0923585954,0.1847171909,1.2006617405
1,2022,12,Oldsmar,City of Oldsmar WRF,PS - Domestic - SW,0.0458688487,0.004077231,0.0815446198,0.1121238523
1,2022,12,Hillsborough Co.,Northwest Regional WRF,PS - Domestic - SW,1.3926861261,0.2251648228,0.4586690835,0.3252380774
1,2022,12,Duke Energy,Duke Energy-Bartow Plant,PS - Industrial,0.0679107319,0,0.0064676888,0.0620898121
1,2023,1,Atmospheric Deposition,,Atmospheric Deposition,4.3734804857,0.0767568761,0,0
1,2023,1,Ground Water,,Ground Water,0.5487808818,0.1630811084,0,0
1,2023,1,CHEVAL WEST,,Non-Point Source,0.0417630959,0.0029921337,0.877827748,0.2155435689
1,2023,1,CLEARWATER,,Non-Point Source,0.2169043958,0.1211712113,20.676019405,3.9318477791
1,2023,1,Conservation,,Non-Point Source,0.4302540114,0.0560529483,4.703886179,1.4454802842
1,2023,1,FDACS (Agriculture),,Non-Point Source,0.6557814392,0.032288575,6.3919638178,1.0622566152
1,2023,1,HERITAGE HARBOR,,Non-Point Source,0.0392843523,0.0030560495,1.143709713,0.2348019949
1,2023,1,HILLSBOROUGH,,Non-Point Source,4.6757103816,0.8128915796,157.30540789,31.543028249
1,2023,1,LARGO,,Non-Point Source,0.1936325977,0.0449534156,7.781082527,1.442931465
1,2023,1,MSGP COT,,Non-Point Source,0.1291384692,0.0214180099,3.197271945,1.0293941652
1,2023,1,MSGP PINELLAS,,Non-Point Source,0.1753245445,0.0310968348,5.9740126583,1.4281642664
1,2023,1,MacDill AFB,,Non-Point Source,0.0126078672,0.0022971081,0.2208447918,0.0846925561
1,2023,1,None,,Non-Point Source,0.0007459885,0.0000352438,0.0096074838,0.002191768
1,2023,1,OLDSMAR,,Non-Point Source,0.1839323835,0.0409915005,6.1943512551,1.1767788327
1,2023,1,PALM BAY,,Non-Point Source,0.0017207749,0.0003837725,0.0608417926,0.010502475
1,2023,1,PARK PLACE,,Non-Point Source,0.0216309687,0.0044673542,0.5937550164,0.1175698441
1,2023,1,PASCO,,Non-Point Source,0.1220650107,0.0089340631,2.9168429749,0.6604060869
1,2023,1,PINELLAS,,Non-Point Source,1.7787326036,0.8488496392,88.950962083,18.482615453
1,2023,1,PINELLAS PARK,,Non-Point Source,0.1402519035,0.0322828814,6.8252691406,1.0818977197
1,2023,1,SAFETY HARBOR,,Non-Point Source,0.15029761,0.0440968392,6.0441428715,1.1534208759
1,2023,1,ST PETERSBURG,,Non-Point Source,0.1193673201,0.0283024728,5.3857355104,0.9948168833
1,2023,1,STONEBRIAR,,Non-Point Source,0.0351129831,0.0026866946,0.9607148529,0.2031590961
1,2023,1,TARPON SPRINGS,,Non-Point Source,0,0.0271504291,2.6624972616,0.5826743872
1,2023,1,Tampa,,Non-Point Source,0.7105686617,0.1684764359,31.405016762,5.9003720136
1,2023,1,WESTCHASE,,Non-Point Source,0.0511370954,0.0101714501,1.3258698168,0.278062021
1,2023,1,WESTCHASE EAST,,Non-Point Source,0.0627974363,0.0127706772,1.7568987787,0.3557028671
1,2023,1,Clearwater,City of Clearwater East AWWTF,PS - Domestic - REUSE,0.0019558291,0.0000368658,0.0001261199,0.0002076128
1,2023,1,Clearwater,City of Clearwater Northeast AWWTF,PS - Domestic - REUSE,0.0369123933,0.0026517524,0.0678848612,0.0109252198
1,2023,1,Largo,City of Largo,PS - Domestic - REUSE,0.1002750465,0.0032985213,0.0098955638,0.0560748615
1,2023,1,Oldsmar,City of Oldsmar WRF,PS - Domestic - REUSE,0.0255258979,0.0016793354,0.0037318564,0.0074637128
1,2023,1,Hillsborough Co.,Northwest Regional WRF,PS - Domestic - REUSE,0.5236468479,0.0084299208,0.032727928,0.0272732733
1,2023,1,Pinellas Co.,On Top Of The World WWTP,PS - Domestic - REUSE,0.0526676831,0.0002421503,0.00223989,0.0038138667
1,2023,1,St. Petersburg,St Pete Facilities,PS - Domestic - REUSE,0.5164827184,0.0239991404,0.0148787886,0.0425108247
1,2023,1,Hillsborough Co.,Van Dyke WWTP,PS - Domestic - REUSE,0.0683738184,0.0100346191,0.0051903202,0.0078200825
1,2023,1,Pinellas Co.,William E. Dunn WRF (Pinellas NW),PS - Domestic - REUSE,0.0300165435,0.0051456932,0.0142935921,0.0285871843
1,2023,1,Clearwater,City of Clearwater East AWWTF,PS - Domestic - SW,0.4389749712,0.0496459789,0.1698415067,0.2795852495
1,2023,1,Clearwater,City of Clearwater Northeast AWWTF,PS - Domestic - SW,0.122291059,0.0527116634,1.3494185819,0.217172053
1,2023,1,Largo,City of Largo,PS - Domestic - SW,1.2819476528,0.0843386614,0.2530159841,1.4337572433
1,2023,1,Oldsmar,City of Oldsmar WRF,PS - Domestic - SW,0.0430748071,0.0043074807,0.0478608968,0.0957217936
1,2023,1,Hillsborough Co.,Northwest Regional WRF,PS - Domestic - SW,1.5160055476,0.146432354,0.5685020804,0.4737517336
1,2023,1,Duke Energy,Duke Energy-Bartow Plant,PS - Industrial,0.1303886053,0,0.010348302,0.0993436993
1,2023,2,Atmospheric Deposition,,Atmospheric Deposition,1.5053109012,0.0252318379,0,0
1,2023,2,Ground Water,,Ground Water,0.5487808818,0.1630811084,0,0
1,2023,2,CHEVAL WEST,,Non-Point Source,0.0073326471,0.0007614368,0.3285634229,0.0805997958
1,2023,2,CLEARWATER,,Non-Point Source,0.1286584071,0.0712096106,12.15083414,2.3106589954
1,2023,2,Conservation,,Non-Point Source,0.1654954117,0.0192856035,1.926091365,0.5690920267
1,2023,2,FDACS (Agriculture),,Non-Point Source,0.2341768048,0.0141919498,2.6487815314,0.4436813398
1,2023,2,HERITAGE HARBOR,,Non-Point Source,0.0068974363,0.000777702,0.4280807697,0.087801241
1,2023,2,HILLSBOROUGH,,Non-Point Source,1.6046009847,0.3436134756,68.067008033,13.563246848
1,2023,2,LARGO,,Non-Point Source,0.1148545722,0.0264181169,4.5727681602,0.8479785477
1,2023,2,MSGP COT,,Non-Point Source,0.0765994146,0.0125868853,1.8789652081,0.6049519262
1,2023,2,MSGP PINELLAS,,Non-Point Source,0.1039950183,0.0182749143,3.5107936175,0.8393001953
1,2023,2,MacDill AFB,,Non-Point Source,0.0074784474,0.0013499591,0.1297855445,0.0497719209
1,2023,2,None,,Non-Point Source,0.0004424885,0.000020712,0.0056461034,0.001288053
1,2023,2,OLDSMAR,,Non-Point Source,0.1077386555,0.023672869,3.6059824191,0.683085874
1,2023,2,PALM BAY,,Non-Point Source,0.0010206901,0.0002255345,0.0357553606,0.0061720696
1,2023,2,PARK PLACE,,Non-Point Source,0.0128305652,0.0026253642,0.3489365425,0.0690931677
1,2023,2,PASCO,,Non-Point Source,0.0214318319,0.0022735361,1.0917493938,0.2469505169
1,2023,2,PINELLAS,,Non-Point Source,0.4281170895,0.1779120074,22.858741224,4.5635684757
1,2023,2,PINELLAS PARK,,Non-Point Source,0.0831914283,0.0189719273,4.0110580119,0.6358070908
1,2023,2,SAFETY HARBOR,,Non-Point Source,0.0891501116,0.0259147261,3.5520075751,0.67783965
1,2023,2,ST PETERSBURG,,Non-Point Source,0.070803587,0.0166327302,3.1650762957,0.5846316311
1,2023,2,STONEBRIAR,,Non-Point Source,0.006165039,0.0006837087,0.3595873577,0.0759687786
1,2023,2,TARPON SPRINGS,,Non-Point Source,0,0.0039255713,0.4274378576,0.0927125673
1,2023,2,Tampa,,Non-Point Source,0.4207583123,0.0988294742,18.425973113,3.4620178944
1,2023,2,WESTCHASE,,Non-Point Source,0.0303323371,0.0059775337,0.7791840354,0.1634108303
1,2023,2,WESTCHASE EAST,,Non-Point Source,0.0372487523,0.0075050413,1.0324901154,0.2090386189
1,2023,2,Clearwater,City of Clearwater East AWWTF,PS - Domestic - REUSE,0.0047318445,0.0001945314,0.0003417443,0.0008990505
1,2023,2,Clearwater,City of Clearwater Northeast AWWTF,PS - Domestic - REUSE,0.0464982591,0.0100630561,0.0150367505,0.0168874274
1,2023,2,Largo,City of Largo,PS - Domestic - REUSE,0.1049312816,0.0068582537,0.0068582537,0.0342912685
1,2023,2,Oldsmar,City of Oldsmar WRF,PS - Domestic - REUSE,0.0285698259,0.0018795938,0.0041768751,0.0087714378
1,2023,2,Hillsborough Co.,Northwest Regional WRF,PS - Domestic - REUSE,0.5251944365,0.0101650536,0.0384013136,0.0446132908
1,2023,2,Pinellas Co.,On Top Of The World WWTP,PS - Domestic - REUSE,0.0661652071,0.0002051634,0.0016925983,0.0025645429
1,2023,2,St. Petersburg,St Pete Facilities,PS - Domestic - REUSE,0.5063322946,0.0281523393,0.0136540704,0.0349505021
1,2023,2,Hillsborough Co.,Van Dyke WWTP,PS - Domestic - REUSE,0.0611050543,0.0139618623,0.0048486802,0.0090547643
1,2023,2,Pinellas Co.,William E. Dunn WRF (Pinellas NW),PS - Domestic - REUSE,0.0317734599,0.0134658949,0.015130219,0.030260438
1,2023,2,Clearwater,City of Clearwater East AWWTF,PS - Domestic - SW,0.3137037681,0.0773802628,0.1359382995,0.3576222957
1,2023,2,Clearwater,City of Clearwater Northeast AWWTF,PS - Domestic - SW,0.2653688524,0.3445834352,0.5148947882,0.5782664544
1,2023,2,Largo,City of Largo,PS - Domestic - SW,0.9295445733,0.1215090946,0.1215090946,0.6075454728
1,2023,2,Oldsmar,City of Oldsmar WRF,PS - Domestic - SW,0.0250612508,0.0040483559,0.0192778852,0.0404835589
1,2023,2,Hillsborough Co.,Northwest Regional WRF,PS - Domestic - SW,0.7225701877,0.0839113766,0.316998534,0.3682777086
1,2023,2,Duke Energy,Duke Energy-Bartow Plant,PS - Industrial,0.0485101693,0,0.0093468534,0.0897297929
1,2023,3,Atmospheric Deposition,,Atmospheric Deposition,0.9853025536,0.016506047,0,0
1,2023,3,Ground Water,,Ground Water,0.5487808818,0.1630811084,0,0
1,2023,3,CHEVAL WEST,,Non-Point Source,0.0022504808,0.0008004848,0.1733273409,0.0424554332
1,2023,3,CLEARWATER,,Non-Point Source,0.097412593,0.0539084918,9.1986620514,1.7492602541
1,2023,3,Conservation,,Non-Point Source,0.099660554,0.0109091698,1.2139699269,0.3487060028
1,2023,3,FDACS (Agriculture),,Non-Point Source,0.14622614,0.0114110312,1.6989958267,0.282604121
1,2023,3,HERITAGE HARBOR,,Non-Point Source,0.0021169092,0.0008175842,0.2258258112,0.046248749
1,2023,3,HILLSBOROUGH,,Non-Point Source,1.1305116692,0.2933150886,49.18305277,9.6403456748
1,2023,3,LARGO,,Non-Point Source,0.0869611396,0.0199995594,3.461766366,0.6419533011
1,2023,3,MSGP COT,,Non-Point Source,0.05799658,0.00952877,1.4224509821,0.4579725361
1,2023,3,MSGP PINELLAS,,Non-Point Source,0.0787389229,0.0138348329,2.6578096324,0.6353834451
1,2023,3,MacDill AFB,,Non-Point Source,0.0056622413,0.0010219724,0.0982527906,0.0376793128
1,2023,3,None,,Non-Point Source,0.0003350263,0.0000156798,0.0042743236,0.0009751071
1,2023,3,OLDSMAR,,Non-Point Source,0.0811605934,0.0177994349,2.7202681094,0.5147370928
1,2023,3,PALM BAY,,Non-Point Source,0.0007728066,0.0001707385,0.0270682223,0.0046725008
1,2023,3,PARK PLACE,,Non-Point Source,0.0097145507,0.0019875045,0.2641587643,0.0523062608
1,2023,3,PASCO,,Non-Point Source,0.0065776964,0.0023901277,0.5759314829,0.1300796246
1,2023,3,PINELLAS,,Non-Point Source,0.1341532415,0.040877926,9.0690611493,1.6828777367
1,2023,3,PINELLAS PARK,,Non-Point Source,0.0629876658,0.0143624994,3.0365295662,0.4813311161
1,2023,3,SAFETY HARBOR,,Non-Point Source,0.067499231,0.0196184727,2.6890102285,0.5131514259
1,2023,3,ST PETERSBURG,,Non-Point Source,0.0536083196,0.0125916347,2.3960879455,0.4425892689
1,2023,3,STONEBRIAR,,Non-Point Source,0.0018921273,0.0007187707,0.1896934236,0.0400160742
1,2023,3,TARPON SPRINGS,,Non-Point Source,0.0003029833,0,0.0051760629,0
1,2023,3,Tampa,,Non-Point Source,0.3187672039,0.0748659396,13.957208342,2.622351514
1,2023,3,WESTCHASE,,Non-Point Source,0.022965865,0.0045252295,0.5898731342,0.123708462
1,2023,3,WESTCHASE EAST,,Non-Point Source,0.0282025686,0.0056816131,0.7816358559,0.1582505027
1,2023,3,Clearwater,City of Clearwater East AWWTF,PS - Domestic - REUSE,0.008257945,0.0003169167,0.0005251763,0.0012042836
1,2023,3,Clearwater,City of Clearwater Northeast AWWTF,PS - Domestic - REUSE,0.1144470461,0.0313553551,0.0261294626,0.0386716046
1,2023,3,Largo,City of Largo,PS - Domestic - REUSE,0.1299811409,0.0039388225,0.0078776449,0.0393882245
1,2023,3,Oldsmar,City of Oldsmar WRF,PS - Domestic - REUSE,0.0402574819,0.0026485185,0.0058855968,0.0123597532
1,2023,3,Hillsborough Co.,Northwest Regional WRF,PS - Domestic - REUSE,0.9767945948,0.0150154509,0.056900656,0.0529492216
1,2023,3,Pinellas Co.,On Top Of The World WWTP,PS - Domestic - REUSE,0.1041556597,0.0003130361,0.0017928433,0.0096756624
1,2023,3,St. Petersburg,St Pete Facilities,PS - Domestic - REUSE,0.4462767331,0.0183502714,0.0119535306,0.0317937092
1,2023,3,Hillsborough Co.,Van Dyke WWTP,PS - Domestic - REUSE,0.0844706022,0.0139896108,0.0061287819,0.0101258135
1,2023,3,Pinellas Co.,William E. Dunn WRF (Pinellas NW),PS - Domestic - REUSE,0.0493756295,0.0174485307,0.0185622667,0.0371245335
1,2023,3,Clearwater,City of Clearwater East AWWTF,PS - Domestic - SW,0.3283516227,0.0756072815,0.1252920666,0.2873076699
1,2023,3,Clearwater,City of Clearwater Northeast AWWTF,PS - Domestic - SW,0.1331438407,0.2188665875,0.1823888229,0.2699354579
1,2023,3,Largo,City of Largo,PS - Domestic - SW,0.9775264785,0.059244029,0.118488058,0.59244029
1,2023,3,Oldsmar,City of Oldsmar WRF,PS - Domestic - SW,0,0,0,0
1,2023,3,Hillsborough Co.,Northwest Regional WRF,PS - Domestic - SW,0.5145512078,0.0474586065,0.1798431406,0.1673540336
1,2023,3,Duke Energy,Duke Energy-Bartow Plant,PS - Industrial,0,0,0,0
1,2023,4,Atmospheric Deposition,,Atmospheric Deposition,4.2007943153,0.0669875393,0,0
1,2023,4,Ground Water,,Ground Water,0.5487808818,0.1630811084,0,0
1,2023,4,CHEVAL WEST,,Non-Point Source,0.0002903276,0.0003339411,0.0840844596,0.0205067722
1,2023,4,CLEARWATER,,Non-Point Source,0.0977737583,0.053360117,9.105090258,1.7314662077
1,2023,4,Conservation,,Non-Point Source,0.0986904019,0.0107009529,1.161799682,0.3316273026
1,2023,4,FDACS (Agriculture),,Non-Point Source,0.1387114852,0.0097415209,1.5009745433,0.2421532295
1,2023,4,HERITAGE HARBOR,,Non-Point Source,0.0002730959,0.0003410745,0.1095524872,0.0223390151
1,2023,4,HILLSBOROUGH,,Non-Point Source,1.096975839,0.2758635637,44.641911646,8.5723162798
1,2023,4,LARGO,,Non-Point Source,0.0872835552,0.0197961173,3.4265521485,0.6354231425
1,2023,4,MSGP COT,,Non-Point Source,0.0582116072,0.0094318403,1.4079813463,0.4533138899
1,2023,4,MSGP PINELLAS,,Non-Point Source,0.079030854,0.0136941005,2.6307735252,0.6289201173
1,2023,4,MacDill AFB,,Non-Point Source,0.0056832345,0.0010115766,0.0972533312,0.0372960265
1,2023,4,None,,Non-Point Source,0.0003362684,0.0000155203,0.0042308438,0.000965188
1,2023,4,OLDSMAR,,Non-Point Source,0.0814649469,0.0176237977,2.692425191,0.5094644096
1,2023,4,PALM BAY,,Non-Point Source,0.0007756718,0.0001690017,0.0267928755,0.0046249706
1,2023,4,PARK PLACE,,Non-Point Source,0.0097505682,0.001967287,0.2614716552,0.0517741844
1,2023,4,PASCO,,Non-Point Source,0.0008485683,0.0009970981,0.2793955486,0.0628309037
1,2023,4,PINELLAS,,Non-Point Source,0.1362357013,0.044637779,8.829757447,1.6385707223
1,2023,4,PINELLAS PARK,,Non-Point Source,0.0632211978,0.0142163993,3.0056409961,0.4764348589
1,2023,4,SAFETY HARBOR,,Non-Point Source,0.06774949,0.0194189072,2.6616567386,0.5079314821
1,2023,4,ST PETERSBURG,,Non-Point Source,0.0538070769,0.0124635485,2.3717141567,0.4380871064
1,2023,4,STONEBRIAR,,Non-Point Source,0.0002440975,0.0002998522,0.0920239641,0.019328516
1,2023,4,TARPON SPRINGS,,Non-Point Source,0.0002806071,0,0,0
1,2023,4,Tampa,,Non-Point Source,0.3200949458,0.0741388784,13.820979663,2.5967279203
1,2023,4,WESTCHASE,,Non-Point Source,0.0230510128,0.0044791974,0.5838727521,0.1224500591
1,2023,4,WESTCHASE EAST,,Non-Point Source,0.028307132,0.0056238179,0.7736848008,0.1566407269
1,2023,4,Clearwater,City of Clearwater East AWWTF,PS - Domestic - REUSE,0.0091707654,0.0004130975,0.0007573455,0.0033047803
1,2023,4,Clearwater,City of Clearwater Northeast AWWTF,PS - Domestic - REUSE,0.0857139841,0.022023732,0.016666608,0.0527775921
1,2023,4,Largo,City of Largo,PS - Domestic - REUSE,0.1330324296,0.0092383632,0.0138575447,0.0461918158
1,2023,4,Oldsmar,City of Oldsmar WRF,PS - Domestic - REUSE,0.0446956516,0.0029405034,0.006534452,0.013068904
1,2023,4,Hillsborough Co.,Northwest Regional WRF,PS - Domestic - REUSE,1.2160093156,0.0113076689,0.0452306755,0.052189241
1,2023,4,Pinellas Co.,On Top Of The World WWTP,PS - Domestic - REUSE,0.0496317917,0.0002843488,0.0015768434,0.0041359826
1,2023,4,St. Petersburg,St Pete Facilities,PS - Domestic - REUSE,0.3145174451,0.0204153806,0.011689709,0.0294715302
1,2023,4,Hillsborough Co.,Van Dyke WWTP,PS - Domestic - REUSE,0.149841744,0.0116543579,0.0068974771,0.012189507
1,2023,4,Pinellas Co.,William E. Dunn WRF (Pinellas NW),PS - Domestic - REUSE,0.0394320379,0.0110409706,0.0157728152,0.0315456303
1,2023,4,Clearwater,City of Clearwater East AWWTF,PS - Domestic - SW,0.2292691346,0.061964631,0.1136018235,0.4957170478
1,2023,4,Clearwater,City of Clearwater Northeast AWWTF,PS - Domestic - SW,0.1559255441,0.2403852139,0.1819131348,0.5760582603
1,2023,4,Largo,City of Largo,PS - Domestic - SW,0.5479926638,0.0761100922,0.1141651383,0.380550461
1,2023,4,Oldsmar,City of Oldsmar WRF,PS - Domestic - SW,0,0,0,0
1,2023,4,Hillsborough Co.,Northwest Regional WRF,PS - Domestic - SW,0.2581296309,0.0144020824,0.0576083296,0.0664711496
1,2023,4,Duke Energy,Duke Energy-Bartow Plant,PS - Industrial,0.0234338968,0,0.0162735394,0.1562259787
1,2023,5,Atmospheric Deposition,,Atmospheric Deposition,27.262093531,0.4026242448,0,0
1,2023,5,Ground Water,,Ground Water,0.5487808818,0.1630811084,0,0
1,2023,5,CHEVAL WEST,,Non-Point Source,0,0.000310035,0.0697225189,0.0169189749
1,2023,5,CLEARWATER,,Non-Point Source,0.1738744814,0.0913418664,15.586096588,2.9639244409
1,2023,5,Conservation,,Non-Point Source,0.1771141093,0.0185701709,1.9585052712,0.5580673002
1,2023,5,FDACS (Agriculture),,Non-Point Source,0.2374509232,0.0155287852,2.3414373007,0.3723573971
1,2023,5,HERITAGE HARBOR,,Non-Point Source,0,0.0003166577,0.090840512,0.0184306546
1,2023,5,HILLSBOROUGH,,Non-Point Source,1.7209084693,0.4127870169,64.52039861,12.29524666
1,2023,5,LARGO,,Non-Point Source,0.1552193877,0.0338870004,5.8655731284,1.0877175506
1,2023,5,MSGP COT,,Non-Point Source,0.1035197294,0.0161454274,2.4101829455,0.7759828704
1,2023,5,MSGP PINELLAS,,Non-Point Source,0.1405433215,0.0234415659,4.5033590115,1.0765856698
1,2023,5,MacDill AFB,,Non-Point Source,0.010106694,0.0017316171,0.1664782852,0.0638433508
1,2023,5,None,,Non-Point Source,0.0005979979,0.0000265676,0.0072423598,0.0016522091
1,2023,5,OLDSMAR,,Non-Point Source,0.1449141919,0.0301813332,4.6089074466,0.872131352
1,2023,5,PALM BAY,,Non-Point Source,0.0013794043,0.0002892972,0.0458640533,0.0079170263
1,2023,5,PARK PLACE,,Non-Point Source,0.0173397752,0.0033676025,0.4475872679,0.0886270664
1,2023,5,PASCO,,Non-Point Source,0,0.000925718,0.2316737423,0.0518382158
1,2023,5,PINELLAS,,Non-Point Source,0.2617132495,0.0863491387,15.126010268,2.8271879185
1,2023,5,PINELLAS PARK,,Non-Point Source,0.112428459,0.0243356372,5.1450572753,0.8155613528
1,2023,5,SAFETY HARBOR,,Non-Point Source,0.1204812788,0.0332412918,4.5562249068,0.8694772831
1,2023,5,ST PETERSBURG,,Non-Point Source,0.0956869997,0.0213351065,4.0599010969,0.7499176571
1,2023,5,STONEBRIAR,,Non-Point Source,0,0.0002783864,0.0763059264,0.0159468625
1,2023,5,TARPON SPRINGS,,Non-Point Source,0.0002107968,0,0,0
1,2023,5,Tampa,,Non-Point Source,0.5687976901,0.1268032976,23.640818575,4.4417974158
1,2023,5,WESTCHASE,,Non-Point Source,0.0409924193,0.0076674916,0.9994735748,0.2096100527
1,2023,5,WESTCHASE EAST,,Non-Point Source,0.0503395591,0.0096268534,1.3243939041,0.2681376494
1,2023,5,Clearwater,City of Clearwater East AWWTF,PS - Domestic - REUSE,0.0072179407,0.0009960241,0.000103483,0.0019403066
1,2023,5,Clearwater,City of Clearwater Northeast AWWTF,PS - Domestic - REUSE,0.1576887195,0.0576562114,0.0328008835,0.0429874933
1,2023,5,Largo,City of Largo,PS - Domestic - REUSE,0.1369080356,0.0253533399,0.015212004,0.0608480158
1,2023,5,Oldsmar,City of Oldsmar WRF,PS - Domestic - REUSE,0.0491052801,0.0032306105,0.0071791345,0.014358269
1,2023,5,Hillsborough Co.,Northwest Regional WRF,PS - Domestic - REUSE,1.1611136347,0.0143939707,0.0535775575,0.042382247
1,2023,5,Pinellas Co.,On Top Of The World WWTP,PS - Domestic - REUSE,0.0327834208,0.0002731952,0.0025829362,0.0037253887
1,2023,5,St. Petersburg,St Pete Facilities,PS - Domestic - REUSE,0.32258083,0.0314532293,0.0174865607,0.0414882054
1,2023,5,Hillsborough Co.,Van Dyke WWTP,PS - Domestic - REUSE,0.2424814127,0.0156776775,0.0103211377,0.0172454453
1,2023,5,Pinellas Co.,William E. Dunn WRF (Pinellas NW),PS - Domestic - REUSE,0.0296220145,0.008146054,0.0148110072,0.0296220145
1,2023,5,Clearwater,City of Clearwater East AWWTF,PS - Domestic - SW,0.1828544965,0.1513956584,0.0157294191,0.2949266072
1,2023,5,Clearwater,City of Clearwater Northeast AWWTF,PS - Domestic - SW,0.2369502452,0.5198210806,0.2957286006,0.387569781
1,2023,5,Largo,City of Largo,PS - Domestic - SW,0.4784796141,0.1772146719,0.1063288031,0.4253152125
1,2023,5,Oldsmar,City of Oldsmar WRF,PS - Domestic - SW,0,0,0,0
1,2023,5,Hillsborough Co.,Northwest Regional WRF,PS - Domestic - SW,0.3405833157,0.0253326433,0.0942937279,0.0745905609
1,2023,5,Duke Energy,Duke Energy-Bartow Plant,PS - Industrial,0.0261294626,0,0.0025870755,0.0248359248
1,2023,6,Atmospheric Deposition,,Atmospheric Deposition,16.593961379,0.2870896544,0,0
1,2023,6,Ground Water,,Ground Water,0.5487808818,0.1630811084,0,0
1,2023,6,CHEVAL WEST,,Non-Point Source,0.0169987301,0.0026722535,0.5105122351,0.1253016162
1,2023,6,CLEARWATER,,Non-Point Source,0.3297296508,0.1837199027,31.348999758,5.9614712418
1,2023,6,Conservation,,Non-Point Source,0.3512836174,0.0385695137,4.0920604132,1.1764116323
1,2023,6,FDACS (Agriculture),,Non-Point Source,0.5430691553,0.0385733382,5.5472528664,0.9193277083
1,2023,6,HERITAGE HARBOR,,Non-Point Source,0.0159898132,0.0027293362,0.6651393775,0.1364970878
1,2023,6,HILLSBOROUGH,,Non-Point Source,4.1368543445,0.958599781,156.17347568,30.560866155
1,2023,6,LARGO,,Non-Point Source,0.2943527659,0.0681584103,11.797684529,2.1877740227
1,2023,6,MSGP COT,,Non-Point Source,0.1963112928,0.0324740064,4.8477066822,1.560768386
1,2023,6,MSGP PINELLAS,,Non-Point Source,0.2665215733,0.0471490497,9.0578035218,2.1653839825
1,2023,6,MacDill AFB,,Non-Point Source,0.0191659907,0.0034828774,0.3348450778,0.128410932
1,2023,6,None,,Non-Point Source,0.0011340228,0.0000534367,0.0145668759,0.0033231607
1,2023,6,OLDSMAR,,Non-Point Source,0.2748374809,0.0607057947,9.2701151287,1.7541959407
1,2023,6,PALM BAY,,Non-Point Source,0.0026158553,0.0005818762,0.0922483822,0.0159238623
1,2023,6,PARK PLACE,,Non-Point Source,0.0328825598,0.0067734066,0.9002519055,0.1782595064
1,2023,6,PASCO,,Non-Point Source,0.0496838206,0.0079789485,1.6963282715,0.3839128695
1,2023,6,PINELLAS,,Non-Point Source,0.5087945132,0.1742593079,30.438538745,5.7160759977
1,2023,6,PINELLAS PARK,,Non-Point Source,0.2132055046,0.0489473346,10.348479388,1.6403743239
1,2023,6,SAFETY HARBOR,,Non-Point Source,0.2284765981,0.0668596684,9.1641350159,1.7488177996
1,2023,6,ST PETERSBURG,,Non-Point Source,0.1814575708,0.0429122355,8.1658571656,1.5083422792
1,2023,6,STONEBRIAR,,Non-Point Source,0.014291951,0.0023994679,0.5587163176,0.1181021694
1,2023,6,TARPON SPRINGS,,Non-Point Source,0.0002145709,0,0,0
1,2023,6,Tampa,,Non-Point Source,1.078607124,0.2550493129,47.550528296,8.9341124197
1,2023,6,WESTCHASE,,Non-Point Source,0.0777366294,0.0154219621,2.0102850434,0.4215978935
1,2023,6,WESTCHASE EAST,,Non-Point Source,0.0954622273,0.0193629126,2.6638115544,0.5393170163
1,2023,6,Clearwater,City of Clearwater East AWWTF,PS - Domestic - REUSE,0.0042586601,0.0007097767,0.0009638943,0.0013319266
1,2023,6,Clearwater,City of Clearwater Northeast AWWTF,PS - Domestic - REUSE,0.0901266169,0.0226045722,0.0218753925,0.0268338147
1,2023,6,Largo,City of Largo,PS - Domestic - REUSE,0.1440208241,0.0240034707,0.0144020824,0.0672097179
1,2023,6,Oldsmar,City of Oldsmar WRF,PS - Domestic - REUSE,0.03865917,0.0025433664,0.0056519254,0.0113038509
1,2023,6,Hillsborough Co.,Northwest Regional WRF,PS - Domestic - REUSE,0.7445925428,0.0109097808,0.0354567878,0.0436391234
1,2023,6,Pinellas Co.,On Top Of The World WWTP,PS - Domestic - REUSE,0.0335172322,0.0022876841,0.0018886694,0.0059320181
1,2023,6,St. Petersburg,St Pete Facilities,PS - Domestic - REUSE,0.4325485154,0.0280208618,0.0192200015,0.0435580061
1,2023,6,Hillsborough Co.,Van Dyke WWTP,PS - Domestic - REUSE,0.0442252212,0.007155976,0.0068336348,0.0090255553
1,2023,6,Pinellas Co.,William E. Dunn WRF (Pinellas NW),PS - Domestic - REUSE,0.030152365,0.0157552898,0.0135821464,0.0271642928
1,2023,6,Clearwater,City of Clearwater East AWWTF,PS - Domestic - SW,0.1845419373,0.1845419373,0.2506125075,0.3463009195
1,2023,6,Clearwater,City of Clearwater Northeast AWWTF,PS - Domestic - SW,0.3648903088,0.5491067753,0.5313936535,0.6518428817
1,2023,6,Largo,City of Largo,PS - Domestic - SW,0.7041435338,0.2347145113,0.1408287068,0.6572006316
1,2023,6,Oldsmar,City of Oldsmar WRF,PS - Domestic - SW,0,0,0,0
1,2023,6,Hillsborough Co.,Northwest Regional WRF,PS - Domestic - SW,0.5538536416,0.04869043,0.1582438976,0.1947617201
1,2023,6,Duke Energy,Duke Energy-Bartow Plant,PS - Industrial,0.1181709326,0,0.0100144858,0.0961390638
1,2023,7,Atmospheric Deposition,,Atmospheric Deposition,8.8828954152,0.1551982675,0,0
1,2023,7,Ground Water,,Ground Water,0.5487808818,0.1630811084,0,0
1,2023,7,CHEVAL WEST,,Non-Point Source,0.0120112536,0.0029171331,0.5763219545,0.1391393542
1,2023,7,CLEARWATER,,Non-Point Source,0.4930190842,0.2719457984,46.115327741,8.740684153
1,2023,7,Conservation,,Non-Point Source,0.5130112691,0.056698271,5.9226782758,1.6947821347
1,2023,7,FDACS (Agriculture),,Non-Point Source,0.7160621539,0.0522089461,7.4872441065,1.2253091787
1,2023,7,HERITAGE HARBOR,,Non-Point Source,0.0112764066,0.0029732822,0.7491124118,0.1512978921
1,2023,7,HILLSBOROUGH,,Non-Point Source,4.6997684257,1.1572080043,186.94415307,36.432334716
1,2023,7,LARGO,,Non-Point Source,0.4377689921,0.1003492534,17.262728008,3.1904947441
1,2023,7,MSGP COT,,Non-Point Source,0.2887793397,0.0472992726,7.0262168429,2.2508728445
1,2023,7,MSGP PINELLAS,,Non-Point Source,0.3994235757,0.0699630558,13.472067142,3.1967983038
1,2023,7,MacDill AFB,,Non-Point Source,0.0289192228,0.0052013625,0.4990914196,0.1909000819
1,2023,7,None,,Non-Point Source,0.0016945929,0.0000787152,0.0214076053,0.0048567122
1,2023,7,OLDSMAR,,Non-Point Source,0.4097479653,0.0896064755,13.597003541,2.5646997002
1,2023,7,PALM BAY,,Non-Point Source,0.0038932375,0.0008573082,0.1351696161,0.0232507592
1,2023,7,PARK PLACE,,Non-Point Source,0.0490731173,0.0100073224,1.3231398828,0.2610732349
1,2023,7,PASCO,,Non-Point Source,0.0350588334,0.0086943285,1.9141018392,0.426383495
1,2023,7,PINELLAS,,Non-Point Source,0.7665302749,0.2672782207,44.805223593,8.3925175289
1,2023,7,PINELLAS PARK,,Non-Point Source,0.3168697601,0.0719746845,15.14310341,2.3924115092
1,2023,7,SAFETY HARBOR,,Non-Point Source,0.3423752296,0.0991837985,13.516192743,2.57076933
1,2023,7,ST PETERSBURG,,Non-Point Source,0.2679038566,0.0626057294,11.885310293,2.191583212
1,2023,7,STONEBRIAR,,Non-Point Source,0.010076787,0.0026132503,0.6290279989,0.130867725
1,2023,7,TARPON SPRINGS,,Non-Point Source,0.0002300003,0,0,0
1,2023,7,Tampa,,Non-Point Source,1.6058102628,0.3758927927,69.652945025,13.041862039
1,2023,7,WESTCHASE,,Non-Point Source,0.116046128,0.0227931541,2.9542944507,0.6173800901
1,2023,7,WESTCHASE EAST,,Non-Point Source,0.1426500826,0.0286453373,3.9188488563,0.7906970291
1,2023,7,Clearwater,City of Clearwater East AWWTF,PS - Domestic - REUSE,0.0105436262,0.0006635849,0.0006144304,0.0015852305
1,2023,7,Clearwater,City of Clearwater Northeast AWWTF,PS - Domestic - REUSE,0.0839260228,0.0167506671,0.0181321654,0.026248468
1,2023,7,Largo,City of Largo,PS - Domestic - REUSE,0.1872783956,0.0394270307,0.0197135153,0.0837824401
1,2023,7,Oldsmar,City of Oldsmar WRF,PS - Domestic - REUSE,0.0342852181,0.0022556065,0.0050124588,0.0100249176
1,2023,7,Hillsborough Co.,Northwest Regional WRF,PS - Domestic - REUSE,0.6791511702,0.009966579,0.0291878386,0.0519685906
1,2023,7,Pinellas Co.,On Top Of The World WWTP,PS - Domestic - REUSE,0.0295663924,0.000363096,0.0018673511,0.0072619209
1,2023,7,St. Petersburg,St Pete Facilities,PS - Domestic - REUSE,0.4632755266,0.0212145469,0.0220887611,0.0535529803
1,2023,7,Hillsborough Co.,Van Dyke WWTP,PS - Domestic - REUSE,0.0774182344,0.0067231625,0.0037350903,0.0107298956
1,2023,7,Pinellas Co.,William E. Dunn WRF (Pinellas NW),PS - Domestic - REUSE,0.031918044,0.013071199,0.0151990686,0.0303981371
1,2023,7,Clearwater,City of Clearwater East AWWTF,PS - Domestic - SW,0.3329566171,0.1257318694,0.1164183976,0.3003594658
1,2023,7,Clearwater,City of Clearwater Northeast AWWTF,PS - Domestic - SW,0.240986083,0.2885882723,0.3123893669,0.4522207978
1,2023,7,Largo,City of Largo,PS - Domestic - SW,0.8454562741,0.3559815891,0.1779907945,0.7564608768
1,2023,7,Oldsmar,City of Oldsmar WRF,PS - Domestic - SW,0,0,0,0
1,2023,7,Hillsborough Co.,Northwest Regional WRF,PS - Domestic - SW,0.4781885681,0.0421046538,0.1233064861,0.2195456948
1,2023,7,Duke Energy,Duke Energy-Bartow Plant,PS - Industrial,0.159881266,0,0.015522453,0.1490155489
1,2023,8,Atmospheric Deposition,,Atmospheric Deposition,31.854656887,0.5026813124,0,0
1,2023,8,Ground Water,,Ground Water,0.5487808818,0.1630811084,0,0
1,2023,8,CHEVAL WEST,,Non-Point Source,0.0653906699,0.0083158737,1.6222241296,0.3919558421
1,2023,8,CLEARWATER,,Non-Point Source,1.4273483675,0.7685596977,130.32884699,24.702487078
1,2023,8,Conservation,,Non-Point Source,1.511642305,0.1607522999,16.736291977,4.7908380316
1,2023,8,FDACS (Agriculture),,Non-Point Source,2.17480288,0.1455331205,20.559175401,3.3777033904
1,2023,8,HERITAGE HARBOR,,Non-Point Source,0.0613900767,0.008475938,2.1085926379,0.4262064679
1,2023,8,HILLSBOROUGH,,Non-Point Source,13.347795901,2.8531665091,463.59361575,91.034379151
1,2023,8,LARGO,,Non-Point Source,1.2673928377,0.283602072,48.787063814,9.016817655
1,2023,8,MSGP COT,,Non-Point Source,0.8360502307,0.1336748531,19.857144787,6.3613049483
1,2023,8,MSGP PINELLAS,,Non-Point Source,1.1563783369,0.1977261106,38.074086497,9.034632462
1,2023,8,MacDill AFB,,Non-Point Source,0.0837245592,0.0146998321,1.4105073617,0.5395123224
1,2023,8,None,,Non-Point Source,0.0049060461,0.0002224611,0.06050111,0.0137257986
1,2023,8,OLDSMAR,,Non-Point Source,1.1863179856,0.2532562827,38.427202595,7.2482889323
1,2023,8,PALM BAY,,Non-Point Source,0.0112713815,0.0024228819,0.38200965,0.0657101399
1,2023,8,PARK PLACE,,Non-Point Source,0.1420724595,0.0282821972,3.739392167,0.7378321993
1,2023,8,PASCO,,Non-Point Source,0.1908643912,0.0247849292,5.3877909143,1.2011231673
1,2023,8,PINELLAS,,Non-Point Source,2.2421608356,0.76699205,126.64982986,23.765219474
1,2023,8,PINELLAS PARK,,Non-Point Source,0.917375309,0.2034112758,42.796686135,6.7613144869
1,2023,8,SAFETY HARBOR,,Non-Point Source,0.9912166499,0.2803083212,38.198792077,7.2653804944
1,2023,8,ST PETERSBURG,,Non-Point Source,0.7756132461,0.1769332004,33.589673164,6.1937435362
1,2023,8,STONEBRIAR,,Non-Point Source,0.0548592073,0.0074495947,1.7705804718,0.3686546458
1,2023,8,TARPON SPRINGS,,Non-Point Source,0.0003209471,0,0,0
1,2023,8,Tampa,,Non-Point Source,4.6446691642,1.0612693631,196.67494041,36.826278707
1,2023,8,WESTCHASE,,Non-Point Source,0.3359672205,0.064416879,8.3492801268,1.7448089223
1,2023,8,WESTCHASE EAST,,Non-Point Source,0.4129888051,0.0809560283,11.075255842,2.2346286402
1,2023,8,Clearwater,City of Clearwater East AWWTF,PS - Domestic - REUSE,0.0094376514,0.0006390076,0.0018801571,0.0016343849
1,2023,8,Clearwater,City of Clearwater Northeast AWWTF,PS - Domestic - REUSE,0.0770922629,0.0155185724,0.0220263608,0.0273660847
1,2023,8,Largo,City of Largo,PS - Domestic - REUSE,0.1405208865,0.014338866,0.019118488,0.0669147079
1,2023,8,Oldsmar,City of Oldsmar WRF,PS - Domestic - REUSE,0.034860325,0.0022934424,0.0050965387,0.0101930775
1,2023,8,Hillsborough Co.,Northwest Regional WRF,PS - Domestic - REUSE,0.5568330763,0.0098033992,0.0281030778,0.0457491964
1,2023,8,Pinellas Co.,On Top Of The World WWTP,PS - Domestic - REUSE,0.0560942646,0.0006143658,0.0015225586,0.0105243525
1,2023,8,St. Petersburg,St Pete Facilities,PS - Domestic - REUSE,0.5444684594,0.0796419189,0.0359888073,0.0552021892
1,2023,8,Hillsborough Co.,Van Dyke WWTP,PS - Domestic - REUSE,0.0715714438,0.0113831322,0.0032726505,0.006545301
1,2023,8,Pinellas Co.,William E. Dunn WRF (Pinellas NW),PS - Domestic - REUSE,0.0445390918,0.0243573159,0.0173980828,0.0347961655
1,2023,8,Clearwater,City of Clearwater East AWWTF,PS - Domestic - SW,0.3212112943,0.1304920883,0.3839478753,0.3337586105
1,2023,8,Clearwater,City of Clearwater Northeast AWWTF,PS - Domestic - SW,0.2679304744,0.3236043392,0.4593093846,0.5706571143
1,2023,8,Largo,City of Largo,PS - Domestic - SW,0.7434866932,0.1517319782,0.2023093043,0.7080825649
1,2023,8,Oldsmar,City of Oldsmar WRF,PS - Domestic - SW,0.0139702077,0.0121075133,0.0093134718,0.0186269436
1,2023,8,Hillsborough Co.,Northwest Regional WRF,PS - Domestic - SW,0.8247337993,0.0871197675,0.2497433336,0.4065589152
1,2023,8,Duke Energy,Duke Energy-Bartow Plant,PS - Industrial,0.1010252984,0,0.0142289153,0.1365975865
1,2023,9,Atmospheric Deposition,,Atmospheric Deposition,8.669923998,0.1682624996,0,0
1,2023,9,Ground Water,,Ground Water,0.5487808818,0.1630811084,0,0
1,2023,9,CHEVAL WEST,,Non-Point Source,0.0654169724,0.0079855343,1.5472300572,0.3738458265
1,2023,9,CLEARWATER,,Non-Point Source,0.7564939712,0.4227762571,71.692468774,13.588567108
1,2023,9,Conservation,,Non-Point Source,0.840534546,0.0932468483,9.6460466308,2.7829328769
1,2023,9,FDACS (Agriculture),,Non-Point Source,1.3432242867,0.0932464395,13.13556381,2.2006155949
1,2023,9,HERITAGE HARBOR,,Non-Point Source,0.06141477,0.0081392403,2.0111141538,0.4065139287
1,2023,9,HILLSBOROUGH,,Non-Point Source,9.2190730469,1.9333835748,324.50143177,64.390604616
1,2023,9,LARGO,,Non-Point Source,0.6717176148,0.1560063881,26.837228516,4.9600524602
1,2023,9,MSGP COT,,Non-Point Source,0.4431062336,0.07353307,10.923197476,3.4992840563
1,2023,9,MSGP PINELLAS,,Non-Point Source,0.612879981,0.108766964,20.944137236,4.9698521901
1,2023,9,MacDill AFB,,Non-Point Source,0.0443739775,0.0080862164,0.7759046237,0.296779809
1,2023,9,None,,Non-Point Source,0.0026002021,0.0001223734,0.0332809968,0.0075504112
1,2023,9,OLDSMAR,,Non-Point Source,0.6290299271,0.1394028955,21.146204475,3.9890855992
1,2023,9,PALM BAY,,Non-Point Source,0.005973827,0.0013328008,0.2101393171,0.036146427
1,2023,9,PARK PLACE,,Non-Point Source,0.0752983375,0.0155577264,2.0569986028,0.4058733974
1,2023,9,PASCO,,Non-Point Source,0.1909411638,0.0238003739,5.1387178209,1.1456262033
1,2023,9,PINELLAS,,Non-Point Source,1.3196196014,0.4915773516,76.471795615,14.487381921
1,2023,9,PINELLAS PARK,,Non-Point Source,0.4862084873,0.111894311,23.541987481,3.7193249146
1,2023,9,SAFETY HARBOR,,Non-Point Source,0.5253443637,0.154194532,21.012736407,3.9966060948
1,2023,9,ST PETERSBURG,,Non-Point Source,0.4110746599,0.0973290123,18.477310664,3.407110362
1,2023,9,STONEBRIAR,,Non-Point Source,0.0548812736,0.0071536673,1.688728009,0.351621244
1,2023,9,TARPON SPRINGS,,Non-Point Source,0,0.0021774772,0.2655280219,0.0558991344
1,2023,9,Tampa,,Non-Point Source,2.4631699596,0.5841790903,108.25242806,20.269390706
1,2023,9,WESTCHASE,,Non-Point Source,0.1780624707,0.0354350184,4.5928473901,0.9598002442
1,2023,9,WESTCHASE EAST,,Non-Point Source,0.2188838747,0.0445330229,6.0923767221,1.2292446968
1,2023,9,Clearwater,City of Clearwater East AWWTF,PS - Domestic - REUSE,0.0088740862,0.0006171427,0.0013832509,0.0015002952
1,2023,9,Clearwater,City of Clearwater Northeast AWWTF,PS - Domestic - REUSE,0.1185214396,0.035721045,0.0263380977,0.035721045
1,2023,9,Largo,City of Largo,PS - Domestic - REUSE,0.1280314457,0.0144396367,0.0144396367,0.0481321224
1,2023,9,Oldsmar,City of Oldsmar WRF,PS - Domestic - REUSE,0.0330079956,0.0021715787,0.0048257304,0.0096514607
1,2023,9,Hillsborough Co.,Northwest Regional WRF,PS - Domestic - REUSE,0.7453105814,0.0180317076,0.0186995486,0.0507559177
1,2023,9,Pinellas Co.,On Top Of The World WWTP,PS - Domestic - REUSE,0.0713081462,0.0003034389,0.0017447738,0.0051837482
1,2023,9,St. Petersburg,St Pete Facilities,PS - Domestic - REUSE,0.4002371875,0.0239788651,0.0290550277,0.0515705962
1,2023,9,Hillsborough Co.,Van Dyke WWTP,PS - Domestic - REUSE,0.0690999521,0.0069819743,0.0034549976,0.0056143711
1,2023,9,Pinellas Co.,William E. Dunn WRF (Pinellas NW),PS - Domestic - REUSE,0.0397324725,0.0126107413,0.017274988,0.0345499761
1,2023,9,Clearwater,City of Clearwater East AWWTF,PS - Domestic - SW,0.3410433144,0.1423058434,0.3189613732,0.3459504125
1,2023,9,Clearwater,City of Clearwater Northeast AWWTF,PS - Domestic - SW,0.4130975399,0.7470180512,0.5507967198,0.7470180512
1,2023,9,Largo,City of Largo,PS - Domestic - SW,0.6210107835,0.1400776203,0.1400776203,0.4669254011
1,2023,9,Oldsmar,City of Oldsmar WRF,PS - Domestic - SW,0,0,0,0
1,2023,9,Hillsborough Co.,Northwest Regional WRF,PS - Domestic - SW,0.9122545636,0.1324240495,0.137328644,0.3727491765
1,2023,9,Duke Energy,Duke Energy-Bartow Plant,PS - Industrial,0.0968901503,0,0.1194227433,0.2163128936
1,2023,10,Atmospheric Deposition,,Atmospheric Deposition,0.5804125737,0.013336047,0,0
1,2023,10,Ground Water,,Ground Water,0.5487808818,0.1630811084,0,0
1,2023,10,CHEVAL WEST,,Non-Point Source,0.0218362554,0.0035377416,0.6894915279,0.1664692486
1,2023,10,CLEARWATER,,Non-Point Source,0.3812349685,0.2155109948,36.545371233,6.9267977233
1,2023,10,Conservation,,Non-Point Source,0.4038066766,0.0457453208,4.7887596243,1.3751098037
1,2023,10,FDACS (Agriculture),,Non-Point Source,0.6010017141,0.0451271587,6.297331163,1.0524551695
1,2023,10,HERITAGE HARBOR,,Non-Point Source,0.020500316,0.0036058362,0.8962120173,0.181015979
1,2023,10,HILLSBOROUGH,,Non-Point Source,3.7865025346,0.8778909134,147.03332123,29.198777362
1,2023,10,LARGO,,Non-Point Source,0.3385119425,0.0795245507,13.680327875,2.5283961007
1,2023,10,MSGP COT,,Non-Point Source,0.2233032878,0.0374836212,5.5681205245,1.7837666505
1,2023,10,MSGP PINELLAS,,Non-Point Source,0.3088607301,0.0554441651,10.676313475,2.5333915315
1,2023,10,MacDill AFB,,Non-Point Source,0.0223622561,0.0041219641,0.395518846,0.1512840677
1,2023,10,None,,Non-Point Source,0.0013103713,0.0000623801,0.0169650509,0.0038488364
1,2023,10,OLDSMAR,,Non-Point Source,0.3167971671,0.0710142829,10.775317809,2.0324560111
1,2023,10,PALM BAY,,Non-Point Source,0.0030105088,0.0006793977,0.1071189134,0.0184257094
1,2023,10,PARK PLACE,,Non-Point Source,0.0379465804,0.0079305804,1.0485589191,0.2068947302
1,2023,10,PASCO,,Non-Point Source,0.0637363648,0.0105440124,2.2899648217,0.5101341777
1,2023,10,PINELLAS,,Non-Point Source,0.5708187353,0.2142626302,35.50280894,6.6422827484
1,2023,10,PINELLAS PARK,,Non-Point Source,0.245024659,0.0570383362,12.000572539,1.8959328932
1,2023,10,SAFETY HARBOR,,Non-Point Source,0.2647471752,0.0786009536,10.711282032,2.037277498
1,2023,10,ST PETERSBURG,,Non-Point Source,0.2071609834,0.0496136476,9.4188439758,1.7367809359
1,2023,10,STONEBRIAR,,Non-Point Source,0.0183194279,0.0031692089,0.7525472051,0.1565728975
1,2023,10,TARPON SPRINGS,,Non-Point Source,0.0005069793,0,0,0
1,2023,10,Tampa,,Non-Point Source,1.2405689817,0.2975982881,55.150873363,10.326685304
1,2023,10,WESTCHASE,,Non-Point Source,0.0897345425,0.0180630675,2.3412126233,0.4892599855
1,2023,10,WESTCHASE EAST,,Non-Point Source,0.11030648,0.0227007925,3.1056005297,0.6266098036
1,2023,10,Clearwater,City of Clearwater East AWWTF,PS - Domestic - REUSE,0.0167060401,0.0010865717,0.0024900602,0.0037350903
1,2023,10,Clearwater,City of Clearwater Northeast AWWTF,PS - Domestic - REUSE,0.1008959446,0.0153445916,0.012822193,0.0456133749
1,2023,10,Largo,City of Largo,PS - Domestic - REUSE,0.134505936,0.0343628304,0.0196359031,0.0490897577
1,2023,10,Oldsmar,City of Oldsmar WRF,PS - Domestic - REUSE,0.0422482365,0.0027794892,0.0061766428,0.0123532855
1,2023,10,Hillsborough Co.,Northwest Regional WRF,PS - Domestic - REUSE,0.7696591012,0.0240518469,0.0276960661,0.070697853
1,2023,10,Pinellas Co.,On Top Of The World WWTP,PS - Domestic - REUSE,0.0807167557,0.0003766782,0.0017757686,0.0092555213
1,2023,10,St. Petersburg,St Pete Facilities,PS - Domestic - REUSE,0.57891924,0.0200346024,0.0196568066,0.0499729852
1,2023,10,Hillsborough Co.,Van Dyke WWTP,PS - Domestic - REUSE,0.1025452052,0.0046179298,0.0042104654,0.0122239317
1,2023,10,Pinellas Co.,William E. Dunn WRF (Pinellas NW),PS - Domestic - REUSE,0.0703555183,0.0077056044,0.0167513139,0.0335026278
1,2023,10,Clearwater,City of Clearwater East AWWTF,PS - Domestic - SW,0.2800250523,0.1092780692,0.2504289086,0.3756433629
1,2023,10,Clearwater,City of Clearwater Northeast AWWTF,PS - Domestic - SW,0.1645380019,0.1501409268,0.1254602265,0.4463093302
1,2023,10,Largo,City of Largo,PS - Domestic - SW,0.5351883091,0.2734538806,0.1562593603,0.3906484008
1,2023,10,Oldsmar,City of Oldsmar WRF,PS - Domestic - SW,0,0,0,0
1,2023,10,Hillsborough Co.,Northwest Regional WRF,PS - Domestic - SW,0.6392767049,0.1198643822,0.1380256522,0.3523286385
1,2023,10,Duke Energy,Duke Energy-Bartow Plant,PS - Industrial,0.0308508754,0,0.0038806133,0.0372538872
1,2023,11,Atmospheric Deposition,,Atmospheric Deposition,2.8570355383,0.0615712476,0,0
1,2023,11,Ground Water,,Ground Water,0.5487808818,0.1630811084,0,0
1,2023,11,CHEVAL WEST,,Non-Point Source,0.0101125681,0.0018789963,0.3581183304,0.0878424143
1,2023,11,CLEARWATER,,Non-Point Source,0.1667399391,0.0952363213,16.250625916,3.0902944211
1,2023,11,Conservation,,Non-Point Source,0.1772802069,0.0203899569,2.1595059228,0.6223932445
1,2023,11,FDACS (Agriculture),,Non-Point Source,0.2644688849,0.021069025,2.9063034037,0.4933131467
1,2023,11,HERITAGE HARBOR,,Non-Point Source,0.009512362,0.001919134,0.4665874527,0.0956909743
1,2023,11,HILLSBOROUGH,,Non-Point Source,1.6511084242,0.3993374813,67.839616979,13.659880249
1,2023,11,LARGO,,Non-Point Source,0.1488503146,0.0353318076,6.1156578978,1.1340935119
1,2023,11,MSGP COT,,Non-Point Source,0.0992720337,0.0168338044,2.5129435851,0.8090677016
1,2023,11,MSGP PINELLAS,,Non-Point Source,0.1347764473,0.0244410212,4.6953643749,1.1224870119
1,2023,11,MacDill AFB,,Non-Point Source,0.0096919889,0.0018054464,0.1735762589,0.066565378
1,2023,11,None,,Non-Point Source,0.0005734604,0.0000277004,0.0075511453,0.0017226528
1,2023,11,OLDSMAR,,Non-Point Source,0.1389541469,0.031471994,4.8054123527,0.9093141437
1,2023,11,PALM BAY,,Non-Point Source,0.0013228036,0.0003016317,0.0478195146,0.0082545769
1,2023,11,PARK PLACE,,Non-Point Source,0.0166282772,0.0035111837,0.4666706134,0.092405773
1,2023,11,PASCO,,Non-Point Source,0.0295569737,0.0056104014,1.1899543372,0.2691412477
1,2023,11,PINELLAS,,Non-Point Source,0.2446126902,0.0929932821,15.770388409,2.9466664665
1,2023,11,PINELLAS PARK,,Non-Point Source,0.107815214,0.0253732122,5.364422107,0.8503336536
1,2023,11,SAFETY HARBOR,,Non-Point Source,0.1155376047,0.0346585687,4.7504842622,0.9065483453
1,2023,11,ST PETERSBURG,,Non-Point Source,0.0917607022,0.0222447508,4.232999174,0.7818911711
1,2023,11,STONEBRIAR,,Non-Point Source,0.0085023015,0.001687187,0.3919329274,0.0827952584
1,2023,11,TARPON SPRINGS,,Non-Point Source,0.0002964636,0,0,0
1,2023,11,Tampa,,Non-Point Source,0.5441915872,0.1318931648,24.596027857,4.6215279302
1,2023,11,WESTCHASE,,Non-Point Source,0.039310389,0.007994403,1.0420871631,0.2185469938
1,2023,11,WESTCHASE EAST,,Non-Point Source,0.0482739903,0.0100373043,1.3808608062,0.2795699751
1,2023,11,Clearwater,City of Clearwater East AWWTF,PS - Domestic - REUSE,0.0139927403,0.0004606663,0.000734187,0.002202561
1,2023,11,Clearwater,City of Clearwater Northeast AWWTF,PS - Domestic - REUSE,0.251091951,0.0826864798,0.028505608,0.0464985094
1,2023,11,Largo,City of Largo,PS - Domestic - REUSE,0.1412443079,0.0344498312,0.0129186867,0.0473685179
1,2023,11,Oldsmar,City of Oldsmar WRF,PS - Domestic - REUSE,0.0381454268,0.0025095676,0.0055768168,0.0122689969
1,2023,11,Hillsborough Co.,Northwest Regional WRF,PS - Domestic - REUSE,0.4829831284,0.0194303557,0.0235940034,0.105479074
1,2023,11,Pinellas Co.,On Top Of The World WWTP,PS - Domestic - REUSE,0.0860144187,0.0002047962,0.0015103722,0.0112125939
1,2023,11,St. Petersburg,St Pete Facilities,PS - Domestic - REUSE,0.5607739918,0.0268764965,0.0205015552,0.0448858267
1,2023,11,Hillsborough Co.,Van Dyke WWTP,PS - Domestic - REUSE,0.1057780064,0.0046942902,0.00350507,0.0100144858
1,2023,11,Pinellas Co.,William E. Dunn WRF (Pinellas NW),PS - Domestic - REUSE,0.041660261,0.0052876485,0.0160231773,0.0320463546
1,2023,11,Clearwater,City of Clearwater East AWWTF,PS - Domestic - SW,0.3325810739,0.0656950269,0.1047014492,0.3141043476
1,2023,11,Clearwater,City of Clearwater Northeast AWWTF,PS - Domestic - SW,0.4145997127,0.8191849396,0.2824085,0.4606663475
1,2023,11,Largo,City of Largo,PS - Domestic - SW,0.7164863876,0.3495055549,0.1310645831,0.480570138
1,2023,11,Oldsmar,City of Oldsmar WRF,PS - Domestic - SW,0,0,0,0
1,2023,11,Hillsborough Co.,Northwest Regional WRF,PS - Domestic - SW,0.350537047,0.0846123906,0.1027436172,0.4593244064
1,2023,11,Duke Energy,Duke Energy-Bartow Plant,PS - Industrial,0.0059035394,0,0.0112662965,0.0721042979
1,2023,12,Atmospheric Deposition,,Atmospheric Deposition,4.4923139372,0.1191572331,0,0
1,2023,12,Ground Water,,Ground Water,0.5487808818,0.1630811084,0,0
1,2023,12,CHEVAL WEST,,Non-Point Source,0.0116825294,0.0019131023,0.3633796761,0.0891789712
1,2023,12,CLEARWATER,,Non-Point Source,0.1941320113,0.1119890908,19.109230572,3.6338999453
1,2023,12,Conservation,,Non-Point Source,0.2127648935,0.0248656014,2.5772067999,0.7445766189
1,2023,12,FDACS (Agriculture),,Non-Point Source,0.3278379007,0.0244511494,3.5067566559,0.584951836
1,2023,12,HERITAGE HARBOR,,Non-Point Source,0.0109891423,0.0019539685,0.4734423878,0.0971469501
1,2023,12,HILLSBOROUGH,,Non-Point Source,2.3998504733,0.5738640996,94.567582184,18.644900281
1,2023,12,LARGO,,Non-Point Source,0.1733034755,0.0415469325,7.1914471153,1.3335889043
1,2023,12,MSGP COT,,Non-Point Source,0.1155804642,0.0197949944,2.9549888496,0.9513886627
1,2023,12,MSGP PINELLAS,,Non-Point Source,0.1569175503,0.0287403767,5.5213135126,1.3199407355
1,2023,12,MacDill AFB,,Non-Point Source,0.0112841909,0.0021230377,0.2041095999,0.0782747177
1,2023,12,None,,Non-Point Source,0.0006676686,0.0000325731,0.0088794473,0.0020256801
1,2023,12,OLDSMAR,,Non-Point Source,0.1618966374,0.0370420087,5.6534954542,1.0699662879
1,2023,12,PALM BAY,,Non-Point Source,0.001540114,0.0003546909,0.056231319,0.0097066177
1,2023,12,PARK PLACE,,Non-Point Source,0.019359974,0.0041288268,0.5487614076,0.1086606283
1,2023,12,PASCO,,Non-Point Source,0.0341456506,0.0057122367,1.2074367185,0.2732363377
1,2023,12,PINELLAS,,Non-Point Source,0.3377617913,0.135415873,20.925025563,3.9827087515
1,2023,12,PINELLAS PARK,,Non-Point Source,0.1255271199,0.0298365469,6.308063422,0.9999135992
1,2023,12,SAFETY HARBOR,,Non-Point Source,0.1345181466,0.0407552659,5.5861293936,1.0660168687
1,2023,12,ST PETERSBURG,,Non-Point Source,0.1068351697,0.0261577661,4.9776148711,0.9194315805
1,2023,12,STONEBRIAR,,Non-Point Source,0.0098222713,0.0017178114,0.3976910651,0.0840550208
1,2023,12,TARPON SPRINGS,,Non-Point Source,0,0.0007616146,0.0913626436,0.0191601482
1,2023,12,Tampa,,Non-Point Source,0.6347542192,0.1553992072,28.973482342,5.4437894726
1,2023,12,WESTCHASE,,Non-Point Source,0.045768308,0.0094006773,1.2253979618,0.2569910178
1,2023,12,WESTCHASE EAST,,Non-Point Source,0.0562044515,0.0118029399,1.6237643812,0.3287483905
1,2023,12,Clearwater,City of Clearwater East AWWTF,PS - Domestic - REUSE,0.0132561749,0.00019015,0.0005432859,0.0017022957
1,2023,12,Clearwater,City of Clearwater Northeast AWWTF,PS - Domestic - REUSE,0.1855010747,0.0156388714,0.0135937882,0.0298341547
1,2023,12,Largo,City of Largo,PS - Domestic - REUSE,0.1402220793,0.0039388225,0.0196941123,0.0393882245
1,2023,12,Oldsmar,City of Oldsmar WRF,PS - Domestic - REUSE,0.0326041364,0.002145009,0.0047666866,0.0095333732
1,2023,12,Hillsborough Co.,Northwest Regional WRF,PS - Domestic - REUSE,0.4622462328,0.0144451948,0.0181902453,0.0588507935
1,2023,12,Pinellas Co.,On Top Of The World WWTP,PS - Domestic - REUSE,0.1223324522,0.0013209608,0.0016655592,0.0130660248
1,2023,12,St. Petersburg,St Pete Facilities,PS - Domestic - REUSE,0.5205097601,0.0198675498,0.016095335,0.0461505294
1,2023,12,Hillsborough Co.,Van Dyke WWTP,PS - Domestic - REUSE,0.1013758471,0.0043003663,0.0044413619,0.0070497807
1,2023,12,Pinellas Co.,William E. Dunn WRF (Pinellas NW),PS - Domestic - REUSE,0.0326670024,0.0052213651,0.0133881157,0.0267762314
1,2023,12,Clearwater,City of Clearwater East AWWTF,PS - Domestic - SW,0.5586530839,0.0480807982,0.1373737092,0.430437622
1,2023,12,Clearwater,City of Clearwater Northeast AWWTF,PS - Domestic - SW,1.0737786225,0.5431565017,0.4721283438,1.0361754801
1,2023,12,Largo,City of Largo,PS - Domestic - SW,1.192693548,0.0670052555,0.3350262775,0.670052555
1,2023,12,Oldsmar,City of Oldsmar WRF,PS - Domestic - SW,0.0045532529,0.0012521445,0.0056915661,0.0113831322
1,2023,12,Hillsborough Co.,Northwest Regional WRF,PS - Domestic - SW,1.0578241279,0.198342024,0.2497640302,0.8080600977
1,2023,12,Duke Energy,Duke Energy-Bartow Plant,PS - Industrial,0.0248876663,0,0.0025870755,0.0248359248
1,2024,1,Atmospheric Deposition,,Atmospheric Deposition,6.6181678328,0.1218753406,0,0
1,2024,1,Ground Water,,Ground Water,0.5487808818,0.1630811084,0,0
1,2024,1,CHEVAL WEST,,Non-Point Source,0.0176138051,0.0022507625,0.4993240699,0.1224563337
1,2024,1,CLEARWATER,,Non-Point Source,0.5752055888,0.1421752545,24.260039076,4.6134015883
1,2024,1,Conservation,,Non-Point Source,0.4254087704,0.0566871443,4.7913492019,1.4514799701
1,2024,1,FDACS (Agriculture),,Non-Point Source,0.5452266503,0.0317802492,5.6365772294,0.9109939464
1,2024,1,HERITAGE HARBOR,,Non-Point Source,0.016568382,0.0022988416,0.6505624708,0.1333975845
1,2024,1,HILLSBOROUGH,,Non-Point Source,3.5100590182,0.6793605297,116.8629991,23.173179076
1,2024,1,LARGO,,Non-Point Source,0.248810805,0.0527457243,9.1298698488,1.6930518897
1,2024,1,MSGP COT,,Non-Point Source,0.1504163931,0.0251306475,3.7514930124,1.207831265
1,2024,1,MSGP PINELLAS,,Non-Point Source,0.2042124687,0.036487218,7.0095591271,1.6757249174
1,2024,1,MacDill AFB,,Non-Point Source,0.0159662384,0.0026952931,0.2591264389,0.0993733213
1,2024,1,None,,Non-Point Source,0.0008689037,0.000041353,0.011272863,0.0025716932
1,2024,1,OLDSMAR,,Non-Point Source,0.2351290168,0.0478308568,7.2451354275,1.375110228
1,2024,1,PALM BAY,,Non-Point Source,0.0020043041,0.0004502963,0.0713882221,0.0123229935
1,2024,1,PARK PLACE,,Non-Point Source,0.0251950663,0.0052417337,0.6966776157,0.1379496196
1,2024,1,PASCO,,Non-Point Source,0.0514815595,0.0067204396,1.6591522754,0.3751951803
1,2024,1,PINELLAS,,Non-Point Source,2.8209074794,0.7910843047,84.682181927,17.487725526
1,2024,1,PINELLAS PARK,,Non-Point Source,0.181039439,0.0378788561,8.0083739917,1.2694358833
1,2024,1,SAFETY HARBOR,,Non-Point Source,0.2342504188,0.0517406674,7.0918458419,1.3533569964
1,2024,1,ST PETERSBURG,,Non-Point Source,0.1585211587,0.0332084761,6.3193089238,1.1672602927
1,2024,1,STONEBRIAR,,Non-Point Source,0.0148090851,0.0020210031,0.5464717326,0.1154203681
1,2024,1,TARPON SPRINGS,,Non-Point Source,0.0837959845,0.0241759613,2.3628664621,0.5172067753
1,2024,1,Tampa,,Non-Point Source,0.9148232327,0.1971913644,36.767324727,6.9082421315
1,2024,1,WESTCHASE,,Non-Point Source,0.0595628669,0.0119345882,1.5556985576,0.326261809
1,2024,1,WESTCHASE EAST,,Non-Point Source,0.073144462,0.0149843701,2.0614428817,0.4173610638
1,2024,1,Clearwater,City of Clearwater East AWWTF,PS - Domestic - REUSE,0.0020489638,0.0000329852,0.0001008959,0.0002464189
1,2024,1,Clearwater,City of Clearwater Northeast AWWTF,PS - Domestic - REUSE,0.1003410169,0.0019674709,0.0065077884,0.0149073758
1,2024,1,Largo,City of Largo,PS - Domestic - REUSE,0.1505057044,0,0.0149015549,0.0372538872
1,2024,1,Oldsmar,City of Oldsmar WRF,PS - Domestic - REUSE,0.0319859547,0.0012563485,0.0033955366,0.0067910732
1,2024,1,Hillsborough Co.,Northwest Regional WRF,PS - Domestic - REUSE,0.4288011674,0.0133761505,0.0187266107,0.0565620078
1,2024,1,Pinellas Co.,On Top Of The World WWTP,PS - Domestic - REUSE,0.1800604549,0.0013204433,0.003151058,0.010683587
1,2024,1,St. Petersburg,St Pete Facilities,PS - Domestic - REUSE,0.2932712929,0.0104633337,0.0093082977,0.0328981834
1,2024,1,Hillsborough Co.,Van Dyke WWTP,PS - Domestic - REUSE,0.1127512181,0.0080212276,0.0043133016,0.0154370795
1,2024,1,Pinellas Co.,William E. Dunn WRF (Pinellas NW),PS - Domestic - REUSE,0.0256586148,0.0022119496,0.0110597478,0.0221194955
1,2024,1,Clearwater,City of Clearwater East AWWTF,PS - Domestic - SW,0.4439421562,0.0428807764,0.131164728,0.320344624
1,2024,1,Clearwater,City of Clearwater Northeast AWWTF,PS - Domestic - SW,1.1520635272,0.1355368856,0.4483143138,1.0269525559
1,2024,1,Largo,City of Largo,PS - Domestic - SW,1.727157476,0,0.3420113814,0.8550284534
1,2024,1,Oldsmar,City of Oldsmar WRF,PS - Domestic - SW,0.0560748615,0.0125343808,0.0329852127,0.0659704253
1,2024,1,Hillsborough Co.,Northwest Regional WRF,PS - Domestic - SW,2.1005863022,0.3931578641,0.5504210097,1.6624961109
1,2024,1,Duke Energy,Duke Energy-Bartow Plant,PS - Industrial,0.165055417,0,0.0142289153,0.1365975865
1,2024,2,Atmospheric Deposition,,Atmospheric Deposition,6.6719594763,0.1306593007,0,0
1,2024,2,Ground Water,,Ground Water,0.5487808818,0.1630811084,0,0
1,2024,2,CHEVAL WEST,,Non-Point Source,0.0274600018,0.0030465752,0.5764375948,0.141491286
1,2024,2,CLEARWATER,,Non-Point Source,0.5919520172,0.1473518975,25.143354267,4.7813769032
1,2024,2,Conservation,,Non-Point Source,0.4178338308,0.0547309408,4.7243167568,1.42427729
1,2024,2,FDACS (Agriculture),,Non-Point Source,0.5934824841,0.0353594125,5.8088281662,0.9485757962
1,2024,2,HERITAGE HARBOR,,Non-Point Source,0.0258301825,0.0031116539,0.7510326229,0.1541332751
1,2024,2,HILLSBOROUGH,,Non-Point Source,4.2610597616,0.7751122185,129.41705405,25.702914774
1,2024,2,LARGO,,Non-Point Source,0.2560546364,0.0546662117,9.4622911076,1.7546964092
1,2024,2,MSGP COT,,Non-Point Source,0.154795588,0.0260456618,3.8880859814,1.2518087582
1,2024,2,MSGP PINELLAS,,Non-Point Source,0.2101578725,0.0378157284,7.264779246,1.7367385568
1,2024,2,MacDill AFB,,Non-Point Source,0.0164310765,0.0027934295,0.2685613091,0.1029915333
1,2024,2,None,,Non-Point Source,0.0008942008,0.0000428587,0.0116833112,0.0026653293
1,2024,2,OLDSMAR,,Non-Point Source,0.2414376503,0.0494309149,7.4969577163,1.422221465
1,2024,2,PALM BAY,,Non-Point Source,0.002062657,0.0004666917,0.0739874884,0.0127716774
1,2024,2,PARK PLACE,,Non-Point Source,0.0259285908,0.0054325868,0.7220438535,0.142972406
1,2024,2,PASCO,,Non-Point Source,0.0802599842,0.0090966171,1.9153848264,0.4335165599
1,2024,2,PINELLAS,,Non-Point Source,2.5190866022,0.7109806928,77.495280623,15.928478456
1,2024,2,PINELLAS PARK,,Non-Point Source,0.1863101875,0.0392580364,8.299961255,1.3156564188
1,2024,2,SAFETY HARBOR,,Non-Point Source,0.2410703419,0.0536245603,7.3500620444,1.4026331246
1,2024,2,ST PETERSBURG,,Non-Point Source,0.1631363141,0.0344176066,6.5493968289,1.2097605848
1,2024,2,STONEBRIAR,,Non-Point Source,0.0230874306,0.0027355787,0.6308665456,0.1333616303
1,2024,2,TARPON SPRINGS,,Non-Point Source,0.0711606439,0.0209739059,2.0518392807,0.4489725222
1,2024,2,Tampa,,Non-Point Source,0.9417419085,0.2044380787,38.117184363,7.1618134731
1,2024,2,WESTCHASE,,Non-Point Source,0.0612969691,0.0123691301,1.6123420017,0.3381410979
1,2024,2,WESTCHASE EAST,,Non-Point Source,0.0752739763,0.0155299555,2.1365006261,0.4325573035
1,2024,2,Clearwater,City of Clearwater East AWWTF,PS - Domestic - REUSE,0.0018659491,0.0000411428,0.0000677647,0.0001706218
1,2024,2,Clearwater,City of Clearwater Northeast AWWTF,PS - Domestic - REUSE,0.1220345212,0.0140563323,0.0106487366,0.0158666175
1,2024,2,Largo,City of Largo,PS - Domestic - REUSE,0.1226782858,0.0016578147,0.0132625174,0.0397875521
1,2024,2,Oldsmar,City of Oldsmar WRF,PS - Domestic - REUSE,0.0340259806,0.0013364769,0.0036120999,0.0072241997
1,2024,2,Hillsborough Co.,Northwest Regional WRF,PS - Domestic - REUSE,0.4345239954,0.0096027402,0.020405823,0.0348099333
1,2024,2,Pinellas Co.,On Top Of The World WWTP,PS - Domestic - REUSE,0.3345276396,0.0007184872,0.0016094113,0.0083344515
1,2024,2,St. Petersburg,St Pete Facilities,PS - Domestic - REUSE,0.3272970506,0.0093050596,0.0107134035,0.0368264289
1,2024,2,Hillsborough Co.,Van Dyke WWTP,PS - Domestic - REUSE,0.0857658925,0.004351461,0.0035092427,0.0086327371
1,2024,2,Pinellas Co.,William E. Dunn WRF (Pinellas NW),PS - Domestic - REUSE,0.024678447,0.002515764,0.0119798287,0.0239596573
1,2024,2,Clearwater,City of Clearwater East AWWTF,PS - Domestic - SW,0.6126532778,0.0810514064,0.1334964341,0.3361249501
1,2024,2,Clearwater,City of Clearwater Northeast AWWTF,PS - Domestic - SW,0.7927621361,0.5478774972,0.41505871,0.6184374779
1,2024,2,Largo,City of Largo,PS - Domestic - SW,1.4439323781,0.0390251994,0.3122015953,0.9366047858
1,2024,2,Oldsmar,City of Oldsmar WRF,PS - Domestic - SW,0.0487905749,0.0027105875,0.0271058749,0.0542117499
1,2024,2,Hillsborough Co.,Northwest Regional WRF,PS - Domestic - SW,1.7467255726,0.2316100207,0.4921712939,0.839586325
1,2024,2,Duke Energy,Duke Energy-Bartow Plant,PS - Industrial,0.0393035187,0,0.0145210044,0.0929344284
1,2024,3,Atmospheric Deposition,,Atmospheric Deposition,10.37079887,0.1737343445,0,0
1,2024,3,Ground Water,,Ground Water,0.5487808818,0.1630811084,0,0
1,2024,3,CHEVAL WEST,,Non-Point Source,0.0257380828,0.0020815666,0.5603188055,0.1375167591
1,2024,3,CLEARWATER,,Non-Point Source,0.5569512233,0.1353767342,23.099975257,4.3927984703
1,2024,3,Conservation,,Non-Point Source,0.3370711434,0.0397231981,3.7464595878,1.1108063897
1,2024,3,FDACS (Agriculture),,Non-Point Source,0.5132645198,0.0291208127,4.8995787463,0.8154826651
1,2024,3,HERITAGE HARBOR,,Non-Point Source,0.0242104636,0.0021260314,0.7300316738,0.1498036315
1,2024,3,HILLSBOROUGH,,Non-Point Source,3.8713769135,0.6381616708,116.51018046,23.250973667
1,2024,3,LARGO,,Non-Point Source,0.2409147006,0.0502235352,8.6932987597,1.6120937249
1,2024,3,MSGP COT,,Non-Point Source,0.1456428724,0.0239289531,3.5721045416,1.1500753254
1,2024,3,MSGP PINELLAS,,Non-Point Source,0.1977317093,0.0347424763,6.6743768175,1.5955952919
1,2024,3,MacDill AFB,,Non-Point Source,0.0154595438,0.0025664099,0.24673556,0.094621499
1,2024,3,None,,Non-Point Source,0.0008413288,0.0000393756,0.0107338185,0.0024487202
1,2024,3,OLDSMAR,,Non-Point Source,0.2260580511,0.045090306,6.8603532283,1.2998854254
1,2024,3,PALM BAY,,Non-Point Source,0.0019406967,0.0004287641,0.0679745881,0.011733734
1,2024,3,PARK PLACE,,Non-Point Source,0.0243954914,0.0049910851,0.6633639638,0.1313531602
1,2024,3,PASCO,,Non-Point Source,0.0752271662,0.0062152459,1.8618253696,0.4213389674
1,2024,3,PINELLAS,,Non-Point Source,1.5806477477,0.4042510828,47.755868701,9.618605388
1,2024,3,PINELLAS PARK,,Non-Point Source,0.1752940844,0.0360675692,7.6254304654,1.208734141
1,2024,3,SAFETY HARBOR,,Non-Point Source,0.2268163938,0.049266538,6.7527287554,1.2886423239
1,2024,3,ST PETERSBURG,,Non-Point Source,0.1534904301,0.031620517,6.0171329208,1.1114443714
1,2024,3,STONEBRIAR,,Non-Point Source,0.0216397,0.0018690788,0.6132257723,0.1296154676
1,2024,3,TARPON SPRINGS,,Non-Point Source,0.0359552907,0.0099377065,0.9788107583,0.2136358921
1,2024,3,Tampa,,Non-Point Source,0.8857473221,0.187749878,35.007154088,6.5775322712
1,2024,3,WESTCHASE,,Non-Point Source,0.0576726169,0.0113639014,1.481308339,0.3106606585
1,2024,3,WESTCHASE EAST,,Non-Point Source,0.0708231951,0.0142678492,1.962869038,0.3974037394
1,2024,3,Clearwater,City of Clearwater East AWWTF,PS - Domestic - REUSE,0.0025612047,0.0002095531,0.0002444786,0.000265822
1,2024,3,Clearwater,City of Clearwater Northeast AWWTF,PS - Domestic - REUSE,0.140074616,0.0318572477,0.021278696,0.0240753246
1,2024,3,Largo,City of Largo,PS - Domestic - REUSE,0.1255637095,0,0.0147722011,0.0369305028
1,2024,3,Oldsmar,City of Oldsmar WRF,PS - Domestic - REUSE,0.0376520382,0.0014789017,0.0039970317,0.0083937665
1,2024,3,Hillsborough Co.,Northwest Regional WRF,PS - Domestic - REUSE,0.5312753574,0.0147576488,0.0236122381,0.0572596774
1,2024,3,Pinellas Co.,On Top Of The World WWTP,PS - Domestic - REUSE,0.2474123786,0.0002499115,0.0026240707,0.0125892915
1,2024,3,St. Petersburg,St Pete Facilities,PS - Domestic - REUSE,0.3657778092,0.0166546297,0.0109166308,0.0373906918
1,2024,3,Hillsborough Co.,Van Dyke WWTP,PS - Domestic - REUSE,0.0882024586,0.0050027573,0.0048488263,0.0100055145
1,2024,3,Pinellas Co.,William E. Dunn WRF (Pinellas NW),PS - Domestic - REUSE,0.0267891668,0.0032428991,0.0140995615,0.028199123
1,2024,3,Clearwater,City of Clearwater East AWWTF,PS - Domestic - SW,0.5150867325,0.2528607596,0.2950042195,0.3207585561
1,2024,3,Clearwater,City of Clearwater Northeast AWWTF,PS - Domestic - SW,0.8419378514,1.1488943597,0.7673912708,0.8682484093
1,2024,3,Largo,City of Largo,PS - Domestic - SW,1.4007720306,0,0.329593419,0.8239835474
1,2024,3,Oldsmar,City of Oldsmar WRF,PS - Domestic - SW,0.0705366136,0.0024085673,0.0172040521,0.0344081042
1,2024,3,Hillsborough Co.,Northwest Regional WRF,PS - Domestic - SW,1.066974614,0.1778291023,0.2845265637,0.689976917
1,2024,3,Duke Energy,Duke Energy-Bartow Plant,PS - Industrial,0.0776122651,0,0.0038806133,0.0372538872
1,2024,4,Atmospheric Deposition,,Atmospheric Deposition,6.5273644424,0.1040879532,0,0
1,2024,4,Ground Water,,Ground Water,0.5487808818,0.1630811084,0,0
1,2024,4,CHEVAL WEST,,Non-Point Source,0.0185226586,0.0019872733,0.4215922278,0.1034281022
1,2024,4,CLEARWATER,,Non-Point Source,0.4683797471,0.1122735267,19.157765213,3.6431295179
1,2024,4,Conservation,,Non-Point Source,0.2417028423,0.0266163531,2.7059091488,0.7872674629
1,2024,4,FDACS (Agriculture),,Non-Point Source,0.3797678865,0.0244023521,3.6015319592,0.6059681117
1,2024,4,HERITAGE HARBOR,,Non-Point Source,0.0174232927,0.0020297239,0.5492867217,0.1126692151
1,2024,4,HILLSBOROUGH,,Non-Point Source,2.8406412538,0.4949717081,85.825517879,17.18079583
1,2024,4,LARGO,,Non-Point Source,0.202602242,0.0416524557,7.2097123357,1.3369760244
1,2024,4,MSGP COT,,Non-Point Source,0.1224814111,0.0198452708,2.9624940877,0.9538050503
1,2024,4,MSGP PINELLAS,,Non-Point Source,0.1662866049,0.028813373,5.5353368387,1.3232931913
1,2024,4,MacDill AFB,,Non-Point Source,0.0130010258,0.0021284299,0.2046280083,0.078473524
1,2024,4,None,,Non-Point Source,0.000707533,0.0000326558,0.0089019998,0.002030825
1,2024,4,OLDSMAR,,Non-Point Source,0.1893325706,0.0371886169,5.6722962591,1.0737765343
1,2024,4,PALM BAY,,Non-Point Source,0.0016320694,0.0003555918,0.0563741383,0.0097312711
1,2024,4,PARK PLACE,,Non-Point Source,0.0205158973,0.0041393134,0.5501551811,0.1089366103
1,2024,4,PASCO,,Non-Point Source,0.0541379528,0.0059337003,1.400865182,0.3168943922
1,2024,4,PINELLAS,,Non-Point Source,0.7745545694,0.1761942578,24.787512885,4.8043150821
1,2024,4,PINELLAS PARK,,Non-Point Source,0.1474172162,0.0299123274,6.3240849775,1.002453233
1,2024,4,SAFETY HARBOR,,Non-Point Source,0.1907459769,0.0408587783,5.6003173425,1.0687243951
1,2024,4,ST PETERSBURG,,Non-Point Source,0.1290809784,0.026224203,4.9902572825,0.9217668018
1,2024,4,STONEBRIAR,,Non-Point Source,0.015573218,0.001784411,0.461400219,0.0974854405
1,2024,4,TARPON SPRINGS,,Non-Point Source,0.008457217,0.0022792053,0.2388689036,0.0513826813
1,2024,4,Tampa,,Non-Point Source,0.7443257581,0.1555833072,29.011980366,5.4511954104
1,2024,4,WESTCHASE,,Non-Point Source,0.04850099,0.0094245536,1.2285102928,0.2576437373
1,2024,4,WESTCHASE EAST,,Non-Point Source,0.059560243,0.0118329177,1.6278885044,0.3295833632
1,2024,4,Clearwater,City of Clearwater East AWWTF,PS - Domestic - REUSE,0.0047844206,0.0001445841,0.0002628803,0.0006966327
1,2024,4,Clearwater,City of Clearwater Northeast AWWTF,PS - Domestic - REUSE,0.0793447711,0.0128761251,0.0078300761,0.0119191158
1,2024,4,Largo,City of Largo,PS - Domestic - REUSE,0.1454241039,0,0.0121863774,0.0446833839
1,2024,4,Oldsmar,City of Oldsmar WRF,PS - Domestic - REUSE,0.0464017445,0.0018225738,0.0049258752,0.0098517504
1,2024,4,Hillsborough Co.,Northwest Regional WRF,PS - Domestic - REUSE,0.4984915611,0.0121757996,0.0444058575,0.0716223507
1,2024,4,Pinellas Co.,On Top Of The World WWTP,PS - Domestic - REUSE,0.1580961839,0.0002444786,0.0016026933,0.0085295879
1,2024,4,St. Petersburg,St Pete Facilities,PS - Domestic - REUSE,0.3281753811,0.0272885926,0.016067241,0.0416999184
1,2024,4,Hillsborough Co.,Van Dyke WWTP,PS - Domestic - REUSE,0.0846574558,0.0052275616,0.0037028561,0.0105277282
1,2024,4,Pinellas Co.,William E. Dunn WRF (Pinellas NW),PS - Domestic - REUSE,0.0280568338,0.0051286685,0.0150843193,0.0301686385
1,2024,4,Clearwater,City of Clearwater East AWWTF,PS - Domestic - SW,0.3804753523,0.0689872892,0.1254314348,0.3323933023
1,2024,4,Clearwater,City of Clearwater Northeast AWWTF,PS - Domestic - SW,0.7097266097,0.6910495936,0.420232861,0.6396877995
1,2024,4,Largo,City of Largo,PS - Domestic - SW,1.0509076233,0,0.1761297693,0.645809154
1,2024,4,Oldsmar,City of Oldsmar WRF,PS - Domestic - SW,0.0132191213,0.0050473009,0.012017383,0.024034766
1,2024,4,Hillsborough Co.,Northwest Regional WRF,PS - Domestic - SW,0.4495702972,0.0658853022,0.2402875726,0.387560601
1,2024,4,Duke Energy,Duke Energy-Bartow Plant,PS - Industrial,0.1656145592,0,0.0087626751,0.0841216808
1,2024,5,Atmospheric Deposition,,Atmospheric Deposition,6.9275539437,0.1061728016,0,0
1,2024,5,Ground Water,,Ground Water,0.5487808818,0.1630811084,0,0
1,2024,5,CHEVAL WEST,,Non-Point Source,0.0008226434,0.0004207174,0.0767634581,0.0187274398
1,2024,5,CLEARWATER,,Non-Point Source,0.3618296557,0.0853457589,14.562952284,2.7693585731
1,2024,5,Conservation,,Non-Point Source,0.1624171853,0.0173936716,1.8346212068,0.5228057629
1,2024,5,FDACS (Agriculture),,Non-Point Source,0.207995579,0.0143194003,2.0449938758,0.3292302978
1,2024,5,HERITAGE HARBOR,,Non-Point Source,0.0007738174,0.0004297045,0.100014055,0.0204007025
1,2024,5,HILLSBOROUGH,,Non-Point Source,1.2607876562,0.2735730437,42.60255443,8.2643277064
1,2024,5,LARGO,,Non-Point Source,0.1565129575,0.0316624991,5.4805294646,1.0163146814
1,2024,5,MSGP COT,,Non-Point Source,0.0946185378,0.015085566,2.2519672603,0.7250437241
1,2024,5,MSGP PINELLAS,,Non-Point Source,0.1284586393,0.0219027518,4.2077374559,1.0059135493
1,2024,5,MacDill AFB,,Non-Point Source,0.0100434673,0.0016179456,0.1555498717,0.0596523745
1,2024,5,None,,Non-Point Source,0.0005465787,0.0000248236,0.0067669374,0.0015437504
1,2024,5,OLDSMAR,,Non-Point Source,0.1459897321,0.0281990086,4.3063526104,0.814870057
1,2024,5,PALM BAY,,Non-Point Source,0.0012607955,0.0002703064,0.0428533222,0.0073973157
1,2024,5,PARK PLACE,,Non-Point Source,0.0158488067,0.0031465373,0.4182055454,0.0828091711
1,2024,5,PASCO,,Non-Point Source,0.0024044187,0.0012561992,0.2550693506,0.0573791892
1,2024,5,PINELLAS,,Non-Point Source,0.4036682992,0.0798488879,14.129133914,2.6337908402
1,2024,5,PINELLAS PARK,,Non-Point Source,0.1138817827,0.0227381321,4.8073116432,0.7620240898
1,2024,5,SAFETY HARBOR,,Non-Point Source,0.1473538332,0.0310591779,4.2571329864,0.8124007262
1,2024,5,ST PETERSBURG,,Non-Point Source,0.0997167923,0.0199345703,3.7933901936,0.7006895534
1,2024,5,STONEBRIAR,,Non-Point Source,0.0006916504,0.0003777703,0.084011692,0.0176514185
1,2024,5,TARPON SPRINGS,,Non-Point Source,0,0,0,0
1,2024,5,Tampa,,Non-Point Source,0.5745993961,0.118180208,22.039081608,4.1410972674
1,2024,5,WESTCHASE,,Non-Point Source,0.0374676673,0.0071641615,0.9338634531,0.1958502681
1,2024,5,WESTCHASE EAST,,Non-Point Source,0.046011089,0.0089949017,1.2374544917,0.2505358396
1,2024,5,Clearwater,City of Clearwater East AWWTF,PS - Domestic - REUSE,0.0174976852,0.0005588083,0.0010477656,0.0028464298
1,2024,5,Clearwater,City of Clearwater Northeast AWWTF,PS - Domestic - REUSE,0.1997739703,0.0486628902,0.0196359031,0.0403389748
1,2024,5,Largo,City of Largo,PS - Domestic - REUSE,0.1580690196,0.0049089758,0.0147269273,0.0490897577
1,2024,5,Oldsmar,City of Oldsmar WRF,PS - Domestic - REUSE,0.07372001,0.0028955843,0.0078259034,0.0156518068
1,2024,5,Hillsborough Co.,Northwest Regional WRF,PS - Domestic - REUSE,0.491925939,0.0182194792,0.0282401928,0.0801657086
1,2024,5,Pinellas Co.,On Top Of The World WWTP,PS - Domestic - REUSE,0.0860875244,0.0007052368,0.0019697993,0.0109433294
1,2024,5,St. Petersburg,St Pete Facilities,PS - Domestic - REUSE,0.6415416895,0.0455041952,0.0226718879,0.0664438601
1,2024,5,Hillsborough Co.,Van Dyke WWTP,PS - Domestic - REUSE,0.0657686334,0.005087484,0.0046450941,0.0103224313
1,2024,5,Pinellas Co.,William E. Dunn WRF (Pinellas NW),PS - Domestic - REUSE,0.0344081042,0.0085114784,0.0181095285,0.036219057
1,2024,5,Clearwater,City of Clearwater East AWWTF,PS - Domestic - SW,0.3067495423,0.0587783554,0.1102094164,0.2994022479
1,2024,5,Clearwater,City of Clearwater Northeast AWWTF,PS - Domestic - SW,0.2482040237,0.3627597269,0.1463767319,0.300708721
1,2024,5,Largo,City of Largo,PS - Domestic - SW,0.5289793279,0.0328558589,0.0985675766,0.3285585888
1,2024,5,Oldsmar,City of Oldsmar WRF,PS - Domestic - SW,0.0029104599,0.0027164293,0.0032338444,0.0064676888
1,2024,5,Hillsborough Co.,Northwest Regional WRF,PS - Domestic - SW,0.0449375015,0.0099861114,0.0154784727,0.0439388903
1,2024,5,Duke Energy,Duke Energy-Bartow Plant,PS - Industrial,0.2173143422,0,0.0090547643,0.0869257369
1,2024,6,Atmospheric Deposition,,Atmospheric Deposition,13.316500897,0.2771733637,0,0
1,2024,6,Ground Water,,Ground Water,0.5487808818,0.1630811084,0,0
1,2024,6,CHEVAL WEST,,Non-Point Source,0.0137664406,0.0031846453,0.7509139028,0.18435654
1,2024,6,CLEARWATER,,Non-Point Source,0.712197912,0.1782259277,30.411536708,5.7831989187
1,2024,6,Conservation,,Non-Point Source,0.3312556005,0.037925885,4.0748396175,1.1771819818
1,2024,6,FDACS (Agriculture),,Non-Point Source,0.5193842127,0.0400441223,6.0852319754,1.0265739863
1,2024,6,HERITAGE HARBOR,,Non-Point Source,0.0129493681,0.0032526733,0.9783554076,0.2008284617
1,2024,6,HILLSBOROUGH,,Non-Point Source,4.7177344557,1.0571877967,183.50095117,36.195780741
1,2024,6,LARGO,,Non-Point Source,0.3080681746,0.0661201956,11.444885607,2.1223506496
1,2024,6,MSGP COT,,Non-Point Source,0.186239917,0.031502901,4.7027404654,1.5140950407
1,2024,6,MSGP PINELLAS,,Non-Point Source,0.2528481932,0.0457391007,8.7869382251,2.100630163
1,2024,6,MacDill AFB,,Non-Point Source,0.0197687954,0.0033787252,0.3248318432,0.1245709209
1,2024,6,None,,Non-Point Source,0.0010758439,0.0000518387,0.0141312668,0.0032237846
1,2024,6,OLDSMAR,,Non-Point Source,0.2873966966,0.0588956835,8.9928957731,1.7017266915
1,2024,6,PALM BAY,,Non-Point Source,0.0024816538,0.0005644757,0.0894897791,0.0154476738
1,2024,6,PARK PLACE,,Non-Point Source,0.0311955829,0.0065708541,0.8733306989,0.1729288196
1,2024,6,PASCO,,Non-Point Source,0.0402364978,0.0095088736,2.4951340931,0.5648518387
1,2024,6,PINELLAS,,Non-Point Source,0.8243268435,0.1730817747,29.523949586,5.536504595
1,2024,6,PINELLAS PARK,,Non-Point Source,0.2241562199,0.0474836095,10.039017615,1.5913204361
1,2024,6,SAFETY HARBOR,,Non-Point Source,0.2900400525,0.0648602914,8.8900899735,1.6965210092
1,2024,6,ST PETERSBURG,,Non-Point Source,0.1962749327,0.0416289845,7.9216647056,1.4632366884
1,2024,6,STONEBRIAR,,Non-Point Source,0.0115743525,0.0028595544,0.8218174252,0.1737639783
1,2024,6,TARPON SPRINGS,,Non-Point Source,0,0,0,0
1,2024,6,Tampa,,Non-Point Source,1.1346479519,0.2476478459,46.166156065,8.673822494
1,2024,6,WESTCHASE,,Non-Point Source,0.0737485001,0.0149607825,1.9501693152,0.4089903957
1,2024,6,WESTCHASE EAST,,Non-Point Source,0.0905647201,0.0187838825,2.584152716,0.5231892361
1,2024,6,Clearwater,City of Clearwater East AWWTF,PS - Domestic - REUSE,0.016501369,0.000423112,0.0010903271,0.0038405553
1,2024,6,Clearwater,City of Clearwater Northeast AWWTF,PS - Domestic - REUSE,0.1313988166,0.0165783554,0.0307006581,0.0530098029
1,2024,6,Largo,City of Largo,PS - Domestic - REUSE,0.1643026615,0.0052325688,0.0104651377,0.0523256884
1,2024,6,Oldsmar,City of Oldsmar WRF,PS - Domestic - REUSE,0.0577221192,0.002267217,0.0061276135,0.012255227
1,2024,6,Hillsborough Co.,Northwest Regional WRF,PS - Domestic - REUSE,0.5282056672,0.0132440949,0.0218138034,0.0638832813
1,2024,6,Pinellas Co.,On Top Of The World WWTP,PS - Domestic - REUSE,0.0735463838,0.000408591,0.0013789947,0.0094486674
1,2024,6,St. Petersburg,St Pete Facilities,PS - Domestic - REUSE,0.6054014548,0.0331169933,0.0257642677,0.0693313869
1,2024,6,Hillsborough Co.,Van Dyke WWTP,PS - Domestic - REUSE,0.0803662487,0.0055079672,0.0030669363,0.0081367697
1,2024,6,Pinellas Co.,William E. Dunn WRF (Pinellas NW),PS - Domestic - REUSE,0.0315055724,0.010919545,0.0179008934,0.0358017868
1,2024,6,Clearwater,City of Clearwater East AWWTF,PS - Domestic - SW,0.3109873389,0.047844206,0.1232908385,0.4342781774
1,2024,6,Clearwater,City of Clearwater Northeast AWWTF,PS - Domestic - SW,0.2169888714,0.1642626036,0.3041900066,0.5252347448
1,2024,6,Largo,City of Largo,PS - Domestic - SW,0.5542266812,0.0353010625,0.070602125,0.353010625
1,2024,6,Oldsmar,City of Oldsmar WRF,PS - Domestic - SW,0,0,0,0
1,2024,6,Hillsborough Co.,Northwest Regional WRF,PS - Domestic - SW,0.3411885245,0.051329247,0.0845422892,0.2475881328
1,2024,6,Duke Energy,Duke Energy-Bartow Plant,PS - Industrial,0.1949069302,0,0.0112662965,0.1081564468
1,2024,7,Atmospheric Deposition,,Atmospheric Deposition,18.054956705,0.3168380618,0,0
1,2024,7,Ground Water,,Ground Water,0.5487808818,0.1630811084,0,0
1,2024,7,CHEVAL WEST,,Non-Point Source,0.1020240877,0.0069350377,2.1673512498,0.5236839025
1,2024,7,CLEARWATER,,Non-Point Source,2.2660934988,0.5494024567,93.165161966,17.65849436
1,2024,7,Conservation,,Non-Point Source,1.3861008054,0.163168401,15.276871829,4.5269721272
1,2024,7,FDACS (Agriculture),,Non-Point Source,2.0933230259,0.1125146658,19.792651163,3.2518193409
1,2024,7,HERITAGE HARBOR,,Non-Point Source,0.0957822664,0.0070685236,2.8171575097,0.5694454386
1,2024,7,HILLSBOROUGH,,Non-Point Source,15.321782407,2.4394835241,453.92003849,89.97709132
1,2024,7,LARGO,,Non-Point Source,0.9749786634,0.2027320396,34.875277476,6.4456434367
1,2024,7,MSGP COT,,Non-Point Source,0.5829952363,0.0955570438,14.194816827,4.54735862
1,2024,7,MSGP PINELLAS,,Non-Point Source,0.8063666954,0.1413438816,27.217139697,6.4583782949
1,2024,7,MacDill AFB,,Non-Point Source,0.0634756202,0.0105081283,1.0082967036,0.3856686686
1,2024,7,None,,Non-Point Source,0.0034210881,0.0001590256,0.0432490262,0.0098118435
1,2024,7,OLDSMAR,,Non-Point Source,0.9175949079,0.1825436388,27.601818332,5.2135083187
1,2024,7,PALM BAY,,Non-Point Source,0.0078597691,0.0017319895,0.2730783839,0.0469726846
1,2024,7,PARK PLACE,,Non-Point Source,0.0990700846,0.0202174388,2.6730926033,0.5274370021
1,2024,7,PASCO,,Non-Point Source,0.2977911896,0.0206694359,7.1982873135,1.604795235
1,2024,7,PINELLAS,,Non-Point Source,6.8436229573,1.7204875474,205.56333864,41.114758912
1,2024,7,PINELLAS PARK,,Non-Point Source,0.7089319946,0.1454079039,30.593075035,4.8333041671
1,2024,7,SAFETY HARBOR,,Non-Point Source,0.9248897973,0.2003775123,27.306285084,5.1936341502
1,2024,7,ST PETERSBURG,,Non-Point Source,0.6166519521,0.1264801359,24.011471082,4.4275778773
1,2024,7,STONEBRIAR,,Non-Point Source,0.0855926477,0.0062126027,2.365560793,0.4925516675
1,2024,7,TARPON SPRINGS,,Non-Point Source,0.1646877602,0.0439440686,4.494965219,0.9645367005
1,2024,7,Tampa,,Non-Point Source,3.5921316498,0.7594970022,140.73288954,26.350850957
1,2024,7,WESTCHASE,,Non-Point Source,0.2342769392,0.0460482012,5.9684563567,1.2472711114
1,2024,7,WESTCHASE EAST,,Non-Point Source,0.2879856941,0.0578711595,7.9171114313,1.5974171797
1,2024,7,Clearwater,City of Clearwater East AWWTF,PS - Domestic - REUSE,0.0171794749,0.0005775646,0.0008233368,0.0022856812
1,2024,7,Clearwater,City of Clearwater Northeast AWWTF,PS - Domestic - REUSE,0.0443670513,0.0073945086,0.0040636488,0.0137897592
1,2024,7,Largo,City of Largo,PS - Domestic - REUSE,0.0621519019,0.0039840963,0.0039840963,0.0398409627
1,2024,7,Oldsmar,City of Oldsmar WRF,PS - Domestic - REUSE,0.0389314763,0.0015291557,0.0041328531,0.0082657062
1,2024,7,Hillsborough Co.,Northwest Regional WRF,PS - Domestic - REUSE,0.3831073344,0.0074780711,0.0155313784,0.0316379931
1,2024,7,Pinellas Co.,On Top Of The World WWTP,PS - Domestic - REUSE,0.0654659456,0.0004676139,0.0021198497,0.0085417472
1,2024,7,St. Petersburg,St Pete Facilities,PS - Domestic - REUSE,0.4682776371,0.0271502812,0.035201198,0.0629620704
1,2024,7,Hillsborough Co.,Van Dyke WWTP,PS - Domestic - REUSE,0.102674559,0.0188371435,0.0045273821,0.0075995343
1,2024,7,Pinellas Co.,William E. Dunn WRF (Pinellas NW),PS - Domestic - REUSE,0.0290450967,0.008926704,0.0133234388,0.0266468777
1,2024,7,Clearwater,City of Clearwater East AWWTF,PS - Domestic - SW,0.6901929378,0.1392234681,0.1984674971,0.5509694697
1,2024,7,Clearwater,City of Clearwater Northeast AWWTF,PS - Domestic - SW,0.7337075478,0.7337075478,0.4032086524,1.3682654269
1,2024,7,Largo,City of Largo,PS - Domestic - SW,1.5618692221,0.2002396439,0.2002396439,2.0023964386
1,2024,7,Oldsmar,City of Oldsmar WRF,PS - Domestic - SW,0.0300100758,0.0050642003,0.0187562974,0.0375125948
1,2024,7,Hillsborough Co.,Northwest Regional WRF,PS - Domestic - SW,0.8851872861,0.1036705831,0.2153158264,0.4386063129
1,2024,7,Duke Energy,Duke Energy-Bartow Plant,PS - Industrial,0.2623294559,0,0.0235423871,0.1614335113
1,2024,8,Atmospheric Deposition,,Atmospheric Deposition,15.36911422,0.3432124427,0,0
1,2024,8,Ground Water,,Ground Water,0.5487808818,0.1630811084,0,0
1,2024,8,CHEVAL WEST,,Non-Point Source,0.061145263,0.0216288233,4.9988532792,1.2079798569
1,2024,8,CLEARWATER,,Non-Point Source,8.184298314,2.0291368443,344.09176817,65.219041315
1,2024,8,Conservation,,Non-Point Source,5.1297351085,0.6710742112,59.474361348,17.723881043
1,2024,8,FDACS (Agriculture),,Non-Point Source,6.092213383,0.400028358,68.316054274,10.920218466
1,2024,8,HERITAGE HARBOR,,Non-Point Source,0.0574044032,0.022045136,6.4975887302,1.3135378347
1,2024,8,HILLSBOROUGH,,Non-Point Source,32.948249248,7.6821672781,1300.1389234,256.04363429
1,2024,8,LARGO,,Non-Point Source,3.5212652239,0.7487608512,128.80668738,23.806032215
1,2024,8,MSGP COT,,Non-Point Source,2.1055648991,0.3529258304,52.426459822,16.794997562
1,2024,8,MSGP PINELLAS,,Non-Point Source,2.9123006573,0.5220327548,100.52248636,23.853066533
1,2024,8,MacDill AFB,,Non-Point Source,0.2292506518,0.0388102201,3.723994981,1.4244102762
1,2024,8,None,,Non-Point Source,0.0123557151,0.0005873375,0.1597338917,0.0362385951
1,2024,8,OLDSMAR,,Non-Point Source,3.3212345932,0.6764301855,102.13848215,19.302776677
1,2024,8,PALM BAY,,Non-Point Source,0.0283866022,0.0063968473,1.008574686,0.1734866744
1,2024,8,PARK PLACE,,Non-Point Source,0.3578047979,0.0746701247,9.8726727987,1.9480106815
1,2024,8,PASCO,,Non-Point Source,0.1784727608,0.0644633233,16.602376816,3.7017756493
1,2024,8,PINELLAS,,Non-Point Source,29.938944041,8.0939147781,929.02898861,187.52613056
1,2024,8,PINELLAS PARK,,Non-Point Source,2.5604022654,0.5370426208,112.99100501,17.851095215
1,2024,8,SAFETY HARBOR,,Non-Point Source,3.3403626166,0.7400647523,100.85173168,19.181920798
1,2024,8,ST PETERSBURG,,Non-Point Source,2.2271206084,0.4671357047,88.682822703,16.352605076
1,2024,8,STONEBRIAR,,Non-Point Source,0.0512975423,0.0193757111,5.4560105695,1.1361672375
1,2024,8,TARPON SPRINGS,,Non-Point Source,0.8025189989,0.228420923,23.23787877,4.9899522743
1,2024,8,Tampa,,Non-Point Source,12.961432312,2.8023693116,519.32768075,97.240897061
1,2024,8,WESTCHASE,,Non-Point Source,0.8461223509,0.1700722312,22.043612201,4.6066116675
1,2024,8,WESTCHASE EAST,,Non-Point Source,1.0400986685,0.2137385817,29.240681964,5.899824465
1,2024,8,Clearwater,City of Clearwater East AWWTF,PS - Domestic - REUSE,0.0018937393,0.0003156232,0.0005122409,0.0004863702
1,2024,8,Clearwater,City of Clearwater Northeast AWWTF,PS - Domestic - REUSE,0.1127628599,0.0140413523,0.020413966,0.0257064757
1,2024,8,Largo,City of Largo,PS - Domestic - REUSE,0.1432877638,0.010535865,0.1861336147,0.0526793249
1,2024,8,Oldsmar,City of Oldsmar WRF,PS - Domestic - REUSE,0.034727608,0.0013640356,0.0036865826,0.0073731652
1,2024,8,Hillsborough Co.,Northwest Regional WRF,PS - Domestic - REUSE,0.3714895545,0.007392827,0.0138615505,0.0207923258
1,2024,8,Pinellas Co.,On Top Of The World WWTP,PS - Domestic - REUSE,0.054534258,0.0006322813,0.0027267129,0.0102745704
1,2024,8,St. Petersburg,St Pete Facilities,PS - Domestic - REUSE,0.3632944754,0.0210755174,0.038181509,0.0557374034
1,2024,8,Hillsborough Co.,Van Dyke WWTP,PS - Domestic - REUSE,0.1001262896,0.0139999591,0.0056708695,0.0066455502
1,2024,8,Pinellas Co.,William E. Dunn WRF (Pinellas NW),PS - Domestic - REUSE,0.0294538546,0.0102642221,0.0148756841,0.0297513683
1,2024,8,Clearwater,City of Clearwater East AWWTF,PS - Domestic - SW,0.6044184496,0.6044184496,0.9809414181,0.9313989223
1,2024,8,Clearwater,City of Clearwater Northeast AWWTF,PS - Domestic - SW,1.7398341459,1.299876086,1.8898198482,2.3797731421
1,2024,8,Largo,City of Largo,PS - Domestic - SW,3.4331009328,0.5048677842,8.9193308548,2.5243389212
1,2024,8,Oldsmar,City of Oldsmar WRF,PS - Domestic - SW,0.0814928783,0.0130388605,0.0814928783,0.1629857566
1,2024,8,Hillsborough Co.,Northwest Regional WRF,PS - Domestic - SW,1.8420210412,0.2199428109,0.4123927704,0.6185891556
1,2024,8,Duke Energy,Duke Energy-Bartow Plant,PS - Industrial,0.9661433463,0,0.2490060171,0.9561831056
1,2024,9,Atmospheric Deposition,,Atmospheric Deposition,14.20833123,0.2811331072,0,0
1,2024,9,Ground Water,,Ground Water,0.5487808818,0.1630811084,0,0
1,2024,9,CHEVAL WEST,,Non-Point Source,0.15828685,0.0203395758,5.1911534307,1.2544179906
1,2024,9,CLEARWATER,,Non-Point Source,5.1131707883,1.2573008801,213.20734684,40.41125086
1,2024,9,Conservation,,Non-Point Source,3.831252715,0.5087079471,43.161600644,13.081909981
1,2024,9,FDACS (Agriculture),,Non-Point Source,4.9717695267,0.2835910602,52.798514155,8.4923106348
1,2024,9,HERITAGE HARBOR,,Non-Point Source,0.1486028798,0.020731073,6.7475435153,1.3640339131
1,2024,9,HILLSBOROUGH,,Non-Point Source,31.792311644,6.1407062307,1098.1309758,217.38824003
1,2024,9,LARGO,,Non-Point Source,2.1999235353,0.4639498217,79.81165088,14.75077708
1,2024,9,MSGP COT,,Non-Point Source,1.315459496,0.2186811394,32.4846667,10.406575227
1,2024,9,MSGP PINELLAS,,Non-Point Source,1.8194706591,0.3234637643,62.286095155,14.779920649
1,2024,9,MacDill AFB,,Non-Point Source,0.1432251967,0.0240477245,2.3074748163,0.8825980855
1,2024,9,None,,Non-Point Source,0.0077192789,0.0003639281,0.0989748736,0.0224542852
1,2024,9,OLDSMAR,,Non-Point Source,2.0856077955,0.4219353367,63.536039097,12.020780289
1,2024,9,PALM BAY,,Non-Point Source,0.0177346352,0.0039636369,0.6249365803,0.1074964209
1,2024,9,PARK PLACE,,Non-Point Source,0.2235398773,0.0462673642,6.1173401063,1.2070332029
1,2024,9,PASCO,,Non-Point Source,0.4620127504,0.0606208037,17.241051207,3.8440822876
1,2024,9,PINELLAS,,Non-Point Source,26.41236333,7.1997698973,791.89765364,161.54785964
1,2024,9,PINELLAS PARK,,Non-Point Source,1.5996208309,0.3327642301,70.011882363,11.060958154
1,2024,9,SAFETY HARBOR,,Non-Point Source,2.086903959,0.4585615144,62.490103297,11.885568964
1,2024,9,ST PETERSBURG,,Non-Point Source,1.3914018771,0.2894482618,54.949961284,10.132458445
1,2024,9,STONEBRIAR,,Non-Point Source,0.1327940381,0.0182207668,5.6658970376,1.1798446927
1,2024,9,TARPON SPRINGS,,Non-Point Source,0.8079741074,0.224570955,22.849979414,4.9067256234
1,2024,9,Tampa,,Non-Point Source,8.1082588817,1.7388102715,322.18264116,60.325040482
1,2024,9,WESTCHASE,,Non-Point Source,0.5286180833,0.1053807517,13.658740217,2.8543648597
1,2024,9,WESTCHASE EAST,,Non-Point Source,0.6498055087,0.1324374488,18.118213797,3.6556699038
1,2024,9,Clearwater,City of Clearwater East AWWTF,PS - Domestic - REUSE,0.0007698636,0.0000156476,0.0000456911,0.0001301883
1,2024,9,Clearwater,City of Clearwater Northeast AWWTF,PS - Domestic - REUSE,0.061408827,0.0018226364,0.0050473009,0.0074307485
1,2024,9,Largo,City of Largo,PS - Domestic - REUSE,0.0919705341,0.0089003743,0.0118671657,0.0326347056
1,2024,9,Oldsmar,City of Oldsmar WRF,PS - Domestic - REUSE,0.0266500489,0.0010467641,0.0028290922,0.0056581845
1,2024,9,Hillsborough Co.,Northwest Regional WRF,PS - Domestic - REUSE,0.4719733279,0.0044373561,0.0121018802,0.0197664043
1,2024,9,Pinellas Co.,On Top Of The World WWTP,PS - Domestic - REUSE,0.1483132831,0.0061289279,0.0025734725,0.0089732922
1,2024,9,St. Petersburg,St Pete Facilities,PS - Domestic - REUSE,0.2312117746,0.0084077617,0.0716298115,0.0474995074
1,2024,9,Hillsborough Co.,Van Dyke WWTP,PS - Domestic - REUSE,0.0768924739,0.0138575447,0.0057458112,0.0091257002
1,2024,9,Pinellas Co.,William E. Dunn WRF (Pinellas NW),PS - Domestic - REUSE,0.0328687943,0.01113736,0.0135821464,0.0271642928
1,2024,9,Clearwater,City of Clearwater East AWWTF,PS - Domestic - SW,1.0495807039,0.1279976468,0.3737531287,1.0649404215
1,2024,9,Clearwater,City of Clearwater Northeast AWWTF,PS - Domestic - SW,1.1642090122,0.2073248926,0.5741304718,0.845247639
1,2024,9,Largo,City of Largo,PS - Domestic - SW,2.5049358549,0.4848262945,0.6464350593,1.7776964132
1,2024,9,Oldsmar,City of Oldsmar WRF,PS - Domestic - SW,0.160231773,0.0801158865,0.1001448581,0.2002897163
1,2024,9,Hillsborough Co.,Northwest Regional WRF,PS - Domestic - SW,2.7681290602,0.1561508701,0.4258660093,0.6955811485
1,2024,9,Duke Energy,Duke Energy-Bartow Plant,PS - Industrial,0.9418623909,0,0.3470019335,1.1897209148
1,2024,10,Atmospheric Deposition,,Atmospheric Deposition,22.78776816,0.4564959388,0,0
1,2024,10,Ground Water,,Ground Water,0.5487808818,0.1630811084,0,0
1,2024,10,CHEVAL WEST,,Non-Point Source,0.6439376108,0.0714145269,11.700295652,2.8274540687
1,2024,10,CLEARWATER,,Non-Point Source,18.770009023,4.6202480367,783.48058228,148.50065358
1,2024,10,Conservation,,Non-Point Source,11.365098476,1.3983616588,126.78867461,37.49585944
1,2024,10,FDACS (Agriculture),,Non-Point Source,16.133052872,0.9865872694,150.6566783,24.260555939
1,2024,10,HERITAGE HARBOR,,Non-Point Source,0.604541586,0.0727891173,15.208229752,3.0745280013
1,2024,10,HILLSBOROUGH,,Non-Point Source,109.05239281,19.944526251,3148.3895127,618.39563411
1,2024,10,LARGO,,Non-Point Source,8.0757295848,1.7048928279,293.28669781,54.205202528
1,2024,10,MSGP COT,,Non-Point Source,4.8289383694,0.8035953216,119.37255427,38.241410247
1,2024,10,MSGP PINELLAS,,Non-Point Source,6.679119885,1.1886437413,228.884918,54.312297432
1,2024,10,MacDill AFB,,Non-Point Source,0.5257673459,0.0883690243,8.4793593629,3.2433144175
1,2024,10,None,,Non-Point Source,0.0283368072,0.0013373396,0.3637064704,0.0825135566
1,2024,10,OLDSMAR,,Non-Point Source,7.6012135889,1.5357023104,232.16494893,43.854597096
1,2024,10,PALM BAY,,Non-Point Source,0.0651023165,0.0145653169,2.2964765664,0.395020902
1,2024,10,PARK PLACE,,Non-Point Source,0.8205956121,0.1700203206,22.479606165,4.4355276244
1,2024,10,PASCO,,Non-Point Source,1.8795458158,0.2128464261,38.859455642,8.6645489669
1,2024,10,PINELLAS,,Non-Point Source,57.25898099,14.924949516,1767.8782631,354.13504063
1,2024,10,PINELLAS PARK,,Non-Point Source,5.8720701249,1.222820492,257.27514165,40.646094348
1,2024,10,SAFETY HARBOR,,Non-Point Source,7.6608444667,1.6850922244,229.63459394,43.676320872
1,2024,10,ST PETERSBURG,,Non-Point Source,5.1077163015,1.0636457706,201.92656726,37.234103609
1,2024,10,STONEBRIAR,,Non-Point Source,0.5402285509,0.0639751515,12.770316146,2.6593660979
1,2024,10,TARPON SPRINGS,,Non-Point Source,1.3869130521,0.3868976332,39.331816048,8.4465682148
1,2024,10,Tampa,,Non-Point Source,29.738053225,6.3835938913,1182.934795,221.49532533
1,2024,10,WESTCHASE,,Non-Point Source,1.9405113978,0.3872463775,50.192256021,10.489035558
1,2024,10,WESTCHASE EAST,,Non-Point Source,2.3853799854,0.4866725797,66.579641395,13.43361956
1,2024,10,Clearwater,City of Clearwater East AWWTF,PS - Domestic - REUSE,0.0327834208,0.000786471,0.0020696604,0.0052155442
1,2024,10,Clearwater,City of Clearwater Northeast AWWTF,PS - Domestic - REUSE,0.0447046647,0.0017229923,0.0046567359,0.0054949484
1,2024,10,Largo,City of Largo,PS - Domestic - REUSE,0.1050016334,0.0063253996,0.015813499,0.0379523976
1,2024,10,Oldsmar,City of Oldsmar WRF,PS - Domestic - REUSE,0.0247967306,0.0009739692,0.0026323493,0.0060544034
1,2024,10,Hillsborough Co.,Northwest Regional WRF,PS - Domestic - REUSE,0.4162345775,0.0136338879,0.0104259143,0.0248617956
1,2024,10,Pinellas Co.,On Top Of The World WWTP,PS - Domestic - REUSE,0.1927888664,0.0052124397,0.0028204297,0.0117815418
1,2024,10,St. Petersburg,St Pete Facilities,PS - Domestic - REUSE,0.1598444882,0.0082889278,0.0158435608,0.0309651206
1,2024,10,Hillsborough Co.,Van Dyke WWTP,PS - Domestic - REUSE,0.1061089017,0.0133687127,0.0068104763,0.0097532746
1,2024,10,Pinellas Co.,William E. Dunn WRF (Pinellas NW),PS - Domestic - REUSE,0.0476694532,0.0093328749,0.014358269,0.0287165381
1,2024,10,Clearwater,City of Clearwater East AWWTF,PS - Domestic - SW,1.2669426149,0.1823629521,0.4799025056,1.2093543142
1,2024,10,Clearwater,City of Clearwater Northeast AWWTF,PS - Domestic - SW,1.4011600919,0.3240182713,0.8757250575,1.0333555678
1,2024,10,Largo,City of Largo,PS - Domestic - SW,2.7678344674,0.3334740322,0.8336850806,2.0008441933
1,2024,10,Oldsmar,City of Oldsmar WRF,PS - Domestic - SW,0.1429359215,0.0362837339,0.1099507088,0.2528866303
1,2024,10,Hillsborough Co.,Northwest Regional WRF,PS - Domestic - SW,2.4797286848,0.4873455219,0.3726759873,0.8886888928
1,2024,10,Duke Energy,Duke Energy-Bartow Plant,PS - Industrial,0.8705250357,0,0.0996024068,0.9561831056
1,2024,11,Atmospheric Deposition,,Atmospheric Deposition,0.8054101067,0.0161173679,0,0
1,2024,11,Ground Water,,Ground Water,0.5487808818,0.1630811084,0,0
1,2024,11,CHEVAL WEST,,Non-Point Source,0.0626810991,0.0057205457,1.0381975109,0.2548907275
1,2024,11,CLEARWATER,,Non-Point Source,3.717507734,0.9272710341,158.22466156,30.088735746
1,2024,11,Conservation,,Non-Point Source,1.8011199592,0.205905021,20.798681911,5.9819277541
1,2024,11,FDACS (Agriculture),,Non-Point Source,2.4408852541,0.1589250087,22.818800719,3.6935601994
1,2024,11,HERITAGE HARBOR,,Non-Point Source,0.0589608201,0.0058427437,1.3526532738,0.2776647506
1,2024,11,HILLSBOROUGH,,Non-Point Source,14.484759559,2.7163566483,426.94981891,83.77541784
1,2024,11,LARGO,,Non-Point Source,1.6080443406,0.3440091068,59.545269584,11.042132348
1,2024,11,MSGP COT,,Non-Point Source,0.9721291233,0.1639027945,24.467343616,7.8775096989
1,2024,11,MSGP PINELLAS,,Non-Point Source,1.319808859,0.2379706686,45.71654304,10.929125344
1,2024,11,MacDill AFB,,Non-Point Source,0.1031885221,0.0175787778,1.6900299695,0.6481156147
1,2024,11,None,,Non-Point Source,0.0056156554,0.0002697055,0.0735219313,0.0167726555
1,2024,11,OLDSMAR,,Non-Point Source,1.5017055469,0.3068970571,46.823208974,8.8625516691
1,2024,11,PALM BAY,,Non-Point Source,0.0129536568,0.0029368452,0.4655960052,0.0803709127
1,2024,11,PARK PLACE,,Non-Point Source,0.1628336994,0.0341867358,4.5437511295,0.8997113238
1,2024,11,PASCO,,Non-Point Source,0.1832040674,0.0170806923,3.4497190629,0.780962238
1,2024,11,PINELLAS,,Non-Point Source,5.4195360034,1.266561077,183.72059194,35.366585406
1,2024,11,PINELLAS PARK,,Non-Point Source,1.1700434205,0.2470469716,52.230841859,8.2792967633
1,2024,11,SAFETY HARBOR,,Non-Point Source,1.5139417293,0.3374540971,46.253219323,8.826632639
1,2024,11,ST PETERSBURG,,Non-Point Source,1.024509575,0.2165866214,41.214711676,7.6129046695
1,2024,11,STONEBRIAR,,Non-Point Source,0.052700125,0.0051365883,1.1362272054,0.2402454875
1,2024,11,TARPON SPRINGS,,Non-Point Source,0.0385384436,0.0117532444,1.160924917,0.2533930707
1,2024,11,Tampa,,Non-Point Source,5.8999235926,1.2831994985,239.3162844,44.96769669
1,2024,11,WESTCHASE,,Non-Point Source,0.3849500467,0.0778377223,10.146310028,2.1278887535
1,2024,11,WESTCHASE EAST,,Non-Point Source,0.4727268104,0.0977284862,13.444788826,2.7220406721
1,2024,11,Clearwater,City of Clearwater East AWWTF,PS - Domestic - REUSE,0.0481296188,0.0015021729,0.0037253887,0.0068198648
1,2024,11,Clearwater,City of Clearwater Northeast AWWTF,PS - Domestic - REUSE,0.0558019668,0.0030206193,0.008346448,0.0170903459
1,2024,11,Largo,City of Largo,PS - Domestic - REUSE,0.1128469816,0,0.0112099651,0.0373665502
1,2024,11,Oldsmar,City of Oldsmar WRF,PS - Domestic - REUSE,0.0418028422,0.0016419375,0.004437669,0.0146443078
1,2024,11,Hillsborough Co.,Northwest Regional WRF,PS - Domestic - REUSE,0.5767938243,0.0232265969,0.0193554975,0.0412917279
1,2024,11,Pinellas Co.,On Top Of The World WWTP,PS - Domestic - REUSE,0.1404531635,0.0005232569,0.0026438243,0.0125306254
1,2024,11,St. Petersburg,St Pete Facilities,PS - Domestic - REUSE,0.4389758725,0.0119929076,0.0341818436,0.0541837761
1,2024,11,Hillsborough Co.,Van Dyke WWTP,PS - Domestic - REUSE,0.1251798209,0.0170909719,0.004927127,0.0111630222
1,2024,11,Pinellas Co.,William E. Dunn WRF (Pinellas NW),PS - Domestic - REUSE,0.0600431015,0.0048100827,0.0165864921,0.0331729843
1,2024,11,Clearwater,City of Clearwater East AWWTF,PS - Domestic - SW,0.6851786013,0.1283105995,0.3182102868,0.5825301217
1,2024,11,Clearwater,City of Clearwater Northeast AWWTF,PS - Domestic - SW,0.537515008,0.174577524,0.4823852636,0.987741254
1,2024,11,Largo,City of Largo,PS - Domestic - SW,1.1908475444,0,0.2365922274,0.7886407579
1,2024,11,Oldsmar,City of Oldsmar WRF,PS - Domestic - SW,0.0113789595,0.0036665536,0.0126432883,0.0252865767
1,2024,11,Hillsborough Co.,Northwest Regional WRF,PS - Domestic - SW,0.7548456237,0.1823788084,0.1519823403,0.3242289927
1,2024,11,Duke Energy,Duke Energy-Bartow Plant,PS - Industrial,0.3141043476,0,0.261753623,1.4781381062
1,2024,12,Atmospheric Deposition,,Atmospheric Deposition,2.4458001651,0.0491703945,0,0
1,2024,12,Ground Water,,Ground Water,0.5487808818,0.1630811084,0,0
1,2024,12,CHEVAL WEST,,Non-Point Source,0.0098710113,0.0009159808,0.1957498478,0.0479768943
1,2024,12,CLEARWATER,,Non-Point Source,0.8117988776,0.2025731099,34.566012064,6.5732332277
1,2024,12,Conservation,,Non-Point Source,0.3897990704,0.0449357412,4.5446930206,1.3061409425
1,2024,12,FDACS (Agriculture),,Non-Point Source,0.5114810563,0.0334837503,4.9125084686,0.7919184275
1,2024,12,HERITAGE HARBOR,,Non-Point Source,0.0092851423,0.0009355473,0.2550397874,0.0522635426
1,2024,12,HILLSBOROUGH,,Non-Point Source,2.9048465328,0.5635158088,89.652311979,17.550444864
1,2024,12,LARGO,,Non-Point Source,0.3511515467,0.0751527784,13.008354618,2.4122818542
1,2024,12,MSGP COT,,Non-Point Source,0.2122855923,0.0358064661,5.3451749323,1.72093334
1,2024,12,MSGP PINELLAS,,Non-Point Source,0.2882090441,0.051987452,9.9873089484,2.3875941638
1,2024,12,MacDill AFB,,Non-Point Source,0.0225334639,0.0038402879,0.3692066441,0.1415883715
1,2024,12,None,,Non-Point Source,0.0012263008,0.0000589203,0.0160617184,0.0036641811
1,2024,12,OLDSMAR,,Non-Point Source,0.3279194242,0.0670499419,10.229693279,1.9362533059
1,2024,12,PALM BAY,,Non-Point Source,0.0028287134,0.0006415879,0.1017148463,0.0175579579
1,2024,12,PARK PLACE,,Non-Point Source,0.035558289,0.0074684889,0.9926351228,0.1965523716
1,2024,12,PASCO,,Non-Point Source,0.0288509526,0.0027349815,0.6504369105,0.1469968842
1,2024,12,PINELLAS,,Non-Point Source,1.1758015658,0.2803291384,40.66789686,7.8199080924
1,2024,12,PINELLAS PARK,,Non-Point Source,0.2555044948,0.0539702757,11.410433064,1.8087083833
1,2024,12,SAFETY HARBOR,,Non-Point Source,0.3306021895,0.0737207606,10.104552106,1.9282802521
1,2024,12,ST PETERSBURG,,Non-Point Source,0.2237240061,0.047315859,9.0038316845,1.663127303
1,2024,12,STONEBRIAR,,Non-Point Source,0.0082992088,0.0008224768,0.2142331302,0.045220289
1,2024,12,TARPON SPRINGS,,Non-Point Source,0.008114472,0.0027038573,0.2741854637,0.0590703661
1,2024,12,Tampa,,Non-Point Source,1.2882772993,0.2803067288,52.277571398,9.8230110767
1,2024,12,WESTCHASE,,Non-Point Source,0.0840622369,0.017004553,2.2165790806,0.4648619728
1,2024,12,WESTCHASE EAST,,Non-Point Source,0.1032302073,0.021349921,2.9371700225,0.5946613491
1,2024,12,Clearwater,City of Clearwater East AWWTF,PS - Domestic - REUSE,0.0325971513,0.0005659228,0.0019241374,0.0042331023
1,2024,12,Clearwater,City of Clearwater Northeast AWWTF,PS - Domestic - REUSE,0.0976362294,0.0061572397,0.0083562539,0.0166245472
1,2024,12,Largo,City of Largo,PS - Domestic - REUSE,0.1014715689,0.0069980392,0.0104970588,0.0349901962
1,2024,12,Oldsmar,City of Oldsmar WRF,PS - Domestic - REUSE,0.0455114442,0.0017876045,0.0048313635,0.0101458634
1,2024,12,Hillsborough Co.,Northwest Regional WRF,PS - Domestic - REUSE,0.6347127156,0.0124839975,0.0203686275,0.0604488301
1,2024,12,Pinellas Co.,On Top Of The World WWTP,PS - Domestic - REUSE,0.13029159,0.0002199014,0.0025013786,0.0151182225
1,2024,12,St. Petersburg,St Pete Facilities,PS - Domestic - REUSE,0.4704410531,0.0103091958,0.0403218483,0.0546448297
1,2024,12,Hillsborough Co.,Van Dyke WWTP,PS - Domestic - REUSE,0.0830063175,0.0089254105,0.0043883268,0.0087766536
1,2024,12,Pinellas Co.,William E. Dunn WRF (Pinellas NW),PS - Domestic - REUSE,0.0448676504,0.003341208,0.0159105143,0.0318210287
1,2024,12,Clearwater,City of Clearwater East AWWTF,PS - Domestic - SW,0.4967184964,0.05174151,0.1759211341,0.3870264951
1,2024,12,Clearwater,City of Clearwater Northeast AWWTF,PS - Domestic - SW,0.7992769764,0.3024291262,0.4104395284,0.8165586407
1,2024,12,Largo,City of Largo,PS - Domestic - SW,1.0578551728,0.1459110583,0.2188665875,0.7295552916
1,2024,12,Oldsmar,City of Oldsmar WRF,PS - Domestic - SW,0,0,0,0
1,2024,12,Hillsborough Co.,Northwest Regional WRF,PS - Domestic - SW,0.7597309403,0.0896576886,0.1462835972,0.4341319659
1,2024,12,Duke Energy,Duke Energy-Bartow Plant,PS - Industrial,0,0,0,0
2,2022,1,Atmospheric Deposition,,Atmospheric Deposition,1.3396900081,0.0255815936,0,0
2,2022,1,Ground Water,,Ground Water,1.7256819188,0.2053736832,0,0
2,2022,1,CSX,CSX Newport,Material Losses,0.0504270833,0,0,0
2,2022,1,CSX,CSX Rockport,Material Losses,0.0460771667,0,0,0
2,2022,1,Kinder Morgan,Kinder Morgan Port Sutton,Material Losses,0.0175665,0,0,0
2,2022,1,Kinder Morgan,Kinder Morgan Tampaplex,Material Losses,0.00481475,0,0,0
2,2022,1,Mosaic,Mosaic All,Material Losses,0.25,0,0,0
2,2022,1,ALAFIA PRESERVE,,Non-Point Source,0.0139622158,0.0005349021,0.3608247245,0.0519568173
2,2022,1,BLOOMINGDALE,,Non-Point Source,0.0032945699,0.0006248986,0.1072030025,0.0202638912
2,2022,1,CITY OF PLANT CITY,,Non-Point Source,0.2207917347,0.0091930117,12.441666393,1.5012387126
2,2022,1,Conservation,,Non-Point Source,1.1375046953,0.0885983711,27.726028699,5.6572303722
2,2022,1,DONALDSON KNOLL,,Non-Point Source,0.0020131387,0.0000766828,0.0975937857,0.0114859247
2,2022,1,EAGLE RIDGE,,Non-Point Source,0.030582049,0.0018334017,0.8294517724,0.1123943459
2,2022,1,FDACS (Agriculture),,Non-Point Source,3.0967860816,0.275514638,28.2013322,8.3553555575
2,2022,1,HILLSBOROUGH,,Non-Point Source,4.2326890332,0.5418752632,161.67701736,27.432771473
2,2022,1,LAKE ST. CHARLES,,Non-Point Source,0.0103144079,0.0020526473,0.3355672937,0.0609276689
2,2022,1,LIVE OAK I,,Non-Point Source,0.0000523856,0,0.1778326239,0.0319430409
2,2022,1,LIVE OAK II,,Non-Point Source,0.0000455386,0,0.1780092648,0.0298314485
2,2022,1,Lakeland,,Non-Point Source,0.3341094922,0.013943736,16.097027757,2.0730905232
2,2022,1,MAGNOLIA PARK,,Non-Point Source,0.0100077532,0.0019840859,0.3448106749,0.0615656526
2,2022,1,MSGP COT,,Non-Point Source,0.0365166364,0.0050867128,3.7402196307,0.7817074347
2,2022,1,MacDill AFB,,Non-Point Source,0.0189677435,0.0028904094,0.4011395415,0.1566591883
2,2022,1,Mulberry,,Non-Point Source,0.0702829657,0.0030804829,2.7211782391,0.2916700721
2,2022,1,None,,Non-Point Source,0.0005582428,0.0000473689,0.0088407711,0.0027730191
2,2022,1,PALM RIVER,,Non-Point Source,0.0006320706,0.0001278826,0.0230357196,0.0042083436
2,2022,1,PANTHER TRACE,,Non-Point Source,0.0098854167,0.001975356,0.3366807859,0.0595069406
2,2022,1,PANTHER TRACE II,,Non-Point Source,0.013947301,0.0021293555,0.7401793441,0.142911141
2,2022,1,PASCO,,Non-Point Source,0.0083788374,0,24.74191291,4.7632128395
2,2022,1,POLK,,Non-Point Source,2.0527229833,0.0876753118,69.148200821,8.8543164745
2,2022,1,RIVERCREST,,Non-Point Source,0.0123794444,0.002782199,0.3987557329,0.0738604491
2,2022,1,SAN ANTONIO,,Non-Point Source,0.0000614615,0,0.2049468381,0.0346629852
2,2022,1,SPRING LAKE,,Non-Point Source,0.0098659929,0.0022085863,0.4111539725,0.0711676058
2,2022,1,ST. LEO,,Non-Point Source,1.3474173E-6,0,0.0077142176,0.0014833387
2,2022,1,STONE CREST,,Non-Point Source,0.0009348091,0.0001853998,0.0310052653,0.0054895134
2,2022,1,STONE DAIRY CREEK,,Non-Point Source,0.0068758071,0.0013835874,0.2424271725,0.0425720879
2,2022,1,STONELAKE RANCH,,Non-Point Source,0.0000500016,0,0.0895746254,0.0177542325
2,2022,1,TEMPLE TERRACE,,Non-Point Source,0.0003827949,0,1.5877656534,0.2592695352
2,2022,1,Tampa,,Non-Point Source,0.842158254,0.1646149479,38.709606901,7.0878466387
2,2022,1,ZEPHYRHILLS,,Non-Point Source,0.0003477902,0,1.6325156406,0.269112868
2,2022,1,Lakeland,City of Lakeland,PS - Domestic - REUSE,0,0,0,0
2,2022,1,Zephyrhills,City of Zephyrhills WWTF,PS - Domestic - REUSE,0.1339587695,0.0457692462,0.0122795539,0.0223264616
2,2022,1,Hillsborough Co.,Falkenburg AWTP,PS - Domestic - REUSE,0.0651321627,0.0014116836,0.0021905436,0.0053059834
2,2022,1,Tampa,Howard F. Curren,PS - Domestic - REUSE,0.2783951948,0.062671904,0.0175921134,0.0483783119
2,2022,1,Polk Co.,NW Regional WWTP,PS - Domestic - REUSE,0.0216441204,0.0033693425,0.0019635903,0.0022313526
2,2022,1,Pasco Co.,Pasco Reuse,PS - Domestic - REUSE,0.2329272479,0,0,0
2,2022,1,Plant City,Plant City WRF,PS - Domestic - REUSE,0.0820990301,0.0025240802,0.0252408021,0.0132846327
2,2022,1,Hillsborough Co.,South County Regional WWTP,PS - Domestic - REUSE,0,0,0,0
2,2022,1,Polk Co.,Southwest Regional WWTF,PS - Domestic - REUSE,0.1263186181,0.0380338905,0.0095660997,0.0195932163
2,2022,1,Hillsborough Co.,Valrico AWTP,PS - Domestic - REUSE,0.7092131169,0.0142360297,0.0138046349,0.0332174027
2,2022,1,Lakeland,City of Lakeland,PS - Domestic - SW,0,0,0,0
2,2022,1,Mulberry,City of Mulberry,PS - Domestic - SW,0.0730848829,0.128629394,0.0701614876,0.055544511
2,2022,1,Hillsborough Co.,Falkenburg AWTP,PS - Domestic - SW,1.4623198503,0.2479957641,0.359166279,0.9235704318
2,2022,1,Tampa,Howard F. Curren,PS - Domestic - SW,13.455767748,18.174852171,5.1017128902,14.029710448
2,2022,1,Plant City,Plant City WRF,PS - Domestic - SW,0.5048250975,0.0931230762,0.9312307624,0.4901214539
2,2022,1,Hillsborough Co.,South County Regional WWTP,PS - Domestic - SW,0.137746248,0.0141797608,0.0830528848,0.0992583258
2,2022,1,Hillsborough Co.,Valrico AWTP,PS - Domestic - SW,0.4846368538,0.0554927695,0.0591922875,0.1331826468
2,2022,1,Alpha/Owens Corning,Alpha/Owens Corning,PS - Industrial,0,0,0,0
2,2022,1,Cytech Brewster,Brewster Phosphogypsum,PS - Industrial,0,0,0,0
2,2022,1,Busch Gardens,Busch Gardens,PS - Industrial,0.0454031751,0.0080716756,0.5044797229,0.968601068
2,2022,1,CSX,CSX - Rockport Newport,PS - Industrial,0.0190452954,0,0,0.0184394724
2,2022,1,CSX,CSX Winston Yard,PS - Industrial,0.0003477029,0,0,0.0397374797
2,2022,1,Coronet,Coronet Industries,PS - Industrial,0,0,0,0
2,2022,1,Estech Agricola,Estech Agricola,PS - Industrial,0.0014332398,0.0015884644,0.0094686963,0.004967185
2,2022,1,Kerry,Kerry I and F,PS - Industrial,0.025870755,0.0106070096,0,0.5174151004
2,2022,1,Kinder Morgan,Kinder Morgan Port Sutton,PS - Industrial,0,0,0,0
2,2022,1,Kinder Morgan,Kinder Morgan Tampaplex,PS - Industrial,0,0,0,0
2,2022,1,Lowry Park Zoo,Lowry Park Zoo,PS - Industrial,0.0124179624,0.0018564854,0.031044906,0.0596062196
2,2022,1,Mosaic,Mosaic - Bartow,PS - Industrial,1.1769123874,0.424849539,2.2113286562,2.5332643317
2,2022,1,Mosaic,Mosaic - Black Point,PS - Industrial,0.0009960241,0.0000724381,0.001060701,0.0003169167
2,2022,1,Mosaic,Mosaic - Bonnie,PS - Industrial,0.2474925779,0.4155360671,1.2550420676,2.4463385948
2,2022,1,Mosaic,Mosaic - Ft. Lonesome,PS - Industrial,0,0,0,0
2,2022,1,Mosaic,Mosaic - Green Bay,PS - Industrial,0.2133949228,1.9205543051,3.5868508299,4.358704806
2,2022,1,Mosaic,Mosaic - Hookers Prairie,PS - Industrial,0,0,0,0
2,2022,1,Mosaic,Mosaic - Mulberry Phospho Stack,PS - Industrial,0,0,0,0
2,2022,1,Mosaic,Mosaic - Mulberry Plant,PS - Industrial,0,0,0,0
2,2022,1,Mosaic,Mosaic - New Wales Chemical Plant,PS - Industrial,0.5345544756,0.1924396112,3.4924225741,6.842297288
2,2022,1,Mosaic,Mosaic - Nichols Mine,PS - Industrial,0,0,0,0
2,2022,1,Mosaic,Mosaic - Plant City,PS - Industrial,0.9164456259,0.2757822485,5.0913645881,4.0730916705
2,2022,1,Mosaic,Mosaic - Port Sutton,PS - Industrial,0.0018626944,0.010244819,0.2235233234,0.1490155489
2,2022,1,Mosaic,Mosaic - Riverview,PS - Industrial,0.1074153748,0.1102094164,0.1189019901,0.0186269436
2,2022,1,Mosaic,Mosaic - Riverview Stack Closure,PS - Industrial,0,0,0,0
2,2022,1,Mosaic,Mosaic - South Pierce,PS - Industrial,0.2085312208,0.6383608801,1.5235546339,4.0855096329
2,2022,1,Mosaic,Mosaic - Tampa Ammonia Terminal,PS - Industrial,0,0,0,0
2,2022,1,Mosaic,Mosaic - Tampa Marine Terminal,PS - Industrial,0,0,0,0
2,2022,1,TECO,TECO - Bayside (fka Gannon),PS - Industrial,0,0,0,0
2,2022,1,Trademark Nitrogen,Trademark Nitrogen Corporation,PS - Industrial,0.0052291264,0.0018109076,0.0201015767,0.0149176788
2,2022,1,Springs,,Springs,11.263207164,0.4317704178,27.128388735,0
2,2022,2,Atmospheric Deposition,,Atmospheric Deposition,0.9801663663,0.0170214512,0,0
2,2022,2,Ground Water,,Ground Water,1.7256819188,0.2053736832,0,0
2,2022,2,CSX,CSX Newport,Material Losses,0.0504270833,0,0,0
2,2022,2,CSX,CSX Rockport,Material Losses,0.0460771667,0,0,0
2,2022,2,Kinder Morgan,Kinder Morgan Port Sutton,Material Losses,0.0175665,0,0,0
2,2022,2,Kinder Morgan,Kinder Morgan Tampaplex,Material Losses,0.00481475,0,0,0
2,2022,2,Mosaic,Mosaic All,Material Losses,0.25,0,0,0
2,2022,2,ALAFIA PRESERVE,,Non-Point Source,0.0105849157,0,0.3534599939,0.0452722464
2,2022,2,BLOOMINGDALE,,Non-Point Source,0.0025884323,0.0004871001,0.0835633088,0.0157954326
2,2022,2,CITY OF PLANT CITY,,Non-Point Source,0.1369888953,0,9.6618568084,0.9627517285
2,2022,2,Conservation,,Non-Point Source,0.7696038333,0.0150967746,23.413941889,4.110762092
2,2022,2,DONALDSON KNOLL,,Non-Point Source,0.0015261835,0,0.0956018159,0.0100081884
2,2022,2,EAGLE RIDGE,,Non-Point Source,0.0231846016,0,0.8125219766,0.0979341074
2,2022,2,FDACS (Agriculture),,Non-Point Source,2.0427482837,0,21.975579989,5.8589899945
2,2022,2,HILLSBOROUGH,,Non-Point Source,3.1770347043,0.2471230385,138.48815881,21.971472393
2,2022,2,LAKE ST. CHARLES,,Non-Point Source,0.0081097053,0.0015983728,0.2612673103,0.0474321603
2,2022,2,LIVE OAK I,,Non-Point Source,0,0,0.0689773982,0.0109029448
2,2022,2,LIVE OAK II,,Non-Point Source,0,0,0.0690459134,0.0101822064
2,2022,2,Lakeland,,Non-Point Source,0.2241986423,0,13.171120635,1.4718416333
2,2022,2,MAGNOLIA PARK,,Non-Point Source,0.0078627539,0.0015465685,0.2687753165,0.047989604
2,2022,2,MSGP COT,,Non-Point Source,0.0039434068,0.001191955,1.7967523352,0.3929958705
2,2022,2,MacDill AFB,,Non-Point Source,0.0149023159,0.0022530355,0.3126829158,0.1221137453
2,2022,2,Mulberry,,Non-Point Source,0.0532823213,0,2.6656367434,0.2541448856
2,2022,2,None,,Non-Point Source,0.0004385925,0.0000369234,0.006891263,0.0021615314
2,2022,2,PALM RIVER,,Non-Point Source,0.0005084531,0.0001019364,0.0183619935,0.0033545111
2,2022,2,PANTHER TRACE,,Non-Point Source,0.0077666383,0.0015397636,0.2624381766,0.0463848656
2,2022,2,PANTHER TRACE II,,Non-Point Source,0.0142176339,0.001840839,0.7667312768,0.1460838376
2,2022,2,PASCO,,Non-Point Source,0,0,9.5968486688,1.6258015849
2,2022,2,POLK,,Non-Point Source,1.4695596384,0,63.565022872,7.0396642231
2,2022,2,RIVERCREST,,Non-Point Source,0.0097757378,0.0021539027,0.3088124352,0.0572102623
2,2022,2,SAN ANTONIO,,Non-Point Source,0,0,0.0794944109,0.0118313286
2,2022,2,SPRING LAKE,,Non-Point Source,0.0081228377,0.0017319015,0.343810177,0.0593320629
2,2022,2,ST. LEO,,Non-Point Source,0,0,0.0029921769,0.0005062999
2,2022,2,STONE CREST,,Non-Point Source,0.000734448,0.0001445167,0.0241681902,0.0042790024
2,2022,2,STONE DAIRY CREEK,,Non-Point Source,0.0054020896,0.0010784879,0.1889687436,0.033184374
2,2022,2,STONELAKE RANCH,,Non-Point Source,0,0,0.0347440445,0.0060599558
2,2022,2,TEMPLE TERRACE,,Non-Point Source,0,0,0.6158596852,0.0884950632
2,2022,2,Tampa,,Non-Point Source,0.6250489762,0.1237143141,28.22485033,5.168524651
2,2022,2,ZEPHYRHILLS,,Non-Point Source,0,0,0.6332172298,0.0918548345
2,2022,2,Lakeland,City of Lakeland,PS - Domestic - REUSE,0,0,0,0
2,2022,2,Zephyrhills,City of Zephyrhills WWTF,PS - Domestic - REUSE,0.1310405483,0.0391165816,0.0097791454,0.0215141199
2,2022,2,Hillsborough Co.,Falkenburg AWTP,PS - Domestic - REUSE,0.0524927175,0.0017590152,0.0017590152,0.0056936545
2,2022,2,Tampa,Howard F. Curren,PS - Domestic - REUSE,0.2570828668,0.0582484222,0.0161910868,0.0434395013
2,2022,2,Polk Co.,NW Regional WWTP,PS - Domestic - REUSE,0.0208107692,0.0022628148,0.000890872,0.0017817439
2,2022,2,Pasco Co.,Pasco Reuse,PS - Domestic - REUSE,0.2329272479,0,0,0
2,2022,2,Plant City,Plant City WRF,PS - Domestic - REUSE,0.0549251485,0.0021125057,0.0199514428,0.0117361428
2,2022,2,Hillsborough Co.,South County Regional WWTP,PS - Domestic - REUSE,0,0,0,0
2,2022,2,Polk Co.,Southwest Regional WWTF,PS - Domestic - REUSE,0.0808123106,0.0112915831,0.0106273723,0.023247377
2,2022,2,Hillsborough Co.,Valrico AWTP,PS - Domestic - REUSE,0.6164051214,0.0118997128,0.0122963699,0.038872395
2,2022,2,Lakeland,City of Lakeland,PS - Domestic - SW,0,0,0,0
2,2022,2,Mulberry,City of Mulberry,PS - Domestic - SW,0.0767610338,0.1279350563,0.0562914248,0.0639675281
2,2022,2,Hillsborough Co.,Falkenburg AWTP,PS - Domestic - SW,1.1243844064,0.2357580207,0.2297129432,0.7435445268
2,2022,2,Tampa,Howard F. Curren,PS - Domestic - SW,12.524549921,17.026461874,4.7327792327,12.697700381
2,2022,2,Plant City,Plant City WRF,PS - Domestic - SW,0.3712710384,0.0856779319,0.8091804683,0.4759885108
2,2022,2,Hillsborough Co.,South County Regional WWTP,PS - Domestic - SW,0.1445666136,0.0132024305,0.09967835,0.1208022388
2,2022,2,Hillsborough Co.,Valrico AWTP,PS - Domestic - SW,0.3697848887,0.039936768,0.0458533262,0.1183311644
2,2022,2,Alpha/Owens Corning,Alpha/Owens Corning,PS - Industrial,0,0,0,0
2,2022,2,Cytech Brewster,Brewster Phosphogypsum,PS - Industrial,0,0,0,0
2,2022,2,Busch Gardens,Busch Gardens,PS - Industrial,0.00350507,0.0046734267,0.2920891696,0.5608112056
2,2022,2,CSX,CSX - Rockport Newport,PS - Industrial,0,0,0,0
2,2022,2,CSX,CSX Winston Yard,PS - Industrial,0.0001570271,0,0,0.0179459586
2,2022,2,Coronet,Coronet Industries,PS - Industrial,0,0,0,0
2,2022,2,Estech Agricola,Estech Agricola,PS - Industrial,0.0012945392,0.001434742,0.0085523709,0.0044864896
2,2022,2,Kerry,Kerry I and F,PS - Industrial,0.0245354902,0.010059551,0,0.4907098049
2,2022,2,Kinder Morgan,Kinder Morgan Port Sutton,PS - Industrial,0,0,0,0
2,2022,2,Kinder Morgan,Kinder Morgan Tampaplex,PS - Industrial,0,0,0,0
2,2022,2,Lowry Park Zoo,Lowry Park Zoo,PS - Industrial,0.0097324111,0.0018033585,0.0286247386,0.0549594982
2,2022,2,Mosaic,Mosaic - Bartow,PS - Industrial,0.9169263212,0.3385897654,1.7623492137,2.0189203402
2,2022,2,Mosaic,Mosaic - Black Point,PS - Industrial,0.0008645839,0.000065428,0.0009580525,0.0002862474
2,2022,2,Mosaic,Mosaic - Bonnie,PS - Industrial,0.4063778199,0.5775654404,4.1581113169,3.0844616309
2,2022,2,Mosaic,Mosaic - Ft. Lonesome,PS - Industrial,0.0010281539,0.0001495497,0.0224324482,0.0897297929
2,2022,2,Mosaic,Mosaic - Green Bay,PS - Industrial,0.2527622838,1.8434214836,3.4427966242,4.1836515939
2,2022,2,Mosaic,Mosaic - Hookers Prairie,PS - Industrial,0,0,0,0
2,2022,2,Mosaic,Mosaic - Mulberry Phospho Stack,PS - Industrial,0,0,0,0
2,2022,2,Mosaic,Mosaic - Mulberry Plant,PS - Industrial,0,0,0,0
2,2022,2,Mosaic,Mosaic - New Wales Chemical Plant,PS - Industrial,0.5627740448,0.2110402668,3.8299900274,7.5036539312
2,2022,2,Mosaic,Mosaic - Nichols Mine,PS - Industrial,0,0,0,0
2,2022,2,Mosaic,Mosaic - Plant City,PS - Industrial,0.7110385073,0.1222685264,2.2572651026,1.8058120821
2,2022,2,Mosaic,Mosaic - Port Sutton,PS - Industrial,0.002103042,0.0115667311,0.2523650425,0.1682433617
2,2022,2,Mosaic,Mosaic - Riverview,PS - Industrial,0.023974679,0.0497719945,0.0536976729,0.0084121681
2,2022,2,Mosaic,Mosaic - Riverview Stack Closure,PS - Industrial,0,0,0,0
2,2022,2,Mosaic,Mosaic - South Pierce,PS - Industrial,1.3188527021,1.0357481954,2.471985693,6.6287884504
2,2022,2,Mosaic,Mosaic - Tampa Ammonia Terminal,PS - Industrial,0,0,0,0
2,2022,2,Mosaic,Mosaic - Tampa Marine Terminal,PS - Industrial,0,0,0,0
2,2022,2,TECO,TECO - Bayside (fka Gannon),PS - Industrial,0,0,0,0
2,2022,2,Trademark Nitrogen,Trademark Nitrogen Corporation,PS - Industrial,0.0072793294,0.0018381686,0.0330878611,0.015142246
2,2022,2,Springs,,Springs,10.505295708,0.3380835899,21.653853619,0
2,2022,3,Atmospheric Deposition,,Atmospheric Deposition,3.1692650214,0.0575933762,0,0
2,2022,3,Ground Water,,Ground Water,1.7256819188,0.2053736832,0,0
2,2022,3,CSX,CSX Newport,Material Losses,0.0504270833,0,0,0
2,2022,3,CSX,CSX Rockport,Material Losses,0.0460771667,0,0,0
2,2022,3,Kinder Morgan,Kinder Morgan Port Sutton,Material Losses,0.0175665,0,0,0
2,2022,3,Kinder Morgan,Kinder Morgan Tampaplex,Material Losses,0.00481475,0,0,0
2,2022,3,Mosaic,Mosaic All,Material Losses,0.25,0,0,0
2,2022,3,ALAFIA PRESERVE,,Non-Point Source,0,0.0003339392,0.3009670747,0.0297835439
2,2022,3,BLOOMINGDALE,,Non-Point Source,0.0032414935,0.0006126164,0.1050959575,0.0198656101
2,2022,3,CITY OF PLANT CITY,,Non-Point Source,0,0,6.5558499064,0.2704329994
2,2022,3,Conservation,,Non-Point Source,0.0584367646,0.0385841268,19.285174352,2.4877719259
2,2022,3,DONALDSON KNOLL,,Non-Point Source,0,0.000047873,0.0814038346,0.0065841512
2,2022,3,EAGLE RIDGE,,Non-Point Source,0,0.0011445919,0.691853015,0.0644285411
2,2022,3,FDACS (Agriculture),,Non-Point Source,0,0.028828762,15.853308782,2.6722893814
2,2022,3,HILLSBOROUGH,,Non-Point Source,1.3754357685,0.4413240007,129.71862634,18.908223961
2,2022,3,LAKE ST. CHARLES,,Non-Point Source,0.0101630199,0.0020143112,0.3293430951,0.0598038714
2,2022,3,LIVE OAK I,,Non-Point Source,0,0,0,0
2,2022,3,LIVE OAK II,,Non-Point Source,0,0,0,0
2,2022,3,Lakeland,,Non-Point Source,0,0.0008172258,9.4966504922,0.6167124689
2,2022,3,MAGNOLIA PARK,,Non-Point Source,0.0098465258,0.0019450893,0.3380335177,0.0603555969
2,2022,3,MSGP COT,,Non-Point Source,0,0,0.6923941912,0.1183984569
2,2022,3,MacDill AFB,,Non-Point Source,0.0186621685,0.0028335992,0.3932552562,0.1535800959
2,2022,3,Mulberry,,Non-Point Source,0,0.0019231442,2.2697586908,0.1671959304
2,2022,3,None,,Non-Point Source,0.0005492494,0.0000464378,0.0086670082,0.0027185162
2,2022,3,PALM RIVER,,Non-Point Source,0.0007176293,0.0001445879,0.0260448902,0.0047580822
2,2022,3,PANTHER TRACE,,Non-Point Source,0.0097261602,0.0019365309,0.3300634194,0.0583373484
2,2022,3,PANTHER TRACE II,,Non-Point Source,0.0113199619,0.0021568882,0.6992411099,0.1353523079
2,2022,3,PASCO,,Non-Point Source,0,0,0,0
2,2022,3,POLK,,Non-Point Source,0,0.0315496461,51.364816566,3.9213237216
2,2022,3,RIVERCREST,,Non-Point Source,0.0123017815,0.0027456368,0.3933848245,0.0728536379
2,2022,3,SAN ANTONIO,,Non-Point Source,0,0,0,0
2,2022,3,SPRING LAKE,,Non-Point Source,0.009535196,0.0021849806,0.4013837627,0.0695064676
2,2022,3,ST. LEO,,Non-Point Source,0,0,0,0
2,2022,3,STONE CREST,,Non-Point Source,0.0009197491,0.0001817559,0.0303958655,0.0053816186
2,2022,3,STONE DAIRY CREEK,,Non-Point Source,0.0067650362,0.0013563934,0.2376623344,0.0417353454
2,2022,3,STONELAKE RANCH,,Non-Point Source,0,0,0,0
2,2022,3,TEMPLE TERRACE,,Non-Point Source,0,0,0,0
2,2022,3,Tampa,,Non-Point Source,0.7887059385,0.1557702967,33.884805806,6.111493134
2,2022,3,ZEPHYRHILLS,,Non-Point Source,0,0,0,0
2,2022,3,Lakeland,City of Lakeland,PS - Domestic - REUSE,0,0,0,0
2,2022,3,Zephyrhills,City of Zephyrhills WWTF,PS - Domestic - REUSE,0.1147238631,0.0573619316,0.01404782,0.0491673699
2,2022,3,Hillsborough Co.,Falkenburg AWTP,PS - Domestic - REUSE,0.0612773869,0.0026498329,0.0020425796,0.0096608493
2,2022,3,Tampa,Howard F. Curren,PS - Domestic - REUSE,0.3979336054,0.0743687192,0.0355994524,0.0682729225
2,2022,3,Polk Co.,NW Regional WWTP,PS - Domestic - REUSE,0.0266881415,0.0032183866,0.0011857214,0.0022585169
2,2022,3,Pasco Co.,Pasco Reuse,PS - Domestic - REUSE,0.2329272479,0,0,0
2,2022,3,Plant City,Plant City WRF,PS - Domestic - REUSE,0.0652331088,0.0021214019,0.0198881429,0.0132587619
2,2022,3,Hillsborough Co.,South County Regional WWTP,PS - Domestic - REUSE,0,0,0,0
2,2022,3,Polk Co.,Southwest Regional WWTF,PS - Domestic - REUSE,0.0766847985,0.0141197407,0.0066947046,0.0121721902
2,2022,3,Hillsborough Co.,Valrico AWTP,PS - Domestic - REUSE,0.609675387,0.01404782,0.0177939053,0.0449530239
2,2022,3,Lakeland,City of Lakeland,PS - Domestic - SW,0,0,0,0
2,2022,3,Mulberry,City of Mulberry,PS - Domestic - SW,0.1029009281,0.1029009281,0.066746548,0.066746548
2,2022,3,Hillsborough Co.,Falkenburg AWTP,PS - Domestic - SW,1.3252604709,0.3399882883,0.2567258504,1.2142438869
2,2022,3,Tampa,Howard F. Curren,PS - Domestic - SW,17.345823827,19.450280394,9.3106260245,17.855995116
2,2022,3,Plant City,Plant City WRF,PS - Domestic - SW,0.4446458407,0.086760164,0.8133765379,0.5422510252
2,2022,3,Hillsborough Co.,South County Regional WWTP,PS - Domestic - SW,0.1303886053,0.0144876228,0.0620070256,0.1512507822
2,2022,3,Hillsborough Co.,Valrico AWTP,PS - Domestic - SW,0.1433640825,0.0186437596,0.0276441953,0.105433675
2,2022,3,Alpha/Owens Corning,Alpha/Owens Corning,PS - Industrial,0,0,0,0
2,2022,3,Cytech Brewster,Brewster Phosphogypsum,PS - Industrial,0.0048261893,0.0185622667,0.1124343013,0.1018272918
2,2022,3,Busch Gardens,Busch Gardens,PS - Industrial,0.0648579828,0.0112796492,0.7049780743,1.3535579027
2,2022,3,CSX,CSX - Rockport Newport,PS - Industrial,0.0033231402,0,0,0.0058885177
2,2022,3,CSX,CSX Winston Yard,PS - Industrial,0.0001890635,0,0,0.0216072546
2,2022,3,Coronet,Coronet Industries,PS - Industrial,0,0,0,0
2,2022,3,Estech Agricola,Estech Agricola,PS - Industrial,0.0014332398,0.0015884644,0.0094686963,0.004967185
2,2022,3,Kerry,Kerry I and F,PS - Industrial,0.0219901418,0.0351842268,0,0.4398028354
2,2022,3,Kinder Morgan,Kinder Morgan Port Sutton,PS - Industrial,0,0,0,0
2,2022,3,Kinder Morgan,Kinder Morgan Tampaplex,PS - Industrial,0,0,0,0
2,2022,3,Lowry Park Zoo,Lowry Park Zoo,PS - Industrial,0.0097274039,0.0025870755,0.05174151,0.0993436993
2,2022,3,Mosaic,Mosaic - Bartow,PS - Industrial,0.4423899109,0.2374159188,1.2357424843,1.4156477148
2,2022,3,Mosaic,Mosaic - Black Point,PS - Industrial,0.0002380109,0.0001448762,0.0021214019,0.0006338335
2,2022,3,Mosaic,Mosaic - Bonnie,PS - Industrial,0.794193373,1.264135638,5.7917894096,5.8612782576
2,2022,3,Mosaic,Mosaic - Ft. Lonesome,PS - Industrial,0.0123791563,0.0018006045,0.2700906824,1.0803627297
2,2022,3,Mosaic,Mosaic - Green Bay,PS - Industrial,0.4393889033,2.1120625692,3.9445140181,4.7933334903
2,2022,3,Mosaic,Mosaic - Hookers Prairie,PS - Industrial,0,0,0,0
2,2022,3,Mosaic,Mosaic - Mulberry Phospho Stack,PS - Industrial,0,0,0,0
2,2022,3,Mosaic,Mosaic - Mulberry Plant,PS - Industrial,0,0,0,0
2,2022,3,Mosaic,Mosaic - New Wales Chemical Plant,PS - Industrial,0.7210438132,0.2071083293,3.7586326432,7.3638517092
2,2022,3,Mosaic,Mosaic - Nichols Mine,PS - Industrial,0,0,0,0
2,2022,3,Mosaic,Mosaic - Plant City,PS - Industrial,1.388793871,0.2320606725,4.2841970315,3.4273576252
2,2022,3,Mosaic,Mosaic - Port Sutton,PS - Industrial,0.0019791128,0.0076836142,0.1676424925,0.1117616617
2,2022,3,Mosaic,Mosaic - Riverview,PS - Industrial,0.0911556053,0.1239855934,0.1337647388,0.0209553116
2,2022,3,Mosaic,Mosaic - Riverview Stack Closure,PS - Industrial,0,0,0,0
2,2022,3,Mosaic,Mosaic - South Pierce,PS - Industrial,0.5993736523,0.7023909988,1.6763731839,4.4953023925
2,2022,3,Mosaic,Mosaic - Tampa Ammonia Terminal,PS - Industrial,0,0,0,0
2,2022,3,Mosaic,Mosaic - Tampa Marine Terminal,PS - Industrial,0,0,0,0
2,2022,3,TECO,TECO - Bayside (fka Gannon),PS - Industrial,0,0,0,0
2,2022,3,Trademark Nitrogen,Trademark Nitrogen Corporation,PS - Industrial,0.0163037498,0.0039667499,0.0386767788,0.0326768203
2,2022,3,Springs,,Springs,8.8343068113,0.2373144858,15.514069687,0
2,2022,4,Atmospheric Deposition,,Atmospheric Deposition,15.11896128,0.2267125379,0,0
2,2022,4,Ground Water,,Ground Water,1.7256819188,0.2053736832,0,0
2,2022,4,CSX,CSX Newport,Material Losses,0.0504270833,0,0,0
2,2022,4,CSX,CSX Rockport,Material Losses,0.0460771667,0,0,0
2,2022,4,Kinder Morgan,Kinder Morgan Port Sutton,Material Losses,0.0175665,0,0,0
2,2022,4,Kinder Morgan,Kinder Morgan Tampaplex,Material Losses,0.00481475,0,0,0
2,2022,4,Mosaic,Mosaic All,Material Losses,0.25,0,0,0
2,2022,4,ALAFIA PRESERVE,,Non-Point Source,0.0010931624,0,0.359309545,0.0413347827
2,2022,4,BLOOMINGDALE,,Non-Point Source,0.0060949015,0.0011142082,0.1911453422,0.0361309696
2,2022,4,CITY OF PLANT CITY,,Non-Point Source,0.1273480991,0,19.299610963,2.6816944105
2,2022,4,Conservation,,Non-Point Source,1.2357719972,0,39.908023555,9.5571871066
2,2022,4,DONALDSON KNOLL,,Non-Point Source,0.0001576174,0,0.0971839687,0.0091377461
2,2022,4,EAGLE RIDGE,,Non-Point Source,0.0023944011,0,0.8259687284,0.089416483
2,2022,4,FDACS (Agriculture),,Non-Point Source,2.5467039805,0,47.447336484,15.204743964
2,2022,4,HILLSBOROUGH,,Non-Point Source,4.6787237404,0.1735315834,263.04264123,46.845113142
2,2022,4,LAKE ST. CHARLES,,Non-Point Source,0.0190821201,0.0036297114,0.592739367,0.1075265611
2,2022,4,LIVE OAK I,,Non-Point Source,0.0065466867,0.0009922789,0.4649588554,0.0983307383
2,2022,4,LIVE OAK II,,Non-Point Source,0.005691019,0.0009025317,0.4654206984,0.0918305921
2,2022,4,Lakeland,,Non-Point Source,0.1315048502,0,23.135199157,3.0900773154
2,2022,4,MAGNOLIA PARK,,Non-Point Source,0.0185141832,0.0035376694,0.6148051169,0.1097729304
2,2022,4,MSGP COT,,Non-Point Source,0.1559007523,0.0235655224,9.0496415532,2.0344038091
2,2022,4,MacDill AFB,,Non-Point Source,0.0350900219,0.0051536644,0.7152407413,0.2793268237
2,2022,4,Mulberry,,Non-Point Source,0.0055027579,0,2.7097514342,0.2320411391
2,2022,4,None,,Non-Point Source,0.0010327402,0.0000844597,0.0157632919,0.0049443548
2,2022,4,PALM RIVER,,Non-Point Source,0.0030290349,0.0005873125,0.1057936753,0.0193272076
2,2022,4,PANTHER TRACE,,Non-Point Source,0.0182878627,0.0035221038,0.6003093436,0.1061022012
2,2022,4,PANTHER TRACE II,,Non-Point Source,0.0251570556,0.0035447487,1.3501473423,0.25912971
2,2022,4,PASCO,,Non-Point Source,1.0471132889,0.1586597343,64.689882299,14.662669015
2,2022,4,POLK,,Non-Point Source,0.474409552,0,80.270941891,9.9534250165
2,2022,4,RIVERCREST,,Non-Point Source,0.02290697,0.004688156,0.6738904821,0.1250029967
2,2022,4,SAN ANTONIO,,Non-Point Source,0.0076809163,0.0011778441,0.5358513257,0.1067035835
2,2022,4,SPRING LAKE,,Non-Point Source,0.0181880706,0.0037283542,0.7106945584,0.1229007105
2,2022,4,ST. LEO,,Non-Point Source,0.0001683883,0.0000240663,0.0201694926,0.0045661836
2,2022,4,STONE CREST,,Non-Point Source,0.0017293819,0.000330572,0.0552830789,0.0097879248
2,2022,4,STONE DAIRY CREEK,,Non-Point Source,0.0127201331,0.0024669672,0.4322530507,0.0759069813
2,2022,4,STONELAKE RANCH,,Non-Point Source,0.0062487584,0.0010296728,0.2342006454,0.0546531184
2,2022,4,TEMPLE TERRACE,,Non-Point Source,0.0478383332,0.0074587049,4.1513513368,0.7981132713
2,2022,4,Tampa,,Non-Point Source,1.7951623563,0.3420094016,78.736431789,14.739640747
2,2022,4,ZEPHYRHILLS,,Non-Point Source,0.0434637522,0.0067715798,4.2683540689,0.8284141489
2,2022,4,Lakeland,City of Lakeland,PS - Domestic - REUSE,0,0,0,0
2,2022,4,Zephyrhills,City of Zephyrhills WWTF,PS - Domestic - REUSE,0.115335331,0.0618269318,0.0118033233,0.0224825207
2,2022,4,Hillsborough Co.,Falkenburg AWTP,PS - Domestic - REUSE,0.0720873984,0.0026432046,0.0025631075,0.002963593
2,2022,4,Tampa,Howard F. Curren,PS - Domestic - REUSE,0.3696471895,0.0727214406,0.0251263449,0.0531518835
2,2022,4,Polk Co.,NW Regional WWTP,PS - Domestic - REUSE,0.0202928533,0.0030854631,0.0024723262,0.0023734331
2,2022,4,Pasco Co.,Pasco Reuse,PS - Domestic - REUSE,0.2329272479,0,0,0
2,2022,4,Plant City,Plant City WRF,PS - Domestic - REUSE,0.0777509657,0.002190168,0.0255519606,0.0182514004
2,2022,4,Polk Co.,Southwest Regional WWTF,PS - Domestic - REUSE,0.1005832423,0.0123163154,0.0063862376,0.0114039957
2,2022,4,Hillsborough Co.,Valrico AWTP,PS - Domestic - REUSE,0.5269697544,0.0168900562,0.0164074832,0.0492224496
2,2022,4,Lakeland,City of Lakeland,PS - Domestic - SW,1.3726181982,4.9022078506,5.8281804446,2.4619977205
2,2022,4,Mulberry,City of Mulberry,PS - Domestic - SW,0.1018473207,0.1273091509,0.0594109371,0.0622400293
2,2022,4,Hillsborough Co.,Falkenburg AWTP,PS - Domestic - SW,1.1140614744,0.2418686096,0.2345392578,0.2711860168
2,2022,4,Tampa,Howard F. Curren,PS - Domestic - SW,16.630931411,19.631020999,6.7828112422,14.348254551
2,2022,4,Plant City,Plant City WRF,PS - Domestic - SW,0.2772122336,0.0468527719,0.546615672,0.3904397657
2,2022,4,Hillsborough Co.,Valrico AWTP,PS - Domestic - SW,0.0947370358,0.0177631942,0.0150718012,0.0619020404
2,2022,4,Alpha/Owens Corning,Alpha/Owens Corning,PS - Industrial,0,0,0,0
2,2022,4,Cytech Brewster,Brewster Phosphogypsum,PS - Industrial,0.0071278103,0.0411219824,0.0657951718,0.1754537915
2,2022,4,Busch Gardens,Busch Gardens,PS - Industrial,0.0538278613,0.0086124578,0.5382786125,1.0334949361
2,2022,4,CSX,CSX - Rockport Newport,PS - Industrial,0.0643891797,0,0,0.4071889932
2,2022,4,CSX,CSX Winston Yard,PS - Industrial,0.0003154563,0,0,0.0360521489
2,2022,4,Coronet,Coronet Industries,PS - Industrial,0,0,0,0
2,2022,4,Estech Agricola,Estech Agricola,PS - Industrial,0,0,0,0
2,2022,4,Kerry,Kerry I and F,PS - Industrial,0.0200289716,0.0082118784,0,0.4005794326
2,2022,4,Kinder Morgan,Kinder Morgan Port Sutton,PS - Industrial,2.449167687,0.0174940549,0.2449167687,0.3008977444
2,2022,4,Kinder Morgan,Kinder Morgan Tampaplex,PS - Industrial,0,0,0,0
2,2022,4,Lowry Park Zoo,Lowry Park Zoo,PS - Industrial,0.0108657171,0.0026538387,0.0500724291,0.0961390638
2,2022,4,Mosaic,Mosaic - Bartow,PS - Industrial,0.4133979744,0.2579731546,1.342742258,1.5382250211
2,2022,4,Mosaic,Mosaic - Black Point,PS - Industrial,0.0029542733,0.0005608112,0.0082118784,0.002453549
2,2022,4,Mosaic,Mosaic - Bonnie,PS - Industrial,0.2279922877,0.208539149,0.6603927489,1.598311936
2,2022,4,Mosaic,Mosaic - Ft. Lonesome,PS - Industrial,0.0129437229,0.0018827233,0.2824085,1.1296339999
2,2022,4,Mosaic,Mosaic - Green Bay,PS - Industrial,0.349743399,2.2080814592,4.1238400774,5.0112487016
2,2022,4,Mosaic,Mosaic - Hookers Prairie,PS - Industrial,0,0,0,0
2,2022,4,Mosaic,Mosaic - Mulberry Phospho Stack,PS - Industrial,0.2740964767,1.1355425465,1.154269635,1.6343640849
2,2022,4,Mosaic,Mosaic - Mulberry Plant,PS - Industrial,0,0,0,0
2,2022,4,Mosaic,Mosaic - New Wales Chemical Plant,PS - Industrial,0.615590443,0.2308464161,4.1894349595,8.2078725737
2,2022,4,Mosaic,Mosaic - Nichols Mine,PS - Industrial,0,0,0,0
2,2022,4,Mosaic,Mosaic - Plant City,PS - Industrial,0.5983905636,0.2091149819,3.8605842815,3.0884674252
2,2022,4,Mosaic,Mosaic - Port Sutton,PS - Industrial,0.0014896548,0.0057833656,0.1261825213,0.0841216808
2,2022,4,Mosaic,Mosaic - Riverview,PS - Industrial,0.1304261596,0.3066310375,0.3308160208,0.0518249641
2,2022,4,Mosaic,Mosaic - Riverview Stack Closure,PS - Industrial,0,0,0,0
2,2022,4,Mosaic,Mosaic - South Pierce,PS - Industrial,0.436456328,0.8393390923,2.0032226337,5.371770191
2,2022,4,Mosaic,Mosaic - Tampa Ammonia Terminal,PS - Industrial,0,0,0,0
2,2022,4,Mosaic,Mosaic - Tampa Marine Terminal,PS - Industrial,0,0,0,0
2,2022,4,TECO,TECO - Bayside (fka Gannon),PS - Industrial,0,0,0,0
2,2022,4,Trademark Nitrogen,Trademark Nitrogen Corporation,PS - Industrial,0.0242350557,0.0073437727,0.0716035736,0.0604956561
2,2022,4,Springs,,Springs,9.8096663273,0.357352218,22.662713727,0
2,2022,5,Atmospheric Deposition,,Atmospheric Deposition,4.8222747859,0.0841756513,0,0
2,2022,5,Ground Water,,Ground Water,1.7256819188,0.2053736832,0,0
2,2022,5,CSX,CSX Newport,Material Losses,0.0504270833,0,0,0
2,2022,5,CSX,CSX Rockport,Material Losses,0.0460771667,0,0,0
2,2022,5,Kinder Morgan,Kinder Morgan Port Sutton,Material Losses,0.0175665,0,0,0
2,2022,5,Kinder Morgan,Kinder Morgan Tampaplex,Material Losses,0.00481475,0,0,0
2,2022,5,Mosaic,Mosaic All,Material Losses,0.25,0,0,0
2,2022,5,ALAFIA PRESERVE,,Non-Point Source,0,0,0.1655818849,0
2,2022,5,BLOOMINGDALE,,Non-Point Source,0.0083456348,0.001571369,0.2695724752,0.0509555441
2,2022,5,CITY OF PLANT CITY,,Non-Point Source,0,0,5.5209631615,0
2,2022,5,Conservation,,Non-Point Source,0.4094615589,0,22.095945593,2.8812396755
2,2022,5,DONALDSON KNOLL,,Non-Point Source,0,0,0.0447856311,0
2,2022,5,EAGLE RIDGE,,Non-Point Source,0,0,0.3806340823,0
2,2022,5,FDACS (Agriculture),,Non-Point Source,0,0,19.193335358,1.8891736723
2,2022,5,HILLSBOROUGH,,Non-Point Source,4.2598584617,0,234.01166456,36.421878754
2,2022,5,LAKE ST. CHARLES,,Non-Point Source,0.0262462868,0.005182465,0.8476778222,0.1539751964
2,2022,5,LIVE OAK I,,Non-Point Source,0,0,0.0737544491,0.0105790737
2,2022,5,LIVE OAK II,,Non-Point Source,0,0,0.0738277092,0.0098797448
2,2022,5,Lakeland,,Non-Point Source,0,0,7.19306763,0
2,2022,5,MAGNOLIA PARK,,Non-Point Source,0.0253511255,0.0049891788,0.8670602967,0.1548128782
2,2022,5,MSGP COT,,Non-Point Source,0.0726101678,0.0113081228,3.4109192173,0.8885726504
2,2022,5,MacDill AFB,,Non-Point Source,0.048048112,0.0072682182,1.0087047624,0.3939349104
2,2022,5,Mulberry,,Non-Point Source,0,0,1.2487443107,0
2,2022,5,None,,Non-Point Source,0.0014141119,0.0001191136,0.022230987,0.0069730288
2,2022,5,PALM RIVER,,Non-Point Source,0.0057051479,0.0011445104,0.2061627731,0.0376634114
2,2022,5,PANTHER TRACE,,Non-Point Source,0.0250412291,0.0049672266,0.8466168926,0.1496360448
2,2022,5,PANTHER TRACE II,,Non-Point Source,0.0201782188,0.0040253252,0.8734259332,0.1793195919
2,2022,5,PASCO,,Non-Point Source,0,0,10.261481362,1.5775072808
2,2022,5,POLK,,Non-Point Source,0,0,31.420668957,0
2,2022,5,RIVERCREST,,Non-Point Source,0.0323341585,0.0071845519,1.0283594751,0.190355754
2,2022,5,SAN ANTONIO,,Non-Point Source,0,0,0.0849998206,0.0114798799
2,2022,5,SPRING LAKE,,Non-Point Source,0.0240416272,0.0055310119,0.9232760041,0.1607786371
2,2022,5,ST. LEO,,Non-Point Source,0,0,0.003199401,0.0004912603
2,2022,5,STONE CREST,,Non-Point Source,0.0023680104,0.0004662061,0.0779657838,0.0138039205
2,2022,5,STONE DAIRY CREEK,,Non-Point Source,0.0174174409,0.0034791664,0.6096069277,0.1070516949
2,2022,5,STONELAKE RANCH,,Non-Point Source,0,0,0.037150254,0.0058799453
2,2022,5,TEMPLE TERRACE,,Non-Point Source,0,0,0.6589134353,0.0859352543
2,2022,5,Tampa,,Non-Point Source,2.19769473,0.429689522,91.572431244,16.939882136
2,2022,5,ZEPHYRHILLS,,Non-Point Source,0,0,0.6770708829,0.0891262941
2,2022,5,Lakeland,City of Lakeland,PS - Domestic - REUSE,0,0,0,0
2,2022,5,Zephyrhills,City of Zephyrhills WWTF,PS - Domestic - REUSE,0.1198074665,0.066438686,0.0108915879,0.0217831757
2,2022,5,Hillsborough Co.,Falkenburg AWTP,PS - Domestic - REUSE,0.08405889,0.0036514943,0.0019375276,0.0067068263
2,2022,5,Tampa,Howard F. Curren,PS - Domestic - REUSE,0.4755691542,0.0823207425,0.0403260394,0.0611843356
2,2022,5,Polk Co.,NW Regional WWTP,PS - Domestic - REUSE,0.0284283379,0.0013825331,0.0012097165,0.002160208
2,2022,5,Pasco Co.,Pasco Reuse,PS - Domestic - REUSE,0.2329272479,0,0,0
2,2022,5,Plant City,Plant City WRF,PS - Domestic - REUSE,0.061975334,0.0011804826,0.0177072383,0.0098373546
2,2022,5,Polk Co.,Southwest Regional WWTF,PS - Domestic - REUSE,0.0889436558,0.0257284659,0.0058209199,0.0116418398
2,2022,5,Hillsborough Co.,Valrico AWTP,PS - Domestic - REUSE,0.6344802669,0.0194030663,0.0174627596,0.0460822824
2,2022,5,Lakeland,City of Lakeland,PS - Domestic - SW,1.9273163513,6.0572799613,7.6480807592,3.4569325032
2,2022,5,Mulberry,City of Mulberry,PS - Domestic - SW,0.0719724405,0.1384085394,0.0332180494,0.0359862202
2,2022,5,Hillsborough Co.,Falkenburg AWTP,PS - Domestic - SW,1.3196956715,0.349125839,0.1815454363,0.6144614767
2,2022,5,Tampa,Howard F. Curren,PS - Domestic - SW,18.285449649,18.991203846,9.3031235056,14.11508394
2,2022,5,Plant City,Plant City WRF,PS - Domestic - SW,0.505391667,0.0577590477,0.8663857149,0.4813253972
2,2022,5,Hillsborough Co.,Valrico AWTP,PS - Domestic - SW,0.1834443497,0.0297694778,0.0305740583,0.0844809505
2,2022,5,Alpha/Owens Corning,Alpha/Owens Corning,PS - Industrial,0,0,0,0
2,2022,5,Cytech Brewster,Brewster Phosphogypsum,PS - Industrial,0.000889954,0.0047602189,0.005174151,0.0198687399
2,2022,5,Busch Gardens,Busch Gardens,PS - Industrial,0.0645734045,0.0080716756,0.5044797229,0.968601068
2,2022,5,CSX,CSX - Rockport Newport,PS - Industrial,0.2598109796,0,0,0.5951809209
2,2022,5,CSX,CSX Winston Yard,PS - Industrial,0.0004346287,0,0,0.0496718496
2,2022,5,Coronet,Coronet Industries,PS - Industrial,0,0,0,0
2,2022,5,Estech Agricola,Estech Agricola,PS - Industrial,0,0,0,0
2,2022,5,Kerry,Kerry I and F,PS - Industrial,0.031044906,0.0269055852,0,0.4139320803
2,2022,5,Kinder Morgan,Kinder Morgan Port Sutton,PS - Industrial,0.8760484419,0.0070083875,0.1752096884,0.4282903494
2,2022,5,Kinder Morgan,Kinder Morgan Tampaplex,PS - Industrial,0,0,0,0
2,2022,5,Lowry Park Zoo,Lowry Park Zoo,PS - Industrial,0,0,0,0
2,2022,5,Mosaic,Mosaic - Bartow,PS - Industrial,0.3316760147,0.2061769821,1.073144789,1.2293782786
2,2022,5,Mosaic,Mosaic - Black Point,PS - Industrial,0.0006338335,0.0005070668,0.0074249067,0.0022184172
2,2022,5,Mosaic,Mosaic - Bonnie,PS - Industrial,0.0489474685,0.2558617672,0.7319871426,1.0679447673
2,2022,5,Mosaic,Mosaic - Ft. Lonesome,PS - Industrial,0.0216279512,0.0031458838,0.4718825716,1.8875302863
2,2022,5,Mosaic,Mosaic - Green Bay,PS - Industrial,0.7497344805,2.2980991685,4.291958258,5.2155442123
2,2022,5,Mosaic,Mosaic - Hookers Prairie,PS - Industrial,0,0,0,0
2,2022,5,Mosaic,Mosaic - Mulberry Phospho Stack,PS - Industrial,0,0,0,0
2,2022,5,Mosaic,Mosaic - Mulberry Plant,PS - Industrial,0,0,0,0
2,2022,5,Mosaic,Mosaic - New Wales Chemical Plant,PS - Industrial,0.8639279932,0.1976784391,3.5874975988,7.0285667241
2,2022,5,Mosaic,Mosaic - Nichols Mine,PS - Industrial,0,0,0,0
2,2022,5,Mosaic,Mosaic - Plant City,PS - Industrial,0.3423606366,0.1673191081,3.0889681495,2.4711745196
2,2022,5,Mosaic,Mosaic - Port Sutton,PS - Industrial,0.0013194085,0.0051224095,0.1117616617,0.0745077745
2,2022,5,Mosaic,Mosaic - Riverview,PS - Industrial,0.185648538,0.3168520721,0.3418432215,0.0535524629
2,2022,5,Mosaic,Mosaic - Riverview Stack Closure,PS - Industrial,0,0,0,0
2,2022,5,Mosaic,Mosaic - South Pierce,PS - Industrial,0.6788486118,2.5456822941,6.0756950752,16.292366682
2,2022,5,Mosaic,Mosaic - Tampa Ammonia Terminal,PS - Industrial,0,0,0,0
2,2022,5,Mosaic,Mosaic - Tampa Marine Terminal,PS - Industrial,0.0399703165,0.0853734916,0.1924784174,0.0372538872
2,2022,5,TECO,TECO - Bayside (fka Gannon),PS - Industrial,0,0,0,0
2,2022,5,Trademark Nitrogen,Trademark Nitrogen Corporation,PS - Industrial,0.0066009231,0.0023283097,0.0227015875,0.0191798728
2,2022,5,Springs,,Springs,8.5241229968,0.2612457215,16.72754453,0
2,2022,6,Atmospheric Deposition,,Atmospheric Deposition,16.260839576,0.2520668669,0,0
2,2022,6,Ground Water,,Ground Water,1.7256819188,0.2053736832,0,0
2,2022,6,CSX,CSX Newport,Material Losses,0.0504270833,0,0,0
2,2022,6,CSX,CSX Rockport,Material Losses,0.0460771667,0,0,0
2,2022,6,Kinder Morgan,Kinder Morgan Port Sutton,Material Losses,0.0175665,0,0,0
2,2022,6,Kinder Morgan,Kinder Morgan Tampaplex,Material Losses,0.00481475,0,0,0
2,2022,6,Mosaic,Mosaic All,Material Losses,0.25,0,0,0
2,2022,6,ALAFIA PRESERVE,,Non-Point Source,0.0146640621,0.0016734813,0.4358143868,0.0565977346
2,2022,6,BLOOMINGDALE,,Non-Point Source,0.0137751403,0.0025437788,0.4363919258,0.0824883475
2,2022,6,CITY OF PLANT CITY,,Non-Point Source,0.2123419649,0.0273722449,11.695182339,1.122034899
2,2022,6,Conservation,,Non-Point Source,2.2906998098,0.3223114037,43.630390945,9.0751618622
2,2022,6,DONALDSON KNOLL,,Non-Point Source,0.0021143343,0.0002399078,0.1178765561,0.0125118772
2,2022,6,EAGLE RIDGE,,Non-Point Source,0.0321193334,0.0057359346,1.0018354924,0.1224336997
2,2022,6,FDACS (Agriculture),,Non-Point Source,4.466111958,0.8862614343,38.013592408,9.9361037885
2,2022,6,HILLSBOROUGH,,Non-Point Source,12.434725308,2.5428881304,446.52317241,82.603010135
2,2022,6,LAKE ST. CHARLES,,Non-Point Source,0.0434786268,0.0083865322,1.3716920786,0.2491496324
2,2022,6,LIVE OAK I,,Non-Point Source,0,0,0.0759738141,0.0096318648
2,2022,6,LIVE OAK II,,Non-Point Source,0,0,0.0760492787,0.008995151
2,2022,6,Lakeland,,Non-Point Source,0.3321934457,0.0422700933,16.015921514,1.7610339835
2,2022,6,MAGNOLIA PARK,,Non-Point Source,0.041844068,0.0080766308,1.4036229491,0.2506156831
2,2022,6,MSGP COT,,Non-Point Source,0.1345688315,0.0198804842,4.821736495,1.3220984709
2,2022,6,MacDill AFB,,Non-Point Source,0.0793072665,0.0117660075,1.6329212153,0.6377135279
2,2022,6,Mulberry,,Non-Point Source,0.0738159176,0.0096375215,3.2867166383,0.3177227977
2,2022,6,None,,Non-Point Source,0.0023341053,0.0001928247,0.0359881817,0.011288146
2,2022,6,PALM RIVER,,Non-Point Source,0.0124813272,0.0024483588,0.4410273841,0.0805702967
2,2022,6,PANTHER TRACE,,Non-Point Source,0.041332559,0.0080410939,1.3705285596,0.2422352716
2,2022,6,PANTHER TRACE II,,Non-Point Source,0.0497679147,0.0075581015,1.9241226735,0.3835998489
2,2022,6,PASCO,,Non-Point Source,0,0,10.570262363,1.4362634436
2,2022,6,POLK,,Non-Point Source,2.1001920857,0.2703189544,78.015562798,8.6411990381
2,2022,6,RIVERCREST,,Non-Point Source,0.0546638697,0.0116035296,1.6610588492,0.307489772
2,2022,6,SAN ANTONIO,,Non-Point Source,0,0,0.0875575731,0.0104520163
2,2022,6,SPRING LAKE,,Non-Point Source,0.0422300991,0.0090519098,1.5585543747,0.2708618787
2,2022,6,ST. LEO,,Non-Point Source,0,0,0.003295675,0.0004472748
2,2022,6,STONE CREST,,Non-Point Source,0.0039085912,0.0007547083,0.1262133254,0.0223461964
2,2022,6,STONE DAIRY CREEK,,Non-Point Source,0.0287488846,0.0056321778,0.9868497922,0.1732984617
2,2022,6,STONELAKE RANCH,,Non-Point Source,0,0,0.0382681523,0.005353478
2,2022,6,TEMPLE TERRACE,,Non-Point Source,0,0,0.6801785368,0.0784955655
2,2022,6,Tampa,,Non-Point Source,3.5390095483,0.6842154777,144.46300767,26.729989421
2,2022,6,ZEPHYRHILLS,,Non-Point Source,0,0,0.6974448053,0.0811462741
2,2022,6,Lakeland,City of Lakeland,PS - Domestic - REUSE,0,0,0,0
2,2022,6,Zephyrhills,City of Zephyrhills WWTF,PS - Domestic - REUSE,0.0932278528,0.0494390128,0.0102913863,0.0240132348
2,2022,6,Hillsborough Co.,Falkenburg AWTP,PS - Domestic - REUSE,0.0630651906,0.0029359958,0.0017028776,0.0032883153
2,2022,6,Tampa,Howard F. Curren,PS - Domestic - REUSE,0.4305753212,0.0638711387,0.0246606713,0.0493213426
2,2022,6,Polk Co.,NW Regional WWTP,PS - Domestic - REUSE,0.0234814656,0.0033455893,0.0010390029,0.0029092081
2,2022,6,Pasco Co.,Pasco Reuse,PS - Domestic - REUSE,0.2329272479,0,0,0
2,2022,6,Plant City,Plant City WRF,PS - Domestic - REUSE,0.0240588007,0.0007811299,0.0083320522,0.0046867794
2,2022,6,Hillsborough Co.,South County Regional WWTP,PS - Domestic - REUSE,0,0,0,0
2,2022,6,Polk Co.,Southwest Regional WWTF,PS - Domestic - REUSE,0.0989886858,0.0326618074,0.0055736873,0.0111473745
2,2022,6,Hillsborough Co.,Valrico AWTP,PS - Domestic - REUSE,0.61243588,0.0179572249,0.0392223596,0.0798623948
2,2022,6,Lakeland,City of Lakeland,PS - Domestic - SW,0.3042836295,0.8755916687,1.5007185811,0.3456827628
2,2022,6,Mulberry,City of Mulberry,PS - Domestic - SW,0.0627908261,0.1281979365,0.015959335,0.0287791286
2,2022,6,Hillsborough Co.,Falkenburg AWTP,PS - Domestic - SW,1.7210244379,0.4728089115,0.2742291687,0.5295459809
2,2022,6,Tampa,Howard F. Curren,PS - Domestic - SW,19.780236838,17.605090519,6.7973322467,13.594664493
2,2022,6,Plant City,Plant City WRF,PS - Domestic - SW,0.4185228875,0.0815304326,0.8696579481,0.4891825958
2,2022,6,Hillsborough Co.,South County Regional WWTP,PS - Domestic - SW,0.0136998166,0.0010415065,0.007050198,0.0080115887
2,2022,6,Hillsborough Co.,Valrico AWTP,PS - Domestic - SW,0.0914034638,0.0184804818,0.0479493581,0.0689272022
2,2022,6,Alpha/Owens Corning,Alpha/Owens Corning,PS - Industrial,0,0,0,0
2,2022,6,Cytech Brewster,Brewster Phosphogypsum,PS - Industrial,0.0078926666,0.0382428177,0.0341744328,0.1562259787
2,2022,6,Busch Gardens,Busch Gardens,PS - Industrial,0.0826695804,0.012718397,0.7948998115,1.5262076381
2,2022,6,CSX,CSX - Rockport Newport,PS - Industrial,0.6426459117,0,0,0.2821681523
2,2022,6,CSX,CSX Winston Yard,PS - Industrial,0.0030494109,0,0,0.3485041063
2,2022,6,Coronet,Coronet Industries,PS - Industrial,0,0,0,0
2,2022,6,Estech Agricola,Estech Agricola,PS - Industrial,0,0,0,0
2,2022,6,Kerry,Kerry I and F,PS - Industrial,0.0719791168,0.0118045752,0,0.6909995212
2,2022,6,Kinder Morgan,Kinder Morgan Port Sutton,PS - Industrial,1.5304512765,0.028988181,1.0077289159,1.5585043549
2,2022,6,Kinder Morgan,Kinder Morgan Tampaplex,PS - Industrial,0,0,0,0
2,2022,6,Lowry Park Zoo,Lowry Park Zoo,PS - Industrial,0,0,0,0
2,2022,6,Mosaic,Mosaic - Bartow,PS - Industrial,0.4144745317,0.3103739516,1.6154867792,1.8506769785
2,2022,6,Mosaic,Mosaic - Black Point,PS - Industrial,0.0046567359,0.0016824336,0.0246356351,0.0073606471
2,2022,6,Mosaic,Mosaic - Bonnie,PS - Industrial,0.0537402345,0.2332123384,0.6671900812,0.9734080212
2,2022,6,Mosaic,Mosaic - Ft. Lonesome,PS - Industrial,0.0064718615,0.0009413617,0.14120425,0.5648169999
2,2022,6,Mosaic,Mosaic - Green Bay,PS - Industrial,0.4965682791,2.234557256,4.1732866011,5.0713356165
2,2022,6,Mosaic,Mosaic - Hookers Prairie,PS - Industrial,0,0,0,0
2,2022,6,Mosaic,Mosaic - Mulberry Phospho Stack,PS - Industrial,0,0,0,0
2,2022,6,Mosaic,Mosaic - Mulberry Plant,PS - Industrial,0,0,0,0
2,2022,6,Mosaic,Mosaic - New Wales Chemical Plant,PS - Industrial,0.9744219879,0.3248073293,5.8946515316,11.548705041
2,2022,6,Mosaic,Mosaic - Nichols Mine,PS - Industrial,0,0,0,0
2,2022,6,Mosaic,Mosaic - Plant City,PS - Industrial,0.2872905618,0.1383250853,2.5536938827,2.0429551062
2,2022,6,Mosaic,Mosaic - Port Sutton,PS - Industrial,0,0,0,0
2,2022,6,Mosaic,Mosaic - Riverview,PS - Industrial,0.2869150186,0.5332713696,0.57533221,0.0901303723
2,2022,6,Mosaic,Mosaic - Riverview Stack Closure,PS - Industrial,0,0,0,0
2,2022,6,Mosaic,Mosaic - South Pierce,PS - Industrial,0.2301579202,1.1904720012,2.8412598429,7.6190208078
2,2022,6,Mosaic,Mosaic - Tampa Ammonia Terminal,PS - Industrial,0.0199788992,0.1900248683,0.0702265818,0.0721042979
2,2022,6,Mosaic,Mosaic - Tampa Marine Terminal,PS - Industrial,0.0159230324,0.1266832456,0.0467175763,0.0480695319
2,2022,6,TECO,TECO - Bayside (fka Gannon),PS - Industrial,0,0,0,0
2,2022,6,Trademark Nitrogen,Trademark Nitrogen Corporation,PS - Industrial,0.0121946394,0.0027372244,0.0266886047,0.0225483809
2,2022,6,Springs,,Springs,9.5874599187,0.2945195131,18.857371262,0
2,2022,7,Atmospheric Deposition,,Atmospheric Deposition,12.005643144,0.206388455,0,0
2,2022,7,Ground Water,,Ground Water,1.7302180305,0.2058827033,0,0
2,2022,7,CSX,CSX Newport,Material Losses,0.0504270833,0,0,0
2,2022,7,CSX,CSX Rockport,Material Losses,0.0460771667,0,0,0
2,2022,7,Kinder Morgan,Kinder Morgan Port Sutton,Material Losses,0.0175665,0,0,0
2,2022,7,Kinder Morgan,Kinder Morgan Tampaplex,Material Losses,0.00481475,0,0,0
2,2022,7,Mosaic,Mosaic All,Material Losses,0.25,0,0,0
2,2022,7,ALAFIA PRESERVE,,Non-Point Source,0.0171264754,0,0.4414298901,0.0170489658
2,2022,7,BLOOMINGDALE,,Non-Point Source,0.0438103388,0.0081963025,1.3761031801,0.2606382859
2,2022,7,CITY OF PLANT CITY,,Non-Point Source,0.2800882993,0,23.431181886,2.6906755609
2,2022,7,Conservation,,Non-Point Source,4.3596175853,0.418123608,80.661145144,18.860445818
2,2022,7,DONALDSON KNOLL,,Non-Point Source,0.0023979098,0,0.1173412847,0.0036946354
2,2022,7,EAGLE RIDGE,,Non-Point Source,0.0385510198,0,1.0072383706,0.0370324541
2,2022,7,FDACS (Agriculture),,Non-Point Source,8.7784675086,0.1210296741,91.401395878,24.433008876
2,2022,7,HILLSBOROUGH,,Non-Point Source,28.444453587,4.9206029841,1039.6034361,192.51013127
2,2022,7,LAKE ST. CHARLES,,Non-Point Source,0.1347876103,0.026215771,4.1882015812,0.7590385891
2,2022,7,LIVE OAK I,,Non-Point Source,0.0011929267,0.0012651294,0.5635436957,0.1176017402
2,2022,7,LIVE OAK II,,Non-Point Source,0.0010378744,0.001151685,0.5653217512,0.110026183
2,2022,7,Lakeland,,Non-Point Source,0.4136589754,0,27.997459925,2.7954234768
2,2022,7,MAGNOLIA PARK,,Non-Point Source,0.1330606611,0.0260230744,4.4277103582,0.7919679821
2,2022,7,MSGP COT,,Non-Point Source,0.5022574235,0.0902065263,20.724881447,5.6100225163
2,2022,7,MacDill AFB,,Non-Point Source,0.2540786653,0.0381840157,5.1900590724,2.0299352134
2,2022,7,Mulberry,,Non-Point Source,0.0838830927,0,3.2856751393,0.094211538
2,2022,7,None,,Non-Point Source,0.0074077628,0.0006137011,0.112871945,0.0352884074
2,2022,7,PALM RIVER,,Non-Point Source,0.0199579561,0.0039677054,0.6979048633,0.1270147988
2,2022,7,PANTHER TRACE,,Non-Point Source,0.1295359001,0.0255206683,4.2585227624,0.7546665505
2,2022,7,PANTHER TRACE II,,Non-Point Source,0.1280659554,0.0158763364,4.4709479806,0.878325018
2,2022,7,PASCO,,Non-Point Source,0.1911543529,0.2025975005,78.628275937,17.586976861
2,2022,7,POLK,,Non-Point Source,2.4982286379,0,97.151436696,7.1541021189
2,2022,7,RIVERCREST,,Non-Point Source,0.1439970883,0.0298446466,4.2807059532,0.7950937482
2,2022,7,SAN ANTONIO,,Non-Point Source,0.0014052756,0.0015080811,0.6544678276,0.12853395
2,2022,7,SPRING LAKE,,Non-Point Source,0.1104523288,0.022891757,3.9702842474,0.6881376379
2,2022,7,ST. LEO,,Non-Point Source,0.0000312044,0.0000312473,0.0245718242,0.0055066455
2,2022,7,STONE CREST,,Non-Point Source,0.0124367465,0.0024331647,0.3983610444,0.0706573785
2,2022,7,STONE DAIRY CREEK,,Non-Point Source,0.0915661323,0.0181774143,3.1185005337,0.5485726231
2,2022,7,STONELAKE RANCH,,Non-Point Source,0.0011898256,0.0013730587,0.297395505,0.068294722
2,2022,7,TEMPLE TERRACE,,Non-Point Source,0.0091542809,0.0097951353,5.151915162,0.9752801137
2,2022,7,Tampa,,Non-Point Source,16.15783547,3.1356947901,641.50724094,120.05702505
2,2022,7,ZEPHYRHILLS,,Non-Point Source,0.0081470601,0.0088868534,5.3125607266,1.0160071919
2,2022,7,Lakeland,City of Lakeland,PS - Domestic - REUSE,0,0,0,0
2,2022,7,Zephyrhills,City of Zephyrhills WWTF,PS - Domestic - REUSE,0.0844510698,0.046917261,0.0109109909,0.0218219819
2,2022,7,Hillsborough Co.,Falkenburg AWTP,PS - Domestic - REUSE,0,0,0,0
2,2022,7,Tampa,Howard F. Curren,PS - Domestic - REUSE,0.3928655245,0.0701213879,0.0167176819,0.044116105
2,2022,7,Polk Co.,NW Regional WWTP,PS - Domestic - REUSE,0.0208285449,0.003220909,0.0012239454,0.0025767272
2,2022,7,Pasco Co.,Pasco Reuse,PS - Domestic - REUSE,0.2329272479,0,0,0
2,2022,7,Plant City,Plant City WRF,PS - Domestic - REUSE,0.0297565424,0.0011571989,0.0082657062,0.0038573296
2,2022,7,Hillsborough Co.,South County Regional WWTP,PS - Domestic - REUSE,0,0,0,0
2,2022,7,Polk Co.,Southwest Regional WWTF,PS - Domestic - REUSE,0.0892138758,0.0232052265,0.0073342944,0.0137067141
2,2022,7,Hillsborough Co.,Valrico AWTP,PS - Domestic - REUSE,1.1600317198,0.046984525,0.050764889,0.0874884258
2,2022,7,Lakeland,City of Lakeland,PS - Domestic - SW,0,0,0,0
2,2022,7,Mulberry,City of Mulberry,PS - Domestic - SW,0.0832003481,0.1274005331,0.0624002611,0.0130000544
2,2022,7,Hillsborough Co.,Falkenburg AWTP,PS - Domestic - SW,2.1530056261,0.4908406609,0.4573742522,0.7920383391
2,2022,7,Tampa,Howard F. Curren,PS - Domestic - SW,22.762125098,24.376460211,5.8116064079,15.336183576
2,2022,7,Plant City,Plant City WRF,PS - Domestic - SW,0.5116588574,0.1193870667,0.8527647624,0.3979568891
2,2022,7,Hillsborough Co.,South County Regional WWTP,PS - Domestic - SW,0.1452578218,0.0235553224,0.051036532,0.0785177415
2,2022,7,Hillsborough Co.,Valrico AWTP,PS - Domestic - SW,0,0,0,0
2,2022,7,Alpha/Owens Corning,Alpha/Owens Corning,PS - Industrial,0,0,0,0
2,2022,7,Cytech Brewster,Brewster Phosphogypsum,PS - Industrial,0.0027353149,0.0317240133,0.0578082021,0.1353557903
2,2022,7,Busch Gardens,Busch Gardens,PS - Industrial,0.1042850135,0.0197781922,0.899008737,1.726096775
2,2022,7,CSX,CSX - Rockport Newport,PS - Industrial,0.3608991606,0,0,0.3326812188
2,2022,7,CSX,CSX Winston Yard,PS - Industrial,0.0103224313,0,0,1.179706429
2,2022,7,Coronet,Coronet Industries,PS - Industrial,0,0,0,0
2,2022,7,Estech Agricola,Estech Agricola,PS - Industrial,0.510960347,0.5153842462,3.6497167646,2.1234715721
2,2022,7,Kerry,Kerry I and F,PS - Industrial,0.1280602374,0.0095463086,0,0.4656735904
2,2022,7,Kinder Morgan,Kinder Morgan Port Sutton,PS - Industrial,0.3955121028,0.0117639497,0.4901307673,1.2169603162
2,2022,7,Kinder Morgan,Kinder Morgan Tampaplex,PS - Industrial,0.0953337323,0.251334385,0.9533373225,0
2,2022,7,Lowry Park Zoo,Lowry Park Zoo,PS - Industrial,0,0,0,0
2,2022,7,Mosaic,Mosaic - Bartow,PS - Industrial,0.470731323,0.3144719627,1.6368167994,1.8751123239
2,2022,7,Mosaic,Mosaic - Black Point,PS - Industrial,0.002191253,0.0015936385,0.023335421,0.0069721685
2,2022,7,Mosaic,Mosaic - Bonnie,PS - Industrial,0.4859433269,0.6052980552,2.1196685711,4.2717790691
2,2022,7,Mosaic,Mosaic - Ft. Lonesome,PS - Industrial,1.7600133348,0.0233457693,3.5018653997,14.007461599
2,2022,7,Mosaic,Mosaic - Green Bay,PS - Industrial,0.4655313012,2.6975306907,5.037941479,6.1220554682
2,2022,7,Mosaic,Mosaic - Hookers Prairie,PS - Industrial,0,0,0,0
2,2022,7,Mosaic,Mosaic - Mulberry Phospho Stack,PS - Industrial,0.0378747854,0.2070695232,0.2104844629,0.2980310978
2,2022,7,Mosaic,Mosaic - Mulberry Plant,PS - Industrial,0,0,0,0
2,2022,7,Mosaic,Mosaic - New Wales Chemical Plant,PS - Industrial,0.8067794953,0.2828967062,5.1340513339,10.058549552
2,2022,7,Mosaic,Mosaic - Nichols Mine,PS - Industrial,0.0429195826,0.011409003,0.1059407418,0.1005078833
2,2022,7,Mosaic,Mosaic - Plant City,PS - Industrial,0.2782011641,0.1690007072,3.1200130555,2.4960104444
2,2022,7,Mosaic,Mosaic - Port Sutton,PS - Industrial,0,0,0,0
2,2022,7,Mosaic,Mosaic - Riverview,PS - Industrial,0.4730467556,1.7495744852,1.63855014,0.2957027299
2,2022,7,Mosaic,Mosaic - Riverview Stack Closure,PS - Industrial,0,0,0,0
2,2022,7,Mosaic,Mosaic - South Pierce,PS - Industrial,0.6478683826,1.8335897621,4.3761675656,11.734974478
2,2022,7,Mosaic,Mosaic - Tampa Ammonia Terminal,PS - Industrial,0.0230508427,0.1963590306,0.0725674678,0.0745077745
2,2022,7,Mosaic,Mosaic - Tampa Marine Terminal,PS - Industrial,0.0164538002,0.1309060204,0.0482748289,0.0496718496
2,2022,7,TECO,TECO - Bayside (fka Gannon),PS - Industrial,0.0095657117,0.0065970425,0.0854976712,0.0633316083
2,2022,7,Trademark Nitrogen,Trademark Nitrogen Corporation,PS - Industrial,0.0162085454,0.00238005,0.0232060673,0.0196060922
2,2022,7,Springs,,Springs,10.760532989,0.4036968216,25.42199858,0
2,2022,8,Atmospheric Deposition,,Atmospheric Deposition,5.9643549732,0.1082771048,0,0
2,2022,8,Ground Water,,Ground Water,1.7302180305,0.2058827033,0,0
2,2022,8,CSX,CSX Newport,Material Losses,0.0504270833,0,0,0
2,2022,8,CSX,CSX Rockport,Material Losses,0.0460771667,0,0,0
2,2022,8,Kinder Morgan,Kinder Morgan Port Sutton,Material Losses,0.0175665,0,0,0
2,2022,8,Kinder Morgan,Kinder Morgan Tampaplex,Material Losses,0.00481475,0,0,0
2,2022,8,Mosaic,Mosaic All,Material Losses,0.25,0,0,0
2,2022,8,ALAFIA PRESERVE,,Non-Point Source,0.0259457189,0.0061117641,0.7129415487,0.0786918787
2,2022,8,BLOOMINGDALE,,Non-Point Source,0.0305894998,0.0057510618,0.9655639755,0.1828808647
2,2022,8,CITY OF PLANT CITY,,Non-Point Source,0.551030279,0.1106706625,25.795214957,2.941797676
2,2022,8,Conservation,,Non-Point Source,4.5128234186,0.7183096827,78.128969417,17.123955899
2,2022,8,DONALDSON KNOLL,,Non-Point Source,0.0036327085,0.0008512363,0.1895147545,0.017053105
2,2022,8,EAGLE RIDGE,,Non-Point Source,0.0584027887,0.0221141225,1.6267636151,0.1709284556
2,2022,8,FDACS (Agriculture),,Non-Point Source,10.464575668,2.8358329939,81.952686891,22.904271325
2,2022,8,HILLSBOROUGH,,Non-Point Source,20.581442687,4.6585505392,740.95450985,133.07722662
2,2022,8,LAKE ST. CHARLES,,Non-Point Source,0.0941056675,0.0184063919,2.9409102514,0.5330218204
2,2022,8,LIVE OAK I,,Non-Point Source,0.0093266481,0.0002953063,0.4127457389,0.0820599504
2,2022,8,LIVE OAK II,,Non-Point Source,0.008114404,0.0002688261,0.4140480067,0.0767738905
2,2022,8,Lakeland,,Non-Point Source,0.7478252049,0.162937022,32.869604968,3.7575986263
2,2022,8,MAGNOLIA PARK,,Non-Point Source,0.0929063591,0.0182594907,3.1067711184,0.5556965236
2,2022,8,MSGP COT,,Non-Point Source,0.4663338579,0.0549005181,14.791147975,3.9231329359
2,2022,8,MacDill AFB,,Non-Point Source,0.1774042269,0.0267924023,3.6416848268,1.4243352846
2,2022,8,Mulberry,,Non-Point Source,0.1270785197,0.0342613108,5.30660559,0.4348464901
2,2022,8,None,,Non-Point Source,0.0051722896,0.0004306129,0.0791983374,0.0247606542
2,2022,8,PALM RIVER,,Non-Point Source,0.005324364,0.0010645348,0.1872477695,0.0340780514
2,2022,8,PANTHER TRACE,,Non-Point Source,0.0904452807,0.0179069697,2.9880580379,0.5295234
2,2022,8,PANTHER TRACE II,,Non-Point Source,0.0960472707,0.012996521,3.998777566,0.773175677
2,2022,8,PASCO,,Non-Point Source,1.4945003776,0.0472902775,57.588233351,12.271812023
2,2022,8,POLK,,Non-Point Source,4.1464489363,0.9998306874,137.05831358,14.540594989
2,2022,8,RIVERCREST,,Non-Point Source,0.1004890408,0.021046356,3.0181615125,0.5604822847
2,2022,8,SAN ANTONIO,,Non-Point Source,0.0109868539,0.0003520161,0.4793395954,0.08968821
2,2022,8,SPRING LAKE,,Non-Point Source,0.0777683544,0.016336414,2.9070096258,0.5028880998
2,2022,8,ST. LEO,,Non-Point Source,0.0002439651,7.2937287E-6,0.0179966803,0.0038424181
2,2022,8,STONE CREST,,Non-Point Source,0.0086836547,0.0017072675,0.2795161579,0.0495778371
2,2022,8,STONE DAIRY CREEK,,Non-Point Source,0.0639338171,0.0127544625,2.1881438954,0.3849144239
2,2022,8,STONELAKE RANCH,,Non-Point Source,0.0093024032,0.0003204992,0.2178158116,0.0476545797
2,2022,8,TEMPLE TERRACE,,Non-Point Source,0.0697462267,0.0022739153,3.766840914,0.6794692965
2,2022,8,Tampa,,Non-Point Source,10.60357084,2.0307201951,419.17206653,78.203576634
2,2022,8,ZEPHYRHILLS,,Non-Point Source,0.0636960878,0.002074368,3.8909792078,0.7089478408
2,2022,8,Lakeland,City of Lakeland,PS - Domestic - REUSE,0,0,0,0
2,2022,8,Zephyrhills,City of Zephyrhills WWTF,PS - Domestic - REUSE,0.1384240618,0.0480018924,0.0122795539,0.02321952
2,2022,8,Hillsborough Co.,Falkenburg AWTP,PS - Domestic - REUSE,0,0,0,0
2,2022,8,Tampa,Howard F. Curren,PS - Domestic - REUSE,0.3536907337,0.0589484556,0.0181379863,0.0453449659
2,2022,8,Polk Co.,NW Regional WWTP,PS - Domestic - REUSE,0.0197362816,0.0022021187,0.0008278642,0.0024835925
2,2022,8,Pasco Co.,Pasco Reuse,PS - Domestic - REUSE,0.2329272479,0,0,0
2,2022,8,Plant City,Plant City WRF,PS - Domestic - REUSE,0.025020642,0.0002702847,0.0061779363,0.0023167261
2,2022,8,Hillsborough Co.,South County Regional WWTP,PS - Domestic - REUSE,0,0,0,0
2,2022,8,Polk Co.,Southwest Regional WWTF,PS - Domestic - REUSE,0.0747049096,0.0099021608,0.0062671904,0.0169214141
2,2022,8,Hillsborough Co.,Valrico AWTP,PS - Domestic - REUSE,0.8970192759,0.0230437283,0.0292261919,0.0421531615
2,2022,8,Lakeland,City of Lakeland,PS - Domestic - SW,0,0,0,0
2,2022,8,Mulberry,City of Mulberry,PS - Domestic - SW,0.0640301187,0.1251497774,0.0291045994,0.0378359792
2,2022,8,Hillsborough Co.,Falkenburg AWTP,PS - Domestic - SW,1.7805210823,0.4701375892,0.2900848954,0.4501317343
2,2022,8,Tampa,Howard F. Curren,PS - Domestic - SW,19.010477558,19.010477558,5.8493777103,14.623444276
2,2022,8,Plant City,Plant City WRF,PS - Domestic - SW,0.7151349327,0.0463513382,1.0594591596,0.3972971849
2,2022,8,Hillsborough Co.,South County Regional WWTP,PS - Domestic - SW,0.2533975777,0.0811371554,0.1735086862,0.2608871613
2,2022,8,Hillsborough Co.,Valrico AWTP,PS - Domestic - SW,0,0,0,0
2,2022,8,Alpha/Owens Corning,Alpha/Owens Corning,PS - Industrial,0,0,0,0
2,2022,8,Cytech Brewster,Brewster Phosphogypsum,PS - Industrial,0.0090495901,0.0431912255,0.0431912255,0.1974456023
2,2022,8,Busch Gardens,Busch Gardens,PS - Industrial,0.0636420574,0.0124179624,0.7761226506,1.4901554892
2,2022,8,CSX,CSX - Rockport Newport,PS - Industrial,0.1830062994,0,0,0.1326719081
2,2022,8,CSX,CSX Winston Yard,PS - Industrial,0.0015134392,0,0,0.0372538872
2,2022,8,Coronet,Coronet Industries,PS - Industrial,0.0633833498,0.0887366897,0.3993151038,0.6084801581
2,2022,8,Estech Agricola,Estech Agricola,PS - Industrial,0.510960347,0.5153842462,3.6497167646,2.1234715721
2,2022,8,Kerry,Kerry I and F,PS - Industrial,0.0808461094,0.0132587619,0,0.6467688755
2,2022,8,Kinder Morgan,Kinder Morgan Port Sutton,PS - Industrial,0.7854361224,0.0085683941,0.1071049258,0.1785082096
2,2022,8,Kinder Morgan,Kinder Morgan Tampaplex,PS - Industrial,0,0,0,0
2,2022,8,Lowry Park Zoo,Lowry Park Zoo,PS - Industrial,0.0682729225,0.0126042318,0.2625881635,0.5041692739
2,2022,8,Mosaic,Mosaic - Bartow,PS - Industrial,0.3627597269,0.2561592808,1.3333011015,1.5274093764
2,2022,8,Mosaic,Mosaic - Black Point,PS - Industrial,0.00145523,0.0003621906,0.0053035048,0.0015845837
2,2022,8,Mosaic,Mosaic - Bonnie,PS - Industrial,2.0060700858,1.9931735145,12.41589275,13.225129967
2,2022,8,Mosaic,Mosaic - Ft. Lonesome,PS - Industrial,0.7130756206,0.0132665232,1.9899784762,7.9599139049
2,2022,8,Mosaic,Mosaic - Green Bay,PS - Industrial,0.59792489,3.512808729,6.5605647658,7.9723318673
2,2022,8,Mosaic,Mosaic - Hookers Prairie,PS - Industrial,0,0,0,0
2,2022,8,Mosaic,Mosaic - Mulberry Phospho Stack,PS - Industrial,0.1026551559,0.5349296016,0.543751529,0.7699136694
2,2022,8,Mosaic,Mosaic - Mulberry Plant,PS - Industrial,0.0103612374,0.0257284659,0.0590241276,0.1117616617
2,2022,8,Mosaic,Mosaic - New Wales Chemical Plant,PS - Industrial,1.1228166387,0.2731175608,4.9565779545,9.7108466047
2,2022,8,Mosaic,Mosaic - Nichols Mine,PS - Industrial,0,0,0,0
2,2022,8,Mosaic,Mosaic - Plant City,PS - Industrial,0.6109637506,0.3228670227,5.9606219569,4.7684975655
2,2022,8,Mosaic,Mosaic - Port Sutton,PS - Industrial,0.0011253778,0.0247583126,0.5401813648,0.3601209099
2,2022,8,Mosaic,Mosaic - Riverview,PS - Industrial,0.2337034655,0.3995091344,0.431019714,0.0675226706
2,2022,8,Mosaic,Mosaic - Riverview Stack Closure,PS - Industrial,0,0,0,0
2,2022,8,Mosaic,Mosaic - South Pierce,PS - Industrial,1.1146673508,1.9441872398,4.6401268791,12.442798335
2,2022,8,Mosaic,Mosaic - Tampa Ammonia Terminal,PS - Industrial,0,0,0,0
2,2022,8,Mosaic,Mosaic - Tampa Marine Terminal,PS - Industrial,0.0123403501,0.0981795153,0.0362061217,0.0372538872
2,2022,8,TECO,TECO - Bayside (fka Gannon),PS - Industrial,0,0,0,0
2,2022,8,Trademark Nitrogen,Trademark Nitrogen Corporation,PS - Industrial,0.0229926335,0.0021558424,0.0226369106,0.0177591415
2,2022,8,Springs,,Springs,11.829649954,0.4790978222,30.044593653,0
2,2022,9,Atmospheric Deposition,,Atmospheric Deposition,5.0484973895,0.1371107567,0,0
2,2022,9,Ground Water,,Ground Water,1.7302180305,0.2058827033,0,0
2,2022,9,CSX,CSX Newport,Material Losses,0.0504270833,0,0,0
2,2022,9,CSX,CSX Rockport,Material Losses,0.0460771667,0,0,0
2,2022,9,Kinder Morgan,Kinder Morgan Port Sutton,Material Losses,0.0175665,0,0,0
2,2022,9,Kinder Morgan,Kinder Morgan Tampaplex,Material Losses,0.00481475,0,0,0
2,2022,9,Mosaic,Mosaic All,Material Losses,0.25,0,0,0
2,2022,9,ALAFIA PRESERVE,,Non-Point Source,0.1331158505,0.0351506545,3.0493954067,0.5700776051
2,2022,9,BLOOMINGDALE,,Non-Point Source,0.139051654,0.0265269419,4.4536922674,0.8435433733
2,2022,9,CITY OF PLANT CITY,,Non-Point Source,3.1033389368,0.5911306816,145.8169858,23.285679519
2,2022,9,Conservation,,Non-Point Source,25.056145367,4.0211422211,428.24608488,114.12081311
2,2022,9,DONALDSON KNOLL,,Non-Point Source,0.0186377986,0.0048957245,0.8105929904,0.1235399815
2,2022,9,EAGLE RIDGE,,Non-Point Source,0.2996385224,0.1271851902,6.9579974748,1.2382787937
2,2022,9,FDACS (Agriculture),,Non-Point Source,55.336658116,15.14102201,441.06532458,150.15082391
2,2022,9,HILLSBOROUGH,,Non-Point Source,107.77112895,25.967471284,3821.2840052,747.71791948
2,2022,9,LAKE ST. CHARLES,,Non-Point Source,0.4336941409,0.0866808765,13.899212675,2.5241779005
2,2022,9,LIVE OAK I,,Non-Point Source,0.0642443549,0,3.2304882546,0.6904461173
2,2022,9,LIVE OAK II,,Non-Point Source,0.0558941056,0,3.2406808758,0.6459696154
2,2022,9,Lakeland,,Non-Point Source,4.1008888303,0.8928880312,176.96062381,29.126471095
2,2022,9,MAGNOLIA PARK,,Non-Point Source,0.4223273663,0.0842224383,14.33007326,2.563166577
2,2022,9,MSGP COT,,Non-Point Source,2.4138014549,0.2198695552,89.304345189,22.873867113
2,2022,9,MacDill AFB,,Non-Point Source,0.8064319888,0.1235807444,16.79737849,6.5697884388
2,2022,9,Mulberry,,Non-Point Source,0.6519829059,0.1970474447,22.697426936,3.1502138437
2,2022,9,None,,Non-Point Source,0.0235118398,0.0019862145,0.3653046631,0.1142092464
2,2022,9,PALM RIVER,,Non-Point Source,0.026358948,0.0053599364,0.9427931938,0.1715831113
2,2022,9,PANTHER TRACE,,Non-Point Source,0.4111399648,0.0825964249,13.782505681,2.4424422738
2,2022,9,PANTHER TRACE II,,Non-Point Source,0.4173000851,0.0655943171,16.899690044,3.3597422629
2,2022,9,PASCO,,Non-Point Source,10.29450364,0,450.73296683,103.25408343
2,2022,9,POLK,,Non-Point Source,22.062268352,5.6200279058,644.6873113,109.18750638
2,2022,9,RIVERCREST,,Non-Point Source,0.5054628567,0.1131297936,16.135595312,2.9800913057
2,2022,9,SAN ANTONIO,,Non-Point Source,0.0756802805,0,3.751706649,0.7546297073
2,2022,9,SPRING LAKE,,Non-Point Source,0.3825980775,0.0865796172,14.771794333,2.5590374177
2,2022,9,ST. LEO,,Non-Point Source,0.0016804946,0,0.1408568495,0.0323298108
2,2022,9,STONE CREST,,Non-Point Source,0.0394735629,0.0078748216,1.2892765083,0.2286792333
2,2022,9,STONE DAIRY CREEK,,Non-Point Source,0.2906259684,0.0588303338,10.092878146,1.7754291139
2,2022,9,STONELAKE RANCH,,Non-Point Source,0.0640773497,0,1.7048060218,0.4009619722
2,2022,9,TEMPLE TERRACE,,Non-Point Source,0.4822663419,0,29.555603324,5.7295727194
2,2022,9,Tampa,,Non-Point Source,41.931805067,8.0089106498,1707.9542097,317.95324313
2,2022,9,ZEPHYRHILLS,,Non-Point Source,0.4387550631,0,30.454009442,5.9650326591
2,2022,9,Lakeland,City of Lakeland,PS - Domestic - REUSE,0,0,0,0
2,2022,9,Zephyrhills,City of Zephyrhills WWTF,PS - Domestic - REUSE,0.1189583216,0.0538679192,0.0168337247,0.0392786911
2,2022,9,Hillsborough Co.,Falkenburg AWTP,PS - Domestic - REUSE,0,0,0,0
2,2022,9,Tampa,Howard F. Curren,PS - Domestic - REUSE,0.3060301684,0.0431999882,0.0368470487,0.0399327622
2,2022,9,Polk Co.,NW Regional WWTP,PS - Domestic - REUSE,0.0175831838,0.0013672277,0.0013672277,0.0020667395
2,2022,9,Pasco Co.,Pasco Reuse,PS - Domestic - REUSE,0.2329272479,0,0,0
2,2022,9,Plant City,Plant City WRF,PS - Domestic - REUSE,0.0196889798,0.0003217154,0.0028954382,0.0028954382
2,2022,9,Hillsborough Co.,South County Regional WWTP,PS - Domestic - REUSE,0,0,0,0
2,2022,9,Polk Co.,Southwest Regional WWTF,PS - Domestic - REUSE,0.0880073013,0.0343778521,0.0077006389,0.0137511408
2,2022,9,Hillsborough Co.,Valrico AWTP,PS - Domestic - REUSE,1.0530306943,0.028505608,0.0575701494,0.0922240258
2,2022,9,Lakeland,City of Lakeland,PS - Domestic - SW,1.6324531458,3.7214397985,7.9962535447,4.8420220426
2,2022,9,Mulberry,City of Mulberry,PS - Domestic - SW,0.0806291289,0.1527709811,0.028432377,0.0407389283
2,2022,9,Hillsborough Co.,Falkenburg AWTP,PS - Domestic - SW,2.2115589894,0.6845301634,0.4739054977,1.0794514115
2,2022,9,Tampa,Howard F. Curren,PS - Domestic - SW,26.346735186,22.315028379,19.033406558,20.627337157
2,2022,9,Plant City,Plant City WRF,PS - Domestic - SW,0.7838563373,0.0768486605,0.6916379447,0.6916379447
2,2022,9,Hillsborough Co.,South County Regional WWTP,PS - Domestic - SW,0.7410819648,0.0835533588,0.3669082277,0.5485459641
2,2022,9,Hillsborough Co.,Valrico AWTP,PS - Domestic - SW,0,0,0,0
2,2022,9,Alpha/Owens Corning,Alpha/Owens Corning,PS - Industrial,0,0,0,0
2,2022,9,Cytech Brewster,Brewster Phosphogypsum,PS - Industrial,0.240410876,1.3468043838,0.3272608783,2.4166957168
2,2022,9,Busch Gardens,Busch Gardens,PS - Industrial,0.0642178903,0.0135195558,0.8449722406,1.622346702
2,2022,9,CSX,CSX - Rockport Newport,PS - Industrial,0.8040447062,0,0,0.8214682424
2,2022,9,CSX,CSX Winston Yard,PS - Industrial,0.0049571705,0,0,0.1321912128
2,2022,9,Coronet,Coronet Industries,PS - Industrial,1.6972049834,8.6680381968,6.5229353353,13.771920892
2,2022,9,Estech Agricola,Estech Agricola,PS - Industrial,0.4944777552,0.4987589479,3.5319839657,2.0549724892
2,2022,9,Kerry,Kerry I and F,PS - Industrial,0.0400579433,0.0041059392,0,0.2002897163
2,2022,9,Kinder Morgan,Kinder Morgan Port Sutton,PS - Industrial,3.4268318647,0.0422185686,0.4283539831,2.0560991188
2,2022,9,Kinder Morgan,Kinder Morgan Tampaplex,PS - Industrial,0.203294062,0.6168923262,0.6168923262,0
2,2022,9,Lowry Park Zoo,Lowry Park Zoo,PS - Industrial,0,0,0,0
2,2022,9,Mosaic,Mosaic - Bartow,PS - Industrial,0.3253706441,0.2297573408,1.1958798236,1.3699816594
2,2022,9,Mosaic,Mosaic - Black Point,PS - Industrial,0.0135195558,0.0016824336,0.0246356351,0.0073606471
2,2022,9,Mosaic,Mosaic - Bonnie,PS - Industrial,2.8219318853,4.2387688202,15.244788875,23.902574742
2,2022,9,Mosaic,Mosaic - Ft. Lonesome,PS - Industrial,1.6422004201,0.0295227042,4.4284056272,17.713622509
2,2022,9,Mosaic,Mosaic - Green Bay,PS - Industrial,1.6902449158,6.1635655119,11.51115072,13.988233786
2,2022,9,Mosaic,Mosaic - Hookers Prairie,PS - Industrial,0,0,0,0
2,2022,9,Mosaic,Mosaic - Mulberry Phospho Stack,PS - Industrial,0.9925857615,7.6983104992,7.8252691431,11.080027105
2,2022,9,Mosaic,Mosaic - Mulberry Plant,PS - Industrial,0.0525760505,0.066396041,0.1523203292,0.2884171915
2,2022,9,Mosaic,Mosaic - New Wales Chemical Plant,PS - Industrial,0.9033066205,0.4434414319,8.0476408006,15.766806467
2,2022,9,Mosaic,Mosaic - Nichols Mine,PS - Industrial,0.271680482,0.0820186388,0.7616016462,0.7225451515
2,2022,9,Mosaic,Mosaic - Plant City,PS - Industrial,1.4893543303,0.5728285886,10.57529702,8.4602376162
2,2022,9,Mosaic,Mosaic - Port Sutton,PS - Industrial,0.0021781507,0.0479193146,1.045512319,0.6970082127
2,2022,9,Mosaic,Mosaic - Riverview,PS - Industrial,0.4829110241,0.9998838181,1.0263596149,0.1689944481
2,2022,9,Mosaic,Mosaic - Riverview Stack Closure,PS - Industrial,0,0,0,0
2,2022,9,Mosaic,Mosaic - South Pierce,PS - Industrial,1.0567786156,1.8871046707,4.503889814,12.077469892
2,2022,9,Mosaic,Mosaic - Tampa Ammonia Terminal,PS - Industrial,0,0,0,0
2,2022,9,Mosaic,Mosaic - Tampa Marine Terminal,PS - Industrial,0.058584742,0.2409735649,0.2446664066,0.0961390638
2,2022,9,TECO,TECO - Bayside (fka Gannon),PS - Industrial,0.006421789,0.0018777161,0.0243352005,0.0180260745
2,2022,9,Trademark Nitrogen,Trademark Nitrogen Corporation,PS - Industrial,0.0216312894,0.0036051248,0.0351508452,0.0296978676
2,2022,9,Springs,,Springs,12.258240175,0.5104572035,31.922954628,0
2,2022,10,Atmospheric Deposition,,Atmospheric Deposition,0.5679555039,0.0113082584,0,0
2,2022,10,Ground Water,,Ground Water,1.7302180305,0.2058827033,0,0
2,2022,10,CSX,CSX Newport,Material Losses,0.0504270833,0,0,0
2,2022,10,CSX,CSX Rockport,Material Losses,0.0460771667,0,0,0
2,2022,10,Kinder Morgan,Kinder Morgan Port Sutton,Material Losses,0.0175665,0,0,0
2,2022,10,Kinder Morgan,Kinder Morgan Tampaplex,Material Losses,0.00481475,0,0,0
2,2022,10,Mosaic,Mosaic All,Material Losses,0.25,0,0,0
2,2022,10,ALAFIA PRESERVE,,Non-Point Source,0.135141826,0.0415126391,3.1685696516,0.6070174607
2,2022,10,BLOOMINGDALE,,Non-Point Source,0.0125812233,0.0023787671,0.3993787419,0.0756435943
2,2022,10,CITY OF PLANT CITY,,Non-Point Source,2.9294819239,0.6251431284,116.83991546,18.050000728
2,2022,10,Conservation,,Non-Point Source,12.390957539,1.9871099104,218.78547815,53.02936902
2,2022,10,DONALDSON KNOLL,,Non-Point Source,0.0189214592,0.0057818111,0.8422719938,0.1315451181
2,2022,10,EAGLE RIDGE,,Non-Point Source,0.3041989132,0.1502046823,7.229924852,1.3185167111
2,2022,10,FDACS (Agriculture),,Non-Point Source,37.927109583,13.043679442,241.99924561,87.635673752
2,2022,10,HILLSBOROUGH,,Non-Point Source,36.015668923,10.046980793,1123.3698755,213.36209584
2,2022,10,LAKE ST. CHARLES,,Non-Point Source,0.038739948,0.00762888,1.2193507743,0.2210438346
2,2022,10,LIVE OAK I,,Non-Point Source,0.0521020449,0,1.9250846233,0.4072968495
2,2022,10,LIVE OAK II,,Non-Point Source,0.0453300092,0,1.9311585219,0.3810599881
2,2022,10,Lakeland,,Non-Point Source,3.9519113796,0.9833775651,148.33584546,24.505759295
2,2022,10,MAGNOLIA PARK,,Non-Point Source,0.0382116627,0.0075525316,1.2850296531,0.2298484451
2,2022,10,MSGP COT,,Non-Point Source,0.8521854433,0,34.302112717,7.4001562748
2,2022,10,MacDill AFB,,Non-Point Source,0.0729649784,0.0110819337,1.5062818635,0.5891367619
2,2022,10,Mulberry,,Non-Point Source,0.6619058519,0.2327114406,23.584471203,3.3543412176
2,2022,10,None,,Non-Point Source,0.0021273225,0.0001781111,0.0327581943,0.0102415574
2,2022,10,PALM RIVER,,Non-Point Source,0.0094603874,0.0019038874,0.3348868194,0.0609475363
2,2022,10,PANTHER TRACE,,Non-Point Source,0.0371994404,0.0074067211,1.2359272819,0.2190226589
2,2022,10,PANTHER TRACE II,,Non-Point Source,0.0525938788,0.0058299094,2.9149243134,0.5493211787
2,2022,10,PASCO,,Non-Point Source,8.3488221071,0,268.59689164,60.90998533
2,2022,10,POLK,,Non-Point Source,21.766835636,6.4276092306,612.75555095,103.11130765
2,2022,10,RIVERCREST,,Non-Point Source,0.041618484,0.0088457426,1.2677586998,0.2352838419
2,2022,10,SAN ANTONIO,,Non-Point Source,0.0613765579,0,2.2356845813,0.4451589988
2,2022,10,SPRING LAKE,,Non-Point Source,0.033515978,0.0068999453,1.3784256476,0.237107132
2,2022,10,ST. LEO,,Non-Point Source,0.0013628778,0,0.0839381956,0.0190714811
2,2022,10,STONE CREST,,Non-Point Source,0.0035715196,0.0007061638,0.1156141015,0.0205064964
2,2022,10,STONE DAIRY CREEK,,Non-Point Source,0.0262954816,0.0052755294,0.9050649963,0.1592091692
2,2022,10,STONELAKE RANCH,,Non-Point Source,0.051966604,0,1.0159132613,0.2365290266
2,2022,10,TEMPLE TERRACE,,Non-Point Source,0.3896701498,0,17.570548207,3.37276546
2,2022,10,Tampa,,Non-Point Source,4.7301006322,0.6612221564,202.23149852,37.873000806
2,2022,10,ZEPHYRHILLS,,Non-Point Source,0.3558294891,0,18.147889939,3.5187959614
2,2022,10,Lakeland,City of Lakeland,PS - Domestic - REUSE,0,0,0,0
2,2022,10,Zephyrhills,City of Zephyrhills WWTF,PS - Domestic - REUSE,0.1432913857,0.0461521334,0.0140654121,0.0219772064
2,2022,10,Hillsborough Co.,Falkenburg AWTP,PS - Domestic - REUSE,0,0,0,0
2,2022,10,Tampa,Howard F. Curren,PS - Domestic - REUSE,0.3126222037,0.061197271,0.0189244573,0.054069878
2,2022,10,Polk Co.,NW Regional WWTP,PS - Domestic - REUSE,0.0165993232,0.004140291,0.0011066215,0.0019079682
2,2022,10,Pasco Co.,Pasco Reuse,PS - Domestic - REUSE,0.2329272479,0,0,0
2,2022,10,Plant City,Plant City WRF,PS - Domestic - REUSE,0.0577505103,0.0025478166,0.01792908,0.0113236295
2,2022,10,Hillsborough Co.,South County Regional WWTP,PS - Domestic - REUSE,0,0,0,0
2,2022,10,Polk Co.,Southwest Regional WWTF,PS - Domestic - REUSE,0.0824464743,0.0169589267,0.0065226641,0.0155239406
2,2022,10,Hillsborough Co.,Valrico AWTP,PS - Domestic - REUSE,1.1122768931,0.0318106804,0.0471675606,0.0707513408
2,2022,10,Lakeland,City of Lakeland,PS - Domestic - SW,3.0037447342,7.0171515639,13.605196737,12.166428251
2,2022,10,Mulberry,City of Mulberry,PS - Domestic - SW,0.0590241276,0.0953466676,0.1135079377,0.0590241276
2,2022,10,Hillsborough Co.,Falkenburg AWTP,PS - Domestic - SW,1.9209035603,0.6616445597,0.4588825172,1.1738855091
2,2022,10,Tampa,Howard F. Curren,PS - Domestic - SW,16.810299198,19.744172171,6.1056275388,17.444650111
2,2022,10,Plant City,Plant City WRF,PS - Domestic - SW,0.660627839,0.174872075,1.2305812687,0.7772092223
2,2022,10,Hillsborough Co.,South County Regional WWTP,PS - Domestic - SW,0.3243545911,0.0553310773,0.2060605637,0.261391641
2,2022,10,Hillsborough Co.,Valrico AWTP,PS - Domestic - SW,0.0706517384,0.0114840282,0.03495139,0.0449375015
2,2022,10,Alpha/Owens Corning,Alpha/Owens Corning,PS - Industrial,0,0,0,0
2,2022,10,Cytech Brewster,Brewster Phosphogypsum,PS - Industrial,0.4779919504,1.6139987935,1.0553069034,5.9593801606
2,2022,10,Busch Gardens,Busch Gardens,PS - Industrial,0.0651943027,0.0124179624,0.7761226506,1.4901554892
2,2022,10,CSX,CSX - Rockport Newport,PS - Industrial,0.310565729,0,0,0.1277447811
2,2022,10,CSX,CSX Winston Yard,PS - Industrial,0.002328368,0,0,0.0745077745
2,2022,10,Coronet,Coronet Industries,PS - Industrial,1.1036464092,11.036464092,4.9664088414,8.8291712736
2,2022,10,Estech Agricola,Estech Agricola,PS - Industrial,0,0,0,0
2,2022,10,Kerry,Kerry I and F,PS - Industrial,0.0059502737,0.0416519156,0,0.5950273655
2,2022,10,Kinder Morgan,Kinder Morgan Port Sutton,PS - Industrial,1.8181966629,0.0344158654,0.1623389878,0.3896135706
2,2022,10,Kinder Morgan,Kinder Morgan Tampaplex,PS - Industrial,0,0,0,0
2,2022,10,Lowry Park Zoo,Lowry Park Zoo,PS - Industrial,0,0,0,0
2,2022,10,Mosaic,Mosaic - Bartow,PS - Industrial,0.631569807,0.2186725568,1.1381838672,1.3038860531
2,2022,10,Mosaic,Mosaic - Black Point,PS - Industrial,0,0,0,0
2,2022,10,Mosaic,Mosaic - Bonnie,PS - Industrial,1.2180986294,1.2875228005,9.9284972667,7.0906565362
2,2022,10,Mosaic,Mosaic - Ft. Lonesome,PS - Industrial,4.2336973177,0.0529212165,7.9381824707,31.752729883
2,2022,10,Mosaic,Mosaic - Green Bay,PS - Industrial,1.5487268786,5.8492095504,10.924055661,13.274801816
2,2022,10,Mosaic,Mosaic - Hookers Prairie,PS - Industrial,0,0,0,0
2,2022,10,Mosaic,Mosaic - Mulberry Phospho Stack,PS - Industrial,0.7184826084,2.2605089615,2.2977887195,3.2535061515
2,2022,10,Mosaic,Mosaic - Mulberry Plant,PS - Industrial,0.0051094741,0.0142935921,0.032791182,0.0620898121
2,2022,10,Mosaic,Mosaic - New Wales Chemical Plant,PS - Industrial,0.8921529869,0.3649716765,6.6235600543,12.976770719
2,2022,10,Mosaic,Mosaic - Nichols Mine,PS - Industrial,0.0273195173,0.0089642166,0.0832391543,0.0789704797
2,2022,10,Mosaic,Mosaic - Plant City,PS - Industrial,1.6298575663,0.4203997691,7.7612265063,6.2089812051
2,2022,10,Mosaic,Mosaic - Port Sutton,PS - Industrial,0.0028328477,0.0623226488,1.3597668839,0.9065112559
2,2022,10,Mosaic,Mosaic - Riverview,PS - Industrial,0.2255024361,1.0883179868,0.9792727544,0.1839410682
2,2022,10,Mosaic,Mosaic - Riverview Stack Closure,PS - Industrial,0,0,0,0
2,2022,10,Mosaic,Mosaic - South Pierce,PS - Industrial,1.0780990386,2.047023491,4.885562732,13.100950343
2,2022,10,Mosaic,Mosaic - Tampa Ammonia Terminal,PS - Industrial,0,0,0,0
2,2022,10,Mosaic,Mosaic - Tampa Marine Terminal,PS - Industrial,0,0,0,0
2,2022,10,TECO,TECO - Bayside (fka Gannon),PS - Industrial,0.0147734947,0.0060796274,0.0787919715,0.0583644233
2,2022,10,Trademark Nitrogen,Trademark Nitrogen Corporation,PS - Industrial,0.0110312899,0.0027594782,0.046153427,0.0227317011
2,2022,10,Springs,,Springs,13.061512885,0.5388690957,33.89613915,0
2,2022,11,Atmospheric Deposition,,Atmospheric Deposition,4.4187345448,0.0871021646,0,0
2,2022,11,Ground Water,,Ground Water,1.7256819188,0.2053736832,0,0
2,2022,11,CSX,CSX Newport,Material Losses,0.0504270833,0,0,0
2,2022,11,CSX,CSX Rockport,Material Losses,0.0460771667,0,0,0
2,2022,11,Kinder Morgan,Kinder Morgan Port Sutton,Material Losses,0.0175665,0,0,0
2,2022,11,Kinder Morgan,Kinder Morgan Tampaplex,Material Losses,0.00481475,0,0,0
2,2022,11,Mosaic,Mosaic All,Material Losses,0.25,0,0,0
2,2022,11,ALAFIA PRESERVE,,Non-Point Source,0.039532028,0.0096150356,1.4582878891,0.180115652
2,2022,11,BLOOMINGDALE,,Non-Point Source,0.0134577397,0.002557441,0.4387357259,0.0829313809
2,2022,11,CITY OF PLANT CITY,,Non-Point Source,1.6333610678,0.2540567982,74.054185795,10.652529384
2,2022,11,Conservation,,Non-Point Source,8.5031684488,1.207154291,142.52113882,33.975392592
2,2022,11,DONALDSON KNOLL,,Non-Point Source,0.005699916,0.0013783972,0.3944292785,0.0398175817
2,2022,11,EAGLE RIDGE,,Non-Point Source,0.0865887214,0.0329559792,3.3522632793,0.3896308889
2,2022,11,FDACS (Agriculture),,Non-Point Source,22.799171796,5.682894046,165.13081503,54.593757953
2,2022,11,HILLSBOROUGH,,Non-Point Source,22.636918624,4.9424101621,817.59349982,144.46269194
2,2022,11,LAKE ST. CHARLES,,Non-Point Source,0.0425469341,0.0085162459,1.3947142935,0.2535961149
2,2022,11,LIVE OAK I,,Non-Point Source,0.0600818887,0.0047968307,1.7089854575,0.3778362345
2,2022,11,LIVE OAK II,,Non-Point Source,0.0522290414,0.0043629786,1.7106829904,0.352859398
2,2022,11,Lakeland,,Non-Point Source,1.9110087203,0.3372238886,89.500250878,12.464384974
2,2022,11,MAGNOLIA PARK,,Non-Point Source,0.0408799156,0.0081200093,1.4111616118,0.2519617049
2,2022,11,MSGP COT,,Non-Point Source,0.9682770751,0.089335024,31.067614085,7.01822746
2,2022,11,MacDill AFB,,Non-Point Source,0.0774799038,0.0118292011,1.6416914069,0.6411385982
2,2022,11,Mulberry,,Non-Point Source,0.1989962197,0.0553726602,10.997753203,1.0111155373
2,2022,11,None,,Non-Point Source,0.0022803239,0.0001938603,0.0361814692,0.0113487731
2,2022,11,PALM RIVER,,Non-Point Source,0.0082902071,0.0016809835,0.3027986546,0.0553176023
2,2022,11,PANTHER TRACE,,Non-Point Source,0.0403801926,0.0080842815,1.3778894769,0.2435362834
2,2022,11,PANTHER TRACE II,,Non-Point Source,0.0601469253,0.0078991694,2.4356965708,0.4809595139
2,2022,11,PASCO,,Non-Point Source,9.6098296843,0.7669858613,237.77172285,56.341361232
2,2022,11,POLK,,Non-Point Source,8.6855879321,1.8304925837,318.72576574,41.351523228
2,2022,11,RIVERCREST,,Non-Point Source,0.0539820812,0.012429925,1.773980602,0.3279001671
2,2022,11,SAN ANTONIO,,Non-Point Source,0.0704912243,0.0056938816,1.9695551819,0.4100089236
2,2022,11,SPRING LAKE,,Non-Point Source,0.0428294405,0.0096428613,1.7062107029,0.2962104352
2,2022,11,ST. LEO,,Non-Point Source,0.0015453756,0.00011634,0.0741342361,0.0175455778
2,2022,11,STONE CREST,,Non-Point Source,0.0038185312,0.0007587617,0.1268911995,0.0224662147
2,2022,11,STONE DAIRY CREEK,,Non-Point Source,0.0280864656,0.0056624275,0.9921500245,0.1742292235
2,2022,11,STONELAKE RANCH,,Non-Point Source,0.0573476671,0.0049775988,0.8608191724,0.2100048145
2,2022,11,TEMPLE TERRACE,,Non-Point Source,0.4392417822,0.0361061463,15.267006603,3.068202166
2,2022,11,Tampa,,Non-Point Source,4.4385309038,0.7705896793,184.79022837,34.933638603
2,2022,11,ZEPHYRHILLS,,Non-Point Source,0.398886406,0.0327348712,15.688603297,3.1831845053
2,2022,11,Lakeland,City of Lakeland,PS - Domestic - REUSE,0,0,0,0
2,2022,11,Zephyrhills,City of Zephyrhills WWTF,PS - Domestic - REUSE,0.1270237381,0.0442314802,0.0215486699,0.0226828104
2,2022,11,Hillsborough Co.,Falkenburg AWTP,PS - Domestic - REUSE,0,0,0,0
2,2022,11,Tampa,Howard F. Curren,PS - Domestic - REUSE,0.3762605056,0.0606427189,0.0261866286,0.053062379
2,2022,11,Polk Co.,NW Regional WWTP,PS - Domestic - REUSE,0.0158166285,0.0021249487,0.0031107497,0.0021906688
2,2022,11,Pasco Co.,Pasco Reuse,PS - Domestic - REUSE,0.2329272479,0,0,0
2,2022,11,Plant City,Plant City WRF,PS - Domestic - REUSE,0.0415080408,0.000756657,0.0162140784,0.0140522013
2,2022,11,Hillsborough Co.,South County Regional WWTP,PS - Domestic - REUSE,0,0,0,0
2,2022,11,Polk Co.,Southwest Regional WWTF,PS - Domestic - REUSE,0.1025390713,0.0324013055,0.0109305609,0.0130125725
2,2022,11,Hillsborough Co.,Valrico AWTP,PS - Domestic - REUSE,5.4553661113,0.0442615237,0.0741247204,0.1311847569
2,2022,11,Lakeland,City of Lakeland,PS - Domestic - SW,2.0151774262,5.6021932447,8.4234416413,9.9549764852
2,2022,11,Mulberry,City of Mulberry,PS - Domestic - SW,0.0782381704,0.0782381704,0.0625905363,0.0469429023
2,2022,11,Hillsborough Co.,Falkenburg AWTP,PS - Domestic - SW,1.5414296566,0.6249039148,0.4374327404,1.1352421119
2,2022,11,Tampa,Howard F. Curren,PS - Domestic - SW,19.855345481,19.200773652,8.2912431681,16.800676946
2,2022,11,Plant City,Plant City WRF,PS - Domestic - SW,0.3247898039,0.0355238848,0.761226103,0.6597292893
2,2022,11,Hillsborough Co.,South County Regional WWTP,PS - Domestic - SW,0.2996334156,0.1068545636,0.17295017,0.1949820388
2,2022,11,Hillsborough Co.,Valrico AWTP,PS - Domestic - SW,0,0,0,0
2,2022,11,Alpha/Owens Corning,Alpha/Owens Corning,PS - Industrial,0,0,0,0
2,2022,11,Cytech Brewster,Brewster Phosphogypsum,PS - Industrial,0.0483549448,0.1625726591,0.1167188322,0.8003577063
2,2022,11,Busch Gardens,Busch Gardens,PS - Industrial,0.0699261472,0.0114165138,0.7135321143,1.3699816594
2,2022,11,CSX,CSX - Rockport Newport,PS - Industrial,0.2954908818,0,0,0.1448495228
2,2022,11,CSX,CSX Winston Yard,PS - Industrial,0.0006008691,0,0,0.0480695319
2,2022,11,Coronet,Coronet Industries,PS - Industrial,0,0,0,0
2,2022,11,Estech Agricola,Estech Agricola,PS - Industrial,0,0,0,0
2,2022,11,Kerry,Kerry I and F,PS - Industrial,0.0737316518,0.0095137615,0,0.4756880762
2,2022,11,Kinder Morgan,Kinder Morgan Port Sutton,PS - Industrial,0.1519973621,0.0042691753,0.397474942,0.4784420598
2,2022,11,Kinder Morgan,Kinder Morgan Tampaplex,PS - Industrial,0,0,0,0
2,2022,11,Lowry Park Zoo,Lowry Park Zoo,PS - Industrial,0.0083115225,0.0014045316,0.041309754,0.0793147277
2,2022,11,Mosaic,Mosaic - Bartow,PS - Industrial,0.5782113747,0.3123893669,1.6259769531,1.8626943615
2,2022,11,Mosaic,Mosaic - Black Point,PS - Industrial,0.0067597779,0.0012618252,0.0184767263,0.0055204853
2,2022,11,Mosaic,Mosaic - Bonnie,PS - Industrial,1.3527191895,3.3399186459,9.6897786302,15.454354509
2,2022,11,Mosaic,Mosaic - Ft. Lonesome,PS - Industrial,2.961008057,0.0464471852,6.9670777812,27.868311125
2,2022,11,Mosaic,Mosaic - Green Bay,PS - Industrial,1.1837122233,5.2157319839,9.7409651708,11.837122233
2,2022,11,Mosaic,Mosaic - Hookers Prairie,PS - Industrial,0,0,0,0
2,2022,11,Mosaic,Mosaic - Mulberry Phospho Stack,PS - Industrial,0.376820065,1.4528264933,1.4767861507,2.0910246381
2,2022,11,Mosaic,Mosaic - Mulberry Plant,PS - Industrial,0,0,0,0
2,2022,11,Mosaic,Mosaic - New Wales Chemical Plant,PS - Industrial,0.896596915,0.4322877983,7.8452230061,15.370232828
2,2022,11,Mosaic,Mosaic - Nichols Mine,PS - Industrial,0.1487025962,0.0507358888,0.471118967,0.44695902
2,2022,11,Mosaic,Mosaic - Plant City,PS - Industrial,0.7536776843,0.2676997239,4.9421487495,3.9537189996
2,2022,11,Mosaic,Mosaic - Port Sutton,PS - Industrial,0.0152095003,0.0669218015,1.4601120318,0.9734080212
2,2022,11,Mosaic,Mosaic - Riverview,PS - Industrial,0.5562921689,3.159632865,2.6649297839,0.5340224561
2,2022,11,Mosaic,Mosaic - Riverview Stack Closure,PS - Industrial,0,0,0,0
2,2022,11,Mosaic,Mosaic - South Pierce,PS - Industrial,0.9183909397,1.8871046707,4.503889814,12.077469892
2,2022,11,Mosaic,Mosaic - Tampa Ammonia Terminal,PS - Industrial,0.0065094158,0.0633416228,0.0234088606,0.024034766
2,2022,11,Mosaic,Mosaic - Tampa Marine Terminal,PS - Industrial,0,0,0,0
2,2022,11,TECO,TECO - Bayside (fka Gannon),PS - Industrial,0,0,0,0
2,2022,11,Trademark Nitrogen,Trademark Nitrogen Corporation,PS - Industrial,0.0064443216,0.0027539147,0.0268513401,0.022685871
2,2022,11,Springs,,Springs,14.272458274,0.5592883145,35.179698509,0
2,2022,12,Atmospheric Deposition,,Atmospheric Deposition,2.4787924224,0.047266882,0,0
2,2022,12,Ground Water,,Ground Water,1.7256819188,0.2053736832,0,0
2,2022,12,CSX,CSX Newport,Material Losses,0.0504270833,0,0,0
2,2022,12,CSX,CSX Rockport,Material Losses,0.0460771667,0,0,0
2,2022,12,Kinder Morgan,Kinder Morgan Port Sutton,Material Losses,0.0175665,0,0,0
2,2022,12,Kinder Morgan,Kinder Morgan Tampaplex,Material Losses,0.00481475,0,0,0
2,2022,12,Mosaic,Mosaic All,Material Losses,0.25,0,0,0
2,2022,12,ALAFIA PRESERVE,,Non-Point Source,0.0333987384,0.0048638574,0.8076142292,0.1063091218
2,2022,12,BLOOMINGDALE,,Non-Point Source,0.0054316054,0.0010301489,0.1767247568,0.0334051395
2,2022,12,CITY OF PLANT CITY,,Non-Point Source,1.0862032004,0.1704616862,51.552998747,7.9663410647
2,2022,12,Conservation,,Non-Point Source,4.9927064718,0.7739590778,86.940417568,22.502588013
2,2022,12,DONALDSON KNOLL,,Non-Point Source,0.0048155891,0.0006972754,0.2184388283,0.023501412
2,2022,12,EAGLE RIDGE,,Non-Point Source,0.0731547103,0.0166710962,1.8565164977,0.2299706726
2,2022,12,FDACS (Agriculture),,Non-Point Source,14.388711575,3.7503133075,111.62831142,38.981204214
2,2022,12,HILLSBOROUGH,,Non-Point Source,12.720107683,2.4993242826,437.55020716,78.812808093
2,2022,12,LAKE ST. CHARLES,,Non-Point Source,0.016970125,0.0033744598,0.5514575091,0.1000966938
2,2022,12,LIVE OAK I,,Non-Point Source,0.0332986313,0.004889567,1.3855851438,0.3053185887
2,2022,12,LIVE OAK II,,Non-Point Source,0.0289464201,0.0044473273,1.3869614436,0.2851355258
2,2022,12,Lakeland,,Non-Point Source,1.3333595988,0.2114799438,60.405521668,8.983190904
2,2022,12,MAGNOLIA PARK,,Non-Point Source,0.0164993211,0.0032707769,0.5684223508,0.101491327
2,2022,12,MSGP COT,,Non-Point Source,0.5146726476,0.077411962,23.714910907,5.1939463129
2,2022,12,MacDill AFB,,Non-Point Source,0.031271244,0.0047648563,0.6612808065,0.2582535594
2,2022,12,Mulberry,,Non-Point Source,0.1681224825,0.028010788,6.0906642941,0.5967876951
2,2022,12,None,,Non-Point Source,0.0009203492,0.0000780878,0.0145740612,0.0045713377
2,2022,12,PALM RIVER,,Non-Point Source,0.0029382638,0.000594417,0.1070734376,0.0195610045
2,2022,12,PANTHER TRACE,,Non-Point Source,0.0162976307,0.0032563855,0.5550201827,0.0980975287
2,2022,12,PANTHER TRACE II,,Non-Point Source,0.0221119796,0.0031567004,1.0704505426,0.2077803989
2,2022,12,PASCO,,Non-Point Source,5.3259673091,0.7818138624,192.77692817,45.52783276
2,2022,12,POLK,,Non-Point Source,6.5008168884,1.0461726784,193.92345508,27.690761893
2,2022,12,RIVERCREST,,Non-Point Source,0.0201229962,0.0045021776,0.6458776866,0.1196898732
2,2022,12,SAN ANTONIO,,Non-Point Source,0.0390677013,0.0058039604,1.5968458877,0.331316413
2,2022,12,SPRING LAKE,,Non-Point Source,0.0159893255,0.0035453144,0.6501057891,0.112638759
2,2022,12,ST. LEO,,Non-Point Source,0.0008564793,0.0001185892,0.0601054244,0.0141780765
2,2022,12,STONE CREST,,Non-Point Source,0.0015411767,0.0003056327,0.0511123555,0.009049494
2,2022,12,STONE DAIRY CREEK,,Non-Point Source,0.0113358261,0.0022808517,0.3996425672,0.070180328
2,2022,12,STONELAKE RANCH,,Non-Point Source,0.0317832688,0.0050738298,0.6979218293,0.1696988476
2,2022,12,TEMPLE TERRACE,,Non-Point Source,0.2434313793,0.0367796515,12.375533505,2.4789155399
2,2022,12,Tampa,,Non-Point Source,2.0190485536,0.3796625861,95.088472026,18.153301444
2,2022,12,ZEPHYRHILLS,,Non-Point Source,0.2210711353,0.0333677286,12.719766314,2.5722398009
2,2022,12,Lakeland,City of Lakeland,PS - Domestic - REUSE,0,0,0,0
2,2022,12,Zephyrhills,City of Zephyrhills WWTF,PS - Domestic - REUSE,0.0990073795,0.0552599327,0.0207224748,0.023024972
2,2022,12,Hillsborough Co.,Falkenburg AWTP,PS - Domestic - REUSE,0,0,0,0
2,2022,12,Tampa,Howard F. Curren,PS - Domestic - REUSE,0.2823728234,0.0527666387,0.0201694874,0.0466546728
2,2022,12,Polk Co.,NW Regional WWTP,PS - Domestic - REUSE,0.015440184,0.0022406014,0.0015750762,0.0022184172
2,2022,12,Pasco Co.,Pasco Reuse,PS - Domestic - REUSE,0.2329272479,0,0,0
2,2022,12,Plant City,Plant City WRF,PS - Domestic - REUSE,0.0258165558,0.0005454202,0.0078782917,0.0115144263
2,2022,12,Hillsborough Co.,South County Regional WWTP,PS - Domestic - REUSE,0,0,0,0
2,2022,12,Polk Co.,Southwest Regional WWTF,PS - Domestic - REUSE,0.030646367,0.0049724238,0.0038561654,0.0033826012
2,2022,12,Hillsborough Co.,Valrico AWTP,PS - Domestic - REUSE,1.6869025811,0.0133881157,0.0785824184,0.0628659347
2,2022,12,Lakeland,City of Lakeland,PS - Domestic - SW,2.2660099636,3.7404685016,6.2858495566,3.7870303501
2,2022,12,Mulberry,City of Mulberry,PS - Domestic - SW,0.105397456,0.1317468199,0.1204542354,0.0677555074
2,2022,12,Hillsborough Co.,Falkenburg AWTP,PS - Domestic - SW,1.712631047,0.5465843767,0.655901252,1.0202908365
2,2022,12,Tampa,Howard F. Curren,PS - Domestic - SW,16.195351351,18.158424242,6.9408648646,16.055131859
2,2022,12,Plant City,Plant City WRF,PS - Domestic - SW,0.404376717,0.0512590205,0.7404080733,1.0821348764
2,2022,12,Hillsborough Co.,South County Regional WWTP,PS - Domestic - SW,0.3363249894,0.0214675525,0.1932079726,0.1001819117
2,2022,12,Hillsborough Co.,Valrico AWTP,PS - Domestic - SW,0,0,0,0
2,2022,12,Alpha/Owens Corning,Alpha/Owens Corning,PS - Industrial,0.0010423327,0.0043980284,0.0087960567,0.0263881701
2,2022,12,Cytech Brewster,Brewster Phosphogypsum,PS - Industrial,0.0200769994,0.0604728899,0.0580539743,0.4644317941
2,2022,12,Busch Gardens,Busch Gardens,PS - Industrial,0.0416389802,0.0114866152,0.7179134518,1.3783938275
2,2022,12,CSX,CSX - Rockport Newport,PS - Industrial,0.0556491874,0,0,0.0592456981
2,2022,12,CSX,CSX Winston Yard,PS - Industrial,0.0004346287,0,0,0.0496718496
2,2022,12,Coronet,Coronet Industries,PS - Industrial,0,0,0,0
2,2022,12,Estech Agricola,Estech Agricola,PS - Industrial,0,0,0,0
2,2022,12,Kerry,Kerry I and F,PS - Industrial,0.0597614441,0.0380300099,0,0.3621905703
2,2022,12,Kinder Morgan,Kinder Morgan Port Sutton,PS - Industrial,0.1008959446,0.0013194085,0.0745077745,0.0007761227
2,2022,12,Kinder Morgan,Kinder Morgan Tampaplex,PS - Industrial,0,0,0,0
2,2022,12,Lowry Park Zoo,Lowry Park Zoo,PS - Industrial,0.1192900514,0.0188500789,0.5626889217,1.0803627297
2,2022,12,Mosaic,Mosaic - Bartow,PS - Industrial,0.5069762508,0.160359875,0.8346681692,0.9561831056
2,2022,12,Mosaic,Mosaic - Black Point,PS - Industrial,0.0003104491,0.0001448762,0.0021214019,0.0006338335
2,2022,12,Mosaic,Mosaic - Bonnie,PS - Industrial,0.2207292818,0.6452166302,1.8501729161,2.7319517302
2,2022,12,Mosaic,Mosaic - Ft. Lonesome,PS - Industrial,2.6054696089,0.0341700932,5.1255139848,20.502055939
2,2022,12,Mosaic,Mosaic - Green Bay,PS - Industrial,0.3726940968,1.608669418,3.0043707806,3.6508809486
2,2022,12,Mosaic,Mosaic - Hookers Prairie,PS - Industrial,0,0,0,0
2,2022,12,Mosaic,Mosaic - Mulberry Phospho Stack,PS - Industrial,0,0,0,0
2,2022,12,Mosaic,Mosaic - Mulberry Plant,PS - Industrial,0,0,0,0
2,2022,12,Mosaic,Mosaic - New Wales Chemical Plant,PS - Industrial,0.6297588541,0.2615921394,4.7474129001,9.3010538452
2,2022,12,Mosaic,Mosaic - Nichols Mine,PS - Industrial,0,0,0,0
2,2022,12,Mosaic,Mosaic - Plant City,PS - Industrial,0.4351460995,0.1950654929,3.6012090989,2.8809672791
2,2022,12,Mosaic,Mosaic - Port Sutton,PS - Industrial,0.0145522997,0.0640301187,1.3970207711,0.9313471808
2,2022,12,Mosaic,Mosaic - Riverview,PS - Industrial,0.180370904,0.3306282492,0.3567059702,0.0558808308
2,2022,12,Mosaic,Mosaic - Riverview Stack Closure,PS - Industrial,0,0,0,0
2,2022,12,Mosaic,Mosaic - South Pierce,PS - Industrial,0.2943057091,1.3795580115,3.2925451208,8.8291712736
2,2022,12,Mosaic,Mosaic - Tampa Ammonia Terminal,PS - Industrial,0,0,0,0
2,2022,12,Mosaic,Mosaic - Tampa Marine Terminal,PS - Industrial,0,0,0,0
2,2022,12,TECO,TECO - Bayside (fka Gannon),PS - Industrial,0,0,0,0
2,2022,12,Trademark Nitrogen,Trademark Nitrogen Corporation,PS - Industrial,0.0023400098,0.0034665945,0.0338001414,0.0285566995
2,2022,12,Springs,,Springs,12.993552148,0.5158037172,32.401219047,0
2,2023,1,Atmospheric Deposition,,Atmospheric Deposition,2.0721212416,0.0363668145,0,0
2,2023,1,Ground Water,,Ground Water,1.7256819188,0.2053736832,0,0
2,2023,1,CSX,CSX Newport,Material Losses,0.0610670833,0,0,0
2,2023,1,CSX,CSX Rockport,Material Losses,0.0625291667,0,0,0
2,2023,1,Kinder Morgan,Kinder Morgan Port Sutton,Material Losses,0.011059,0,0,0
2,2023,1,Kinder Morgan,Kinder Morgan Tampaplex,Material Losses,0.00278075,0,0,0
2,2023,1,Mosaic,Mosaic All,Material Losses,0.1325,0,0,0
2,2023,1,ALAFIA PRESERVE,,Non-Point Source,0.019609718,0.0065190974,0.6386610668,0.077899875
2,2023,1,BLOOMINGDALE,,Non-Point Source,0.0048515803,0.0009139952,0.1567982808,0.0296385664
2,2023,1,CITY OF PLANT CITY,,Non-Point Source,0.7136839509,0.1710244269,39.062909225,5.8164576037
2,2023,1,Conservation,,Non-Point Source,3.5323446863,0.7218689407,68.207850149,17.06383087
2,2023,1,DONALDSON KNOLL,,Non-Point Source,0.0028274225,0.0009345681,0.1727413535,0.0172210722
2,2023,1,EAGLE RIDGE,,Non-Point Source,0.0429520186,0.0223445078,1.4681326358,0.168515047
2,2023,1,FDACS (Agriculture),,Non-Point Source,9.7422029487,3.7284328693,86.191029171,29.234965817
2,2023,1,HILLSBOROUGH,,Non-Point Source,7.9343786757,2.5187208265,348.85159723,61.286454221
2,2023,1,LAKE ST. CHARLES,,Non-Point Source,0.0151748042,0.0029934379,0.4891790128,0.0887906468
2,2023,1,LIVE OAK I,,Non-Point Source,0.0240646609,0.0031801453,1.0246836208,0.2226971177
2,2023,1,LIVE OAK II,,Non-Point Source,0.0209193519,0.0028925153,1.0257014377,0.2079757411
2,2023,1,Lakeland,,Non-Point Source,0.8555460919,0.2274434447,46.015220232,6.5622301276
2,2023,1,MAGNOLIA PARK,,Non-Point Source,0.0147374074,0.0029019827,0.5043302874,0.0900477436
2,2023,1,MSGP COT,,Non-Point Source,0.3819923252,0.0524596227,17.752249789,3.8631964531
2,2023,1,MacDill AFB,,Non-Point Source,0.0258536541,0.0042275983,0.586718553,0.2291343605
2,2023,1,Mulberry,,Non-Point Source,0.0987113472,0.0375432583,4.8164953204,0.4373066591
2,2023,1,None,,Non-Point Source,0.0008220678,0.0000692831,0.0129307732,0.0040558997
2,2023,1,PALM RIVER,,Non-Point Source,0.0018784911,0.0003770871,0.0679253965,0.0124091373
2,2023,1,PANTHER TRACE,,Non-Point Source,0.0145572548,0.0028892141,0.4924392713,0.0870366107
2,2023,1,PANTHER TRACE II,,Non-Point Source,0.0262068414,0.0034900999,1.2059100739,0.2312421424
2,2023,1,PASCO,,Non-Point Source,3.8490350023,0.5084870959,142.56457762,33.20766408
2,2023,1,POLK,,Non-Point Source,4.0333025749,1.2375722329,150.53826144,20.249779514
2,2023,1,RIVERCREST,,Non-Point Source,0.0181131052,0.0039896916,0.5723925814,0.1060753477
2,2023,1,SAN ANTONIO,,Non-Point Source,0.0282339228,0.0037748614,1.1809175592,0.2416597382
2,2023,1,SPRING LAKE,,Non-Point Source,0.0150437792,0.003219191,0.6097445713,0.1054035122
2,2023,1,ST. LEO,,Non-Point Source,0.0006189709,0.0000771297,0.0444498443,0.010341384
2,2023,1,STONE CREST,,Non-Point Source,0.001376599,0.0002711713,0.0453492177,0.0080291247
2,2023,1,STONE DAIRY CREEK,,Non-Point Source,0.0101253067,0.0020236759,0.3545811499,0.0622671944
2,2023,1,STONELAKE RANCH,,Non-Point Source,0.0229695203,0.0032999888,0.516135057,0.1237770828
2,2023,1,TEMPLE TERRACE,,Non-Point Source,0.1758682672,0.0239093661,9.149670925,1.8076949528
2,2023,1,Tampa,,Non-Point Source,1.4539227276,0.3079279548,77.596377829,14.701116618
2,2023,1,ZEPHYRHILLS,,Non-Point Source,0.1597663839,0.0217021727,9.406665669,1.8761726633
2,2023,1,Lakeland,City of Lakeland,PS - Domestic - REUSE,0,0,0,0
2,2023,1,Zephyrhills,City of Zephyrhills WWTF,PS - Domestic - REUSE,0.069385365,0.0659160967,0.013877073,0.023128455
2,2023,1,Hillsborough Co.,Falkenburg AWTP,PS - Domestic - REUSE,0,0,0,0
2,2023,1,Tampa,Howard F. Curren,PS - Domestic - REUSE,0.2630434888,0.0461379045,0.0166555921,0.0478608968
2,2023,1,Polk Co.,NW Regional WWTP,PS - Domestic - REUSE,0.0111043748,0.0006296295,0.0015836136,0.0019079682
2,2023,1,Pasco Co.,Pasco Reuse,PS - Domestic - REUSE,0.1635309152,0,0,0
2,2023,1,Plant City,Plant City WRF,PS - Domestic - REUSE,0.0590070529,0.0011848806,0.0165883281,0.0165883281
2,2023,1,Hillsborough Co.,South County Regional WWTP,PS - Domestic - REUSE,0,0,0,0
2,2023,1,Polk Co.,Southwest Regional WWTF,PS - Domestic - REUSE,0.0320300644,0.0055523814,0.0026062199,0.0037771302
2,2023,1,Hillsborough Co.,Valrico AWTP,PS - Domestic - REUSE,1.4719010845,0.0178818659,0.0357637317,0.0312932653
2,2023,1,Lakeland,City of Lakeland,PS - Domestic - SW,5.6656953E-6,9.3522779E-6,0.0000157165,9.4686963E-6
2,2023,1,Mulberry,City of Mulberry,PS - Domestic - SW,0.1126930089,0.1365975865,0.0922033709,0.0478091553
2,2023,1,Hillsborough Co.,Falkenburg AWTP,PS - Domestic - SW,2.0675286515,0.4184284176,0.529188881,0.3445881086
2,2023,1,Tampa,Howard F. Curren,PS - Domestic - SW,15.67004567,16.491183434,5.9532487917,17.107036758
2,2023,1,Plant City,Plant City WRF,PS - Domestic - SW,0.3643921715,0.0439026713,0.6146373978,0.6146373978
2,2023,1,Hillsborough Co.,South County Regional WWTP,PS - Domestic - SW,0.3363754374,0.0248553279,0.2270119947,0.1309047269
2,2023,1,Hillsborough Co.,Valrico AWTP,PS - Domestic - SW,0,0,0,0
2,2023,1,Alpha/Owens Corning,Alpha/Owens Corning,PS - Industrial,0,0,0,0
2,2023,1,Cytech Brewster,Brewster Phosphogypsum,PS - Industrial,0.0303153507,0.018743362,0.0081492878,0.1564663264
2,2023,1,Busch Gardens,Busch Gardens,PS - Industrial,0.0521554421,0.0122239317,0.8149287832,1.5646632637
2,2023,1,CSX,CSX - Rockport Newport,PS - Industrial,0.0410430182,0,0,0.0285212556
2,2023,1,CSX,CSX Winston Yard,PS - Industrial,0.0010089594,0,0,0.0248359248
2,2023,1,Coronet,Coronet Industries,PS - Industrial,0,0,0,0
2,2023,1,Estech Agricola,Estech Agricola,PS - Industrial,0.0385280219,0.0783056013,0.4914926039,0.1999291948
2,2023,1,Kerry,Kerry I and F,PS - Industrial,0.1056820343,0.0098308869,0,0.2457721727
2,2023,1,Kinder Morgan,Kinder Morgan Port Sutton,PS - Industrial,0,0,0,0
2,2023,1,Kinder Morgan,Kinder Morgan Tampaplex,PS - Industrial,0,0,0,0
2,2023,1,Lowry Park Zoo,Lowry Park Zoo,PS - Industrial,0.0074360311,0.0013260055,0.0433335147,0.0832003481
2,2023,1,Mosaic,Mosaic - Bartow,PS - Industrial,0.2310387777,0.1103775763,0.5745118568,0.6581520077
2,2023,1,Mosaic,Mosaic - Black Point,PS - Industrial,0,0,0,0
2,2023,1,Mosaic,Mosaic - Bonnie,PS - Industrial,0.6889511416,0.6024264014,4.056353292,3.1417444898
2,2023,1,Mosaic,Mosaic - Ft. Lonesome,PS - Industrial,1.6686636989,0.0355981589,5.3397238364,21.358895345
2,2023,1,Mosaic,Mosaic - Green Bay,PS - Industrial,0.296323628,1.3624445071,2.5445181101,3.0920726401
2,2023,1,Mosaic,Mosaic - Hookers Prairie,PS - Industrial,0,0,0,0
2,2023,1,Mosaic,Mosaic - Mulberry Phospho Stack,PS - Industrial,0,0,0,0
2,2023,1,Mosaic,Mosaic - Mulberry Plant,PS - Industrial,0,0,0,0
2,2023,1,Mosaic,Mosaic - New Wales Chemical Plant,PS - Industrial,0.4611203375,0.1945351424,3.530452584,6.9168050624
2,2023,1,Mosaic,Mosaic - Nichols Mine,PS - Industrial,0,0,0,0
2,2023,1,Mosaic,Mosaic - Plant City,PS - Industrial,0.6553062247,0.285871843,5.2776340243,4.2221072194
2,2023,1,Mosaic,Mosaic - Port Sutton,PS - Industrial,0.0042945453,0.0034149397,0.0745077745,0.0496718496
2,2023,1,Mosaic,Mosaic - Riverview,PS - Industrial,0.231905448,0.3306282492,0.3567059702,0.0558808308
2,2023,1,Mosaic,Mosaic - Riverview Stack Closure,PS - Industrial,0,0,0,0
2,2023,1,Mosaic,Mosaic - South Pierce,PS - Industrial,0.1545648259,1.1040344705,2.6349622697,7.0658206114
2,2023,1,Mosaic,Mosaic - Tampa Ammonia Terminal,PS - Industrial,0,0,0,0
2,2023,1,Mosaic,Mosaic - Tampa Marine Terminal,PS - Industrial,0.0041781269,0.0327265051,0.0120687072,0.0124179624
2,2023,1,TECO,TECO - Bayside (fka Gannon),PS - Industrial,0,0,0,0
2,2023,1,Trademark Nitrogen,Trademark Nitrogen Corporation,PS - Industrial,0.0159803654,0.0036735554,0.0358180603,0.0302615771
2,2023,1,Springs,,Springs,12.423663629,0.6637910199,31.963596313,0
2,2023,2,Atmospheric Deposition,,Atmospheric Deposition,0.6727889786,0.0112772069,0,0
2,2023,2,Ground Water,,Ground Water,1.7256819188,0.2053736832,0,0
2,2023,2,CSX,CSX Newport,Material Losses,0.0610670833,0,0,0
2,2023,2,CSX,CSX Rockport,Material Losses,0.0625291667,0,0,0
2,2023,2,Kinder Morgan,Kinder Morgan Port Sutton,Material Losses,0.011059,0,0,0
2,2023,2,Kinder Morgan,Kinder Morgan Tampaplex,Material Losses,0.00278075,0,0,0
2,2023,2,Mosaic,Mosaic All,Material Losses,0.1325,0,0,0
2,2023,2,ALAFIA PRESERVE,,Non-Point Source,0.0067188375,0.0021324582,0.3442040176,0.0404689154
2,2023,2,BLOOMINGDALE,,Non-Point Source,0.0029848335,0.0005592942,0.0959483874,0.018136504
2,2023,2,CITY OF PLANT CITY,,Non-Point Source,0.181308779,0.0359597466,15.415645562,1.9501431226
2,2023,2,Conservation,,Non-Point Source,1.0593638293,0.1743002919,30.660304131,6.5682886408
2,2023,2,DONALDSON KNOLL,,Non-Point Source,0.000968754,0.000305706,0.093098313,0.0089463316
2,2023,2,EAGLE RIDGE,,Non-Point Source,0.0147165622,0.0073090991,0.7912446488,0.0875434161
2,2023,2,FDACS (Agriculture),,Non-Point Source,2.6907038196,0.8534891019,35.004892691,10.566455454
2,2023,2,HILLSBOROUGH,,Non-Point Source,3.0027205808,0.8849796606,171.58765783,28.398872503
2,2023,2,LAKE ST. CHARLES,,Non-Point Source,0.0093385588,0.0018300619,0.2990271578,0.0542709503
2,2023,2,LIVE OAK I,,Non-Point Source,0.0044871617,0,0.3174096613,0.0631606807
2,2023,2,LIVE OAK II,,Non-Point Source,0.0039006789,0,0.3177249439,0.0589854486
2,2023,2,Lakeland,,Non-Point Source,0.2326232342,0.0549164399,19.003021314,2.3711129336
2,2023,2,MAGNOLIA PARK,,Non-Point Source,0.0090668822,0.0017757884,0.3086110227,0.0551022355
2,2023,2,MSGP COT,,Non-Point Source,0.0938249267,0.0029789169,5.8893107944,1.2339234242
2,2023,2,MacDill AFB,,Non-Point Source,0.015905921,0.0025869623,0.3590262517,0.1402124582
2,2023,2,Mulberry,,Non-Point Source,0.0338212667,0.0122807536,2.5958323216,0.2271804181
2,2023,2,None,,Non-Point Source,0.00050576,0.0000423959,0.0079126304,0.0024818961
2,2023,2,PALM RIVER,,Non-Point Source,0.0008937227,0.0001782913,0.0321159372,0.005867188
2,2023,2,PANTHER TRACE,,Non-Point Source,0.0089560471,0.0017679749,0.3013346431,0.0532596556
2,2023,2,PANTHER TRACE II,,Non-Point Source,0.0139685353,0.0030463253,0.8076181323,0.1541960603
2,2023,2,PASCO,,Non-Point Source,0.71770147,0,44.161313189,9.4182569158
2,2023,2,POLK,,Non-Point Source,1.2017368188,0.3475536058,71.821501914,8.4238932417
2,2023,2,RIVERCREST,,Non-Point Source,0.0111649447,0.0024261317,0.348184118,0.0645354761
2,2023,2,SAN ANTONIO,,Non-Point Source,0.0052645736,0,0.3658052446,0.0685388016
2,2023,2,SPRING LAKE,,Non-Point Source,0.0090446224,0.0020612681,0.3807312574,0.065748026
2,2023,2,ST. LEO,,Non-Point Source,0.000115415,0,0.0137689427,0.002932992
2,2023,2,STONE CREST,,Non-Point Source,0.0008469238,0.0001659358,0.0277502042,0.0049132016
2,2023,2,STONE DAIRY CREEK,,Non-Point Source,0.0062293836,0.0012383327,0.2169761643,0.0381026938
2,2023,2,STONELAKE RANCH,,Non-Point Source,0.0042829588,0,0.1598798403,0.0351052806
2,2023,2,TEMPLE TERRACE,,Non-Point Source,0.0327898016,0,2.8340063652,0.5126576554
2,2023,2,Tampa,,Non-Point Source,0.7272199696,0.1460933606,38.759584014,7.1549363082
2,2023,2,ZEPHYRHILLS,,Non-Point Source,0.0297904718,0,2.9138423837,0.5321143974
2,2023,2,Lakeland,City of Lakeland,PS - Domestic - REUSE,0,0,0,0
2,2023,2,Zephyrhills,City of Zephyrhills WWTF,PS - Domestic - REUSE,0.0396248167,0.0354537834,0.0104275834,0.0208551667
2,2023,2,Hillsborough Co.,Falkenburg AWTP,PS - Domestic - REUSE,0,0,0,0
2,2023,2,Tampa,Howard F. Curren,PS - Domestic - REUSE,0.2593646674,0.0545821189,0.0131475177,0.0392433483
2,2023,2,Polk Co.,NW Regional WWTP,PS - Domestic - REUSE,0.0295080163,0.0051639028,0.0008382959,0.0020119102
2,2023,2,Pasco Co.,Pasco Reuse,PS - Domestic - REUSE,0.1635309152,0,0,0
2,2023,2,Plant City,Plant City WRF,PS - Domestic - REUSE,0.0725549497,0.0021833665,0.0285517163,0.0151156145
2,2023,2,Polk Co.,Southwest Regional WWTF,PS - Domestic - REUSE,0.0454866959,0.0152828064,0.0034363707,0.0051997714
2,2023,2,Hillsborough Co.,Valrico AWTP,PS - Domestic - REUSE,3.3418809844,0.0365719007,0.0741322312,0.094889256
2,2023,2,Lakeland,City of Lakeland,PS - Domestic - SW,0,0,0,0
2,2023,2,Mulberry,City of Mulberry,PS - Domestic - SW,0.1093698687,0.1359733502,0.0502510207,0.0325153664
2,2023,2,Hillsborough Co.,Falkenburg AWTP,PS - Domestic - SW,2.0055823804,0.5254800997,0.4116260781,0.2977720565
2,2023,2,Tampa,Howard F. Curren,PS - Domestic - SW,12.980910039,16.39064217,3.9481108876,11.784512801
2,2023,2,Plant City,Plant City WRF,PS - Domestic - SW,0.1686639701,0.0304532168,0.3982343738,0.2108299626
2,2023,2,Hillsborough Co.,Valrico AWTP,PS - Domestic - SW,0,0,0,0
2,2023,2,Alpha/Owens Corning,Alpha/Owens Corning,PS - Industrial,0,0,0,0
2,2023,2,Cytech Brewster,Brewster Phosphogypsum,PS - Industrial,0.0007325596,0.0057833656,0.0019277885,0.0370135396
2,2023,2,Busch Gardens,Busch Gardens,PS - Industrial,0.0238344762,0.0089379286,0.595861906,1.1440548595
2,2023,2,CSX,CSX - Rockport Newport,PS - Industrial,0.0003605215,0,0,0.0002403477
2,2023,2,CSX,CSX Winston Yard,PS - Industrial,0.0001962839,0,0,0.0224324482
2,2023,2,Coronet,Coronet Industries,PS - Industrial,0,0,0,0
2,2023,2,Estech Agricola,Estech Agricola,PS - Industrial,0.0347995037,0.0707276399,0.4439288035,0.1805812082
2,2023,2,Kerry,Kerry I and F,PS - Industrial,0.001402028,0.0554969422,0,0.2920891696
2,2023,2,Kinder Morgan,Kinder Morgan Port Sutton,PS - Industrial,0,0,0,0
2,2023,2,Kinder Morgan,Kinder Morgan Tampaplex,PS - Industrial,0,0,0,0
2,2023,2,Lowry Park Zoo,Lowry Park Zoo,PS - Industrial,0.0051771053,0.0011940605,0.0426450188,0.081878436
2,2023,2,Mosaic,Mosaic - Bartow,PS - Industrial,0.2303882534,0.1185064179,0.6168222248,0.7066221191
2,2023,2,Mosaic,Mosaic - Black Point,PS - Industrial,0,0,0,0
2,2023,2,Mosaic,Mosaic - Bonnie,PS - Industrial,0.8213080106,0.5910833272,3.9559856116,3.5555430436
2,2023,2,Mosaic,Mosaic - Ft. Lonesome,PS - Industrial,0.7332840185,0.0130482074,1.9572311076,7.8289244304
2,2023,2,Mosaic,Mosaic - Green Bay,PS - Industrial,0.3314043718,1.5073553686,2.8151554165,3.4209483543
2,2023,2,Mosaic,Mosaic - Hookers Prairie,PS - Industrial,0,0,0,0
2,2023,2,Mosaic,Mosaic - Mulberry Phospho Stack,PS - Industrial,0.3160171144,0.5377127941,0.5465806213,0.7739194638
2,2023,2,Mosaic,Mosaic - Mulberry Plant,PS - Industrial,0,0,0,0
2,2023,2,Mosaic,Mosaic - New Wales Chemical Plant,PS - Industrial,0.2734889313,0.0839113766,1.5228360946,2.9835156139
2,2023,2,Mosaic,Mosaic - Nichols Mine,PS - Industrial,0,0,0,0
2,2023,2,Mosaic,Mosaic - Plant City,PS - Industrial,0.6492791733,0.319720805,5.9025379391,4.7220303513
2,2023,2,Mosaic,Mosaic - Port Sutton,PS - Industrial,0.0688512591,0.0547491939,1.194527868,0.796351912
2,2023,2,Mosaic,Mosaic - Riverview,PS - Industrial,0.1528210535,0.2488599725,0.2684883647,0.0420608404
2,2023,2,Mosaic,Mosaic - Riverview Stack Closure,PS - Industrial,0,0,0,0
2,2023,2,Mosaic,Mosaic - South Pierce,PS - Industrial,0.112839888,0.7693628727,1.8362127229,4.9239223853
2,2023,2,Mosaic,Mosaic - Tampa Ammonia Terminal,PS - Industrial,0,0,0,0
2,2023,2,Mosaic,Mosaic - Tampa Marine Terminal,PS - Industrial,0,0,0,0
2,2023,2,TECO,TECO - Bayside (fka Gannon),PS - Industrial,0,0,0,0
2,2023,2,Trademark Nitrogen,Trademark Nitrogen Corporation,PS - Industrial,0.0050525585,0.0024145434,0.0235423871,0.0198902385
2,2023,2,Springs,,Springs,11.315302844,0.5697410762,27.988672382,0
2,2023,3,Atmospheric Deposition,,Atmospheric Deposition,0.4714779542,0.0078983224,0,0
2,2023,3,Ground Water,,Ground Water,1.7256819188,0.2053736832,0,0
2,2023,3,CSX,CSX Newport,Material Losses,0.0610670833,0,0,0
2,2023,3,CSX,CSX Rockport,Material Losses,0.0625291667,0,0,0
2,2023,3,Kinder Morgan,Kinder Morgan Port Sutton,Material Losses,0.011059,0,0,0
2,2023,3,Kinder Morgan,Kinder Morgan Tampaplex,Material Losses,0.00278075,0,0,0
2,2023,3,Mosaic,Mosaic All,Material Losses,0.1325,0,0,0
2,2023,3,ALAFIA PRESERVE,,Non-Point Source,0.0018130266,0,0.2155416552,0.0094675459
2,2023,3,BLOOMINGDALE,,Non-Point Source,0.0023012915,0.0004311793,0.0739699354,0.0139820592
2,2023,3,CITY OF PLANT CITY,,Non-Point Source,0,0,4.5852687851,0
2,2023,3,Conservation,,Non-Point Source,0.1650816107,0,13.583955622,1.0706515942
2,2023,3,DONALDSON KNOLL,,Non-Point Source,0.0002614108,0,0.0582984609,0.0020929596
2,2023,3,EAGLE RIDGE,,Non-Point Source,0.003971151,0,0.4954799263,0.020480443
2,2023,3,FDACS (Agriculture),,Non-Point Source,0.1273044101,0,11.173070148,0.8341564886
2,2023,3,HILLSBOROUGH,,Non-Point Source,1.1823578623,0,90.735752751,10.82334564
2,2023,3,LAKE ST. CHARLES,,Non-Point Source,0.0072067587,0.0014125377,0.2308409322,0.0419010133
2,2023,3,LIVE OAK I,,Non-Point Source,0,0,0,0
2,2023,3,LIVE OAK II,,Non-Point Source,0,0,0,0
2,2023,3,Lakeland,,Non-Point Source,0.0034047566,0,6.6882556324,0.0569250509
2,2023,3,MAGNOLIA PARK,,Non-Point Source,0.0069905201,0.0013690168,0.2379189274,0.042480222
2,2023,3,MSGP COT,,Non-Point Source,0,0,0.411187672,0.0377636891
2,2023,3,MacDill AFB,,Non-Point Source,0.0122633843,0.0019943788,0.2767857738,0.1080946409
2,2023,3,Mulberry,,Non-Point Source,0.0091264085,0,1.6255184909,0.0531479784
2,2023,3,None,,Non-Point Source,0.0003899384,0.0000326844,0.0061001208,0.0019133797
2,2023,3,PALM RIVER,,Non-Point Source,0.0003585711,0.0000715259,0.0128840924,0.0023537657
2,2023,3,PANTHER TRACE,,Non-Point Source,0.0069050668,0.0013629931,0.2323093143,0.0410597134
2,2023,3,PANTHER TRACE II,,Non-Point Source,0.0098203033,0.0021005864,0.5294492811,0.1018813586
2,2023,3,PASCO,,Non-Point Source,0,0,0,0
2,2023,3,POLK,,Non-Point Source,0.1475004008,0,36.604274054,0.9656040213
2,2023,3,RIVERCREST,,Non-Point Source,0.008663955,0.0018855453,0.2704901813,0.0501247413
2,2023,3,SAN ANTONIO,,Non-Point Source,0,0,0,0
2,2023,3,SPRING LAKE,,Non-Point Source,0.0069104245,0.0015715546,0.2828329683,0.0489281099
2,2023,3,ST. LEO,,Non-Point Source,0,0,0,0
2,2023,3,STONE CREST,,Non-Point Source,0.0006529739,0.0001279257,0.0213935936,0.0037877573
2,2023,3,STONE DAIRY CREEK,,Non-Point Source,0.0048028231,0.0009546736,0.1672744409,0.0293746865
2,2023,3,STONELAKE RANCH,,Non-Point Source,0,0,0,0
2,2023,3,TEMPLE TERRACE,,Non-Point Source,0,0,0,0
2,2023,3,Tampa,,Non-Point Source,0.4719217582,0.1053295324,23.17168891,4.1264622487
2,2023,3,ZEPHYRHILLS,,Non-Point Source,0,0,0,0
2,2023,3,Lakeland,City of Lakeland,PS - Domestic - REUSE,0,0,0,0
2,2023,3,Zephyrhills,City of Zephyrhills WWTF,PS - Domestic - REUSE,0.0443133695,0.0482166197,0.0126281623,0.0229602951
2,2023,3,Hillsborough Co.,Falkenburg AWTP,PS - Domestic - REUSE,0.1960044803,0.0071218058,0.0078959151,0.0301902636
2,2023,3,Tampa,Howard F. Curren,PS - Domestic - REUSE,0.350477586,0.0738674733,0.0206933702,0.0450539199
2,2023,3,Polk Co.,NW Regional WWTP,PS - Domestic - REUSE,0.0248933579,0.0060320252,0.0011253778,0.0022507557
2,2023,3,Pasco Co.,Pasco Reuse,PS - Domestic - REUSE,0.1635309152,0,0,0
2,2023,3,Plant City,Plant City WRF,PS - Domestic - REUSE,0.0765194844,0.0014529016,0.0193720214,0.0113003458
2,2023,3,Polk Co.,Southwest Regional WWTF,PS - Domestic - REUSE,0.0377976905,0.0110193894,0.0047395223,0.0059244029
2,2023,3,Hillsborough Co.,Valrico AWTP,PS - Domestic - REUSE,4.1118046683,0.0290929576,0.0802750125,0.0651897753
2,2023,3,Lakeland,City of Lakeland,PS - Domestic - SW,0.8856403865,1.9605201719,5.0489071607,2.2708727859
2,2023,3,Mulberry,City of Mulberry,PS - Domestic - SW,0.0968601068,0.0938332285,0.0393494184,0.0205827727
2,2023,3,Hillsborough Co.,Falkenburg AWTP,PS - Domestic - SW,1.1243430132,0.2386577151,0.2863892581,1.034183432
2,2023,3,Tampa,Howard F. Curren,PS - Domestic - SW,13.846028087,17.509326998,4.905095152,10.679447673
2,2023,3,Plant City,Plant City WRF,PS - Domestic - SW,0.2384080623,0.0271604122,0.3621388288,0.2112476501
2,2023,3,Hillsborough Co.,Valrico AWTP,PS - Domestic - SW,0,0,0,0
2,2023,3,Alpha/Owens Corning,Alpha/Owens Corning,PS - Industrial,0,0,0,0
2,2023,3,Cytech Brewster,Brewster Phosphogypsum,PS - Industrial,0.0020696604,0.0012288609,0.0003233844,0.0062089812
2,2023,3,Busch Gardens,Busch Gardens,PS - Industrial,0.0212140191,0.0079552572,0.5303504779,1.0182729176
2,2023,3,CSX,CSX - Rockport Newport,PS - Industrial,0,0,0,0
2,2023,3,CSX,CSX Winston Yard,PS - Industrial,0.0002173143,0,0,0.0248359248
2,2023,3,Coronet,Coronet Industries,PS - Industrial,0,0,0,0
2,2023,3,Estech Agricola,Estech Agricola,PS - Industrial,0.0385280219,0.0783056013,0.4914926039,0.1999291948
2,2023,3,Kerry,Kerry I and F,PS - Industrial,0.1365975865,0.0113831322,0,0.2845783052
2,2023,3,Kinder Morgan,Kinder Morgan Port Sutton,PS - Industrial,0,0,0,0
2,2023,3,Kinder Morgan,Kinder Morgan Tampaplex,PS - Industrial,0,0,0,0
2,2023,3,Lowry Park Zoo,Lowry Park Zoo,PS - Industrial,0.0077992565,0.0021188148,0.0504479723,0.0968601068
2,2023,3,Mosaic,Mosaic - Bartow,PS - Industrial,0.259147353,0.1312035341,0.6829103203,0.7823316318
2,2023,3,Mosaic,Mosaic - Black Point,PS - Industrial,0,0,0,0
2,2023,3,Mosaic,Mosaic - Bonnie,PS - Industrial,0.0614818493,0.2885882723,0.825613405,1.2045423538
2,2023,3,Mosaic,Mosaic - Ft. Lonesome,PS - Industrial,0.1280343666,0.004180714,0.6271071017,2.5084284068
2,2023,3,Mosaic,Mosaic - Green Bay,PS - Industrial,0.273466816,1.3296145189,2.4832044207,3.0175648657
2,2023,3,Mosaic,Mosaic - Hookers Prairie,PS - Industrial,0,0,0,0
2,2023,3,Mosaic,Mosaic - Mulberry Phospho Stack,PS - Industrial,0,0,0,0
2,2023,3,Mosaic,Mosaic - Mulberry Plant,PS - Industrial,0,0,0,0
2,2023,3,Mosaic,Mosaic - New Wales Chemical Plant,PS - Industrial,0.5509694697,0.2399383174,4.3544361314,8.5311401758
2,2023,3,Mosaic,Mosaic - Nichols Mine,PS - Industrial,0,0,0,0
2,2023,3,Mosaic,Mosaic - Plant City,PS - Industrial,1.0487098609,0.2715782508,5.0137523231,4.0110018585
2,2023,3,Mosaic,Mosaic - Port Sutton,PS - Industrial,0.0004656736,0.0034149397,0.0745077745,0.0496718496
2,2023,3,Mosaic,Mosaic - Riverview,PS - Industrial,0.2880967279,0.3306282492,0.3567059702,0.0558808308
2,2023,3,Mosaic,Mosaic - Riverview Stack Closure,PS - Industrial,0,0,0,0
2,2023,3,Mosaic,Mosaic - South Pierce,PS - Industrial,0.19051224,1.0206012856,2.4358350683,6.5318482277
2,2023,3,Mosaic,Mosaic - Tampa Ammonia Terminal,PS - Industrial,0,0,0,0
2,2023,3,Mosaic,Mosaic - Tampa Marine Terminal,PS - Industrial,0,0,0,0
2,2023,3,TECO,TECO - Bayside (fka Gannon),PS - Industrial,0.0020412026,0.0015522453,0.0201170991,0.0149015549
2,2023,3,Trademark Nitrogen,Trademark Nitrogen Corporation,PS - Industrial,0.0027067277,0.0026732445,0.0240598022,0.0220213354
2,2023,3,Springs,,Springs,9.8505334595,0.2875762527,17.842673262,0
2,2023,4,Atmospheric Deposition,,Atmospheric Deposition,2.8668039131,0.045715197,0,0
2,2023,4,Ground Water,,Ground Water,1.7256819188,0.2053736832,0,0
2,2023,4,CSX,CSX Newport,Material Losses,0.0610670833,0,0,0
2,2023,4,CSX,CSX Rockport,Material Losses,0.0625291667,0,0,0
2,2023,4,Kinder Morgan,Kinder Morgan Port Sutton,Material Losses,0.011059,0,0,0
2,2023,4,Kinder Morgan,Kinder Morgan Tampaplex,Material Losses,0.00278075,0,0,0
2,2023,4,Mosaic,Mosaic All,Material Losses,0.1325,0,0,0
2,2023,4,ALAFIA PRESERVE,,Non-Point Source,0,0,0.1558129101,0
2,2023,4,BLOOMINGDALE,,Non-Point Source,0.0025137616,0.0004671769,0.0801454256,0.0151493722
2,2023,4,CITY OF PLANT CITY,,Non-Point Source,0,0,3.2441165736,0
2,2023,4,Conservation,,Non-Point Source,0.1060094545,0,10.809118084,0
2,2023,4,DONALDSON KNOLL,,Non-Point Source,0,0,0.0421433752,0
2,2023,4,EAGLE RIDGE,,Non-Point Source,0,0,0.3581774907,0
2,2023,4,FDACS (Agriculture),,Non-Point Source,0,0,8.1225464998,0
2,2023,4,HILLSBOROUGH,,Non-Point Source,0.9465070267,0,75.716415844,5.9387790369
2,2023,4,LAKE ST. CHARLES,,Non-Point Source,0.0079372329,0.0015434003,0.2525045935,0.0458740303
2,2023,4,LIVE OAK I,,Non-Point Source,0,0,0,0
2,2023,4,LIVE OAK II,,Non-Point Source,0,0,0,0
2,2023,4,Lakeland,,Non-Point Source,0,0,4.7623486247,0
2,2023,4,MAGNOLIA PARK,,Non-Point Source,0.0076359304,0.0014833112,0.2577819432,0.0460267466
2,2023,4,MSGP COT,,Non-Point Source,0.0010044492,0,0.4689318688,0.0576584447
2,2023,4,MacDill AFB,,Non-Point Source,0.0133956196,0.0021608825,0.2998936461,0.1171190828
2,2023,4,Mulberry,,Non-Point Source,0,0,1.1750710841,0
2,2023,4,None,,Non-Point Source,0.0004259401,0.0000354132,0.0066093985,0.002073121
2,2023,4,PALM RIVER,,Non-Point Source,0.0001777204,0.0000351197,0.0063261759,0.0011557148
2,2023,4,PANTHER TRACE,,Non-Point Source,0.0075425875,0.0014767846,0.2517040032,0.0444876447
2,2023,4,PANTHER TRACE II,,Non-Point Source,0.0075526055,0.001695113,0.3364503102,0.0674818619
2,2023,4,PASCO,,Non-Point Source,0,0,0,0
2,2023,4,POLK,,Non-Point Source,0,0,26.344376952,0
2,2023,4,RIVERCREST,,Non-Point Source,0.0100002343,0.0021596877,0.30896021,0.0571752077
2,2023,4,SAN ANTONIO,,Non-Point Source,0,0,0,0
2,2023,4,SPRING LAKE,,Non-Point Source,0.0075631063,0.0017157328,0.2867993933,0.0498672959
2,2023,4,ST. LEO,,Non-Point Source,0,0,0,0
2,2023,4,STONE CREST,,Non-Point Source,0.0007132607,0.0001386057,0.0231796696,0.0041039839
2,2023,4,STONE DAIRY CREEK,,Non-Point Source,0.0052462509,0.0010343759,0.1812395966,0.031827076
2,2023,4,STONELAKE RANCH,,Non-Point Source,0,0,0,0
2,2023,4,TEMPLE TERRACE,,Non-Point Source,0,0,0,0
2,2023,4,Tampa,,Non-Point Source,0.4988870185,0.1099489239,24.05073702,4.2836271725
2,2023,4,ZEPHYRHILLS,,Non-Point Source,0,0,0,0
2,2023,4,Lakeland,City of Lakeland,PS - Domestic - REUSE,0,0,0,0
2,2023,4,Zephyrhills,City of Zephyrhills WWTF,PS - Domestic - REUSE,0.0457466719,0.048855669,0.0144346295,0.0222071223
2,2023,4,Hillsborough Co.,Falkenburg AWTP,PS - Domestic - REUSE,0.210565092,0.0057498942,0.0105084274,0.0075343442
2,2023,4,Tampa,Howard F. Curren,PS - Domestic - REUSE,0.4412783029,0.085899878,0.0295909279,0.0453919088
2,2023,4,Polk Co.,NW Regional WWTP,PS - Domestic - REUSE,0.0179631084,0.0074425155,0.0014012143,0.0022970727
2,2023,4,Pasco Co.,Pasco Reuse,PS - Domestic - REUSE,0.1635309152,0,0,0
2,2023,4,Plant City,Plant City WRF,PS - Domestic - REUSE,0.0582122031,0.0010395036,0.0277200967,0.0225225786
2,2023,4,Polk Co.,Southwest Regional WWTF,PS - Domestic - REUSE,0.0289284696,0.0146428056,0.007738068,0.00595236
2,2023,4,Hillsborough Co.,Valrico AWTP,PS - Domestic - REUSE,3.3660239068,0.0234620625,0.0667365335,0.0750786002
2,2023,4,Lakeland,City of Lakeland,PS - Domestic - SW,0,0,0,0
2,2023,4,Mulberry,City of Mulberry,PS - Domestic - SW,0.1146658626,0.1289990954,0.0716661641,0.0315331122
2,2023,4,Hillsborough Co.,Falkenburg AWTP,PS - Domestic - SW,0.5780811864,0.0930245587,0.1760822005,0.1262476154
2,2023,4,Tampa,Howard F. Curren,PS - Domestic - SW,15.061786665,17.591696144,6.0600157286,9.2959464574
2,2023,4,Plant City,Plant City WRF,PS - Domestic - SW,0.1414646266,0.0151569243,0.4041846475,0.3284000261
2,2023,4,Hillsborough Co.,Valrico AWTP,PS - Domestic - SW,0,0,0,0
2,2023,4,Alpha/Owens Corning,Alpha/Owens Corning,PS - Industrial,0,0,0,0
2,2023,4,Cytech Brewster,Brewster Phosphogypsum,PS - Industrial,0.0053014184,0.0287791286,0.0302938196,0.145410334
2,2023,4,Busch Gardens,Busch Gardens,PS - Industrial,0.0539780785,0.0082619508,0.5507967198,1.057529702
2,2023,4,CSX,CSX - Rockport Newport,PS - Industrial,0,0,0,0
2,2023,4,CSX,CSX Winston Yard,PS - Industrial,5.1699783E-6,0,0,0.0008412168
2,2023,4,Coronet,Coronet Industries,PS - Industrial,0,0,0,0
2,2023,4,Estech Agricola,Estech Agricola,PS - Industrial,0,0,0,0
2,2023,4,Kerry,Kerry I and F,PS - Industrial,0.1021477553,0.012017383,0,0.3004345744
2,2023,4,Kinder Morgan,Kinder Morgan Port Sutton,PS - Industrial,0,0,0,0
2,2023,4,Kinder Morgan,Kinder Morgan Tampaplex,PS - Industrial,0,0,0,0
2,2023,4,Lowry Park Zoo,Lowry Park Zoo,PS - Industrial,0.0040746439,0.0013144013,0.0438133754,0.0841216808
2,2023,4,Mosaic,Mosaic - Bartow,PS - Industrial,0.6155153344,0.2216956797,1.153919128,1.3219121275
2,2023,4,Mosaic,Mosaic - Black Point,PS - Industrial,0,0,0,0
2,2023,4,Mosaic,Mosaic - Bonnie,PS - Industrial,0.3522345023,0.3387650189,1.0859458055,2.7159285529
2,2023,4,Mosaic,Mosaic - Ft. Lonesome,PS - Industrial,0.1404656817,0.0045866345,0.6879951755,2.7519807019
2,2023,4,Mosaic,Mosaic - Green Bay,PS - Industrial,0.2871653807,1.6414994061,3.06568447,3.725388723
2,2023,4,Mosaic,Mosaic - Hookers Prairie,PS - Industrial,0,0,0,0
2,2023,4,Mosaic,Mosaic - Mulberry Phospho Stack,PS - Industrial,0,0,0,0
2,2023,4,Mosaic,Mosaic - Mulberry Plant,PS - Industrial,0,0,0,0
2,2023,4,Mosaic,Mosaic - New Wales Chemical Plant,PS - Industrial,0.7529891884,0.2785028505,5.0543109906,9.9023235735
2,2023,4,Mosaic,Mosaic - Nichols Mine,PS - Industrial,0,0,0,0
2,2023,4,Mosaic,Mosaic - Plant City,PS - Industrial,0.7774871243,0.2514261845,4.6417141751,3.7133713401
2,2023,4,Mosaic,Mosaic - Port Sutton,PS - Industrial,0,0,0,0
2,2023,4,Mosaic,Mosaic - Riverview,PS - Industrial,0.1784581372,0.5865985066,0.6328654311,0.0991434096
2,2023,4,Mosaic,Mosaic - Riverview Stack Closure,PS - Industrial,0,0,0,0
2,2023,4,Mosaic,Mosaic - South Pierce,PS - Industrial,0.297930953,1.3144012632,3.1370376814,8.4121680843
2,2023,4,Mosaic,Mosaic - Tampa Ammonia Terminal,PS - Industrial,0,0,0,0
2,2023,4,Mosaic,Mosaic - Tampa Marine Terminal,PS - Industrial,0,0,0,0
2,2023,4,TECO,TECO - Bayside (fka Gannon),PS - Industrial,0,0,0,0
2,2023,4,Trademark Nitrogen,Trademark Nitrogen Corporation,PS - Industrial,0.0060038094,0.0036551959,0.0328975859,0.0301103379
2,2023,4,Springs,,Springs,7.9932460334,0.2332862543,14.48832375,0
2,2023,5,Atmospheric Deposition,,Atmospheric Deposition,14.253111608,0.2104991787,0,0
2,2023,5,Ground Water,,Ground Water,1.7256819188,0.2053736832,0,0
2,2023,5,CSX,CSX Newport,Material Losses,0.0610670833,0,0,0
2,2023,5,CSX,CSX Rockport,Material Losses,0.0625291667,0,0,0
2,2023,5,Kinder Morgan,Kinder Morgan Port Sutton,Material Losses,0.011059,0,0,0
2,2023,5,Kinder Morgan,Kinder Morgan Tampaplex,Material Losses,0.00278075,0,0,0
2,2023,5,Mosaic,Mosaic All,Material Losses,0.1325,0,0,0
2,2023,5,ALAFIA PRESERVE,,Non-Point Source,0.0190204685,0,0.6015592389,0.0834928847
2,2023,5,BLOOMINGDALE,,Non-Point Source,0.0049080883,0.0008918702,0.1530026718,0.0289211069
2,2023,5,CITY OF PLANT CITY,,Non-Point Source,0.2674947541,0,13.313228283,1.1541323329
2,2023,5,Conservation,,Non-Point Source,1.462356157,0,34.708787826,5.3426102807
2,2023,5,DONALDSON KNOLL,,Non-Point Source,0.0027424617,0,0.1627062656,0.0184575006
2,2023,5,EAGLE RIDGE,,Non-Point Source,0.0416613598,0,1.3828441983,0.1806139917
2,2023,5,FDACS (Agriculture),,Non-Point Source,3.6290106072,0,26.594430157,6.1552338704
2,2023,5,HILLSBOROUGH,,Non-Point Source,5.0448019415,0.2805697103,195.77062739,30.308686812
2,2023,5,LAKE ST. CHARLES,,Non-Point Source,0.0156343812,0.0029610656,0.4847497927,0.0881130223
2,2023,5,LIVE OAK I,,Non-Point Source,0,0,0,0
2,2023,5,LIVE OAK II,,Non-Point Source,0,0,0,0
2,2023,5,Lakeland,,Non-Point Source,0.4232915094,0,19.197101058,2.1124686083
2,2023,5,MAGNOLIA PARK,,Non-Point Source,0.0149090591,0.0028317346,0.4921219864,0.0878679619
2,2023,5,MSGP COT,,Non-Point Source,0.0271450817,0.0005703798,1.0492249083,0.250361132
2,2023,5,MacDill AFB,,Non-Point Source,0.0261547806,0.004125261,0.5725158829,0.2235877151
2,2023,5,Mulberry,,Non-Point Source,0.0957451846,0,4.5366899747,0.4687041465
2,2023,5,None,,Non-Point Source,0.0008316427,0.000067606,0.0126177585,0.0039577187
2,2023,5,PALM RIVER,,Non-Point Source,0.0003641383,0.0000701178,0.0126304459,0.0023074276
2,2023,5,PANTHER TRACE,,Non-Point Source,0.0147268082,0.002819275,0.4805188156,0.0849297193
2,2023,5,PANTHER TRACE II,,Non-Point Source,0.0131138435,0.0026095673,0.3850564194,0.0823200504
2,2023,5,PASCO,,Non-Point Source,0,0,0,0
2,2023,5,POLK,,Non-Point Source,2.7015167177,0,103.01198823,11.767350765
2,2023,5,RIVERCREST,,Non-Point Source,0.0206543724,0.0042548855,0.6077785769,0.1123895103
2,2023,5,SAN ANTONIO,,Non-Point Source,0,0,0,0
2,2023,5,SPRING LAKE,,Non-Point Source,0.0153236661,0.0032934351,0.5267255441,0.0918790009
2,2023,5,ST. LEO,,Non-Point Source,0,0,0,0
2,2023,5,STONE CREST,,Non-Point Source,0.0013926327,0.0002646071,0.0442514512,0.007834764
2,2023,5,STONE DAIRY CREEK,,Non-Point Source,0.0102432397,0.0019746888,0.3459978196,0.0607598951
2,2023,5,STONELAKE RANCH,,Non-Point Source,0,0,0,0
2,2023,5,TEMPLE TERRACE,,Non-Point Source,0,0,0,0
2,2023,5,Tampa,,Non-Point Source,0.9612513444,0.2082766784,44.93581263,8.1463528507
2,2023,5,ZEPHYRHILLS,,Non-Point Source,0,0,0,0
2,2023,5,Lakeland,City of Lakeland,PS - Domestic - REUSE,0,0,0,0
2,2023,5,Zephyrhills,City of Zephyrhills WWTF,PS - Domestic - REUSE,0.0763239015,0.0497261782,0.0196591867,0.023128455
2,2023,5,Hillsborough Co.,Falkenburg AWTP,PS - Domestic - REUSE,0.230184839,0.0073547833,0.010734008,0.010932786
2,2023,5,Tampa,Howard F. Curren,PS - Domestic - REUSE,0.4087682776,0.0832676121,0.0189244573,0.0456890469
2,2023,5,Polk Co.,NW Regional WWTP,PS - Domestic - REUSE,0.0220574057,0.0067297595,0.0028809673,0.0022507557
2,2023,5,Pasco Co.,Pasco Reuse,PS - Domestic - REUSE,0.1635309152,0,0,0
2,2023,5,Plant City,Plant City WRF,PS - Domestic - REUSE,0.0706271612,0.0016185391,0.0279565846,0.0176567903
2,2023,5,Polk Co.,Southwest Regional WWTF,PS - Domestic - REUSE,0.0364777646,0.0199851583,0.0053681817,0.0064676888
2,2023,5,Hillsborough Co.,Valrico AWTP,PS - Domestic - REUSE,3.4685270512,0.0242441313,0.1239144489,0.14115472
2,2023,5,Lakeland,City of Lakeland,PS - Domestic - SW,0.4743801343,0.6208798816,2.0335560168,0.6976178445
2,2023,5,Mulberry,City of Mulberry,PS - Domestic - SW,0.1250721651,0.1895032805,0.0947516403,0.0416907217
2,2023,5,Hillsborough Co.,Falkenburg AWTP,PS - Domestic - SW,0.8426829292,0.1623920228,0.2370045738,0.2413935474
2,2023,5,Tampa,Howard F. Curren,PS - Domestic - SW,15.516244031,18.964298261,4.3100677865,10.405735085
2,2023,5,Plant City,Plant City WRF,PS - Domestic - SW,0.2616050748,0.0359706978,0.6213120526,0.3924076122
2,2023,5,Hillsborough Co.,Valrico AWTP,PS - Domestic - SW,0,0,0,0
2,2023,5,Alpha/Owens Corning,Alpha/Owens Corning,PS - Industrial,0,0,0,0
2,2023,5,Cytech Brewster,Brewster Phosphogypsum,PS - Industrial,0.0184717191,0.0769654962,0.3140192244,0.2955475054
2,2023,5,Busch Gardens,Busch Gardens,PS - Industrial,0.0355722882,0.0213433729,0.3557228815,0.6829879326
2,2023,5,CSX,CSX - Rockport Newport,PS - Industrial,0.057771065,0,0,0.0348504106
2,2023,5,CSX,CSX Winston Yard,PS - Industrial,0.0000776123,0,0,0.0248359248
2,2023,5,Coronet,Coronet Industries,PS - Industrial,0,0,0,0
2,2023,5,Estech Agricola,Estech Agricola,PS - Industrial,0,0,0,0
2,2023,5,Kerry,Kerry I and F,PS - Industrial,0.0597614441,0.048895727,0,0.2716429277
2,2023,5,Kinder Morgan,Kinder Morgan Port Sutton,PS - Industrial,2.1550338933,0.0035494676,0.3676234288,0.1521200395
2,2023,5,Kinder Morgan,Kinder Morgan Tampaplex,PS - Industrial,0,0,0,0
2,2023,5,Lowry Park Zoo,Lowry Park Zoo,PS - Industrial,0.0090873614,0.001765679,0.0588559677,0.1130034579
2,2023,5,Mosaic,Mosaic - Bartow,PS - Industrial,0.2555254473,0.1728554497,0.8997072474,1.03069088
2,2023,5,Mosaic,Mosaic - Black Point,PS - Industrial,0.0034925519,0.000651943,0.0095463086,0.0028522507
2,2023,5,Mosaic,Mosaic - Bonnie,PS - Industrial,0.8071028798,1.004820125,3.1287961769,7.0285667241
2,2023,5,Mosaic,Mosaic - Ft. Lonesome,PS - Industrial,0.1166253636,0.0038081751,0.5712262709,2.2849050835
2,2023,5,Mosaic,Mosaic - Green Bay,PS - Industrial,0.4708994829,2.6209273851,4.8948762038,5.9482039944
2,2023,5,Mosaic,Mosaic - Hookers Prairie,PS - Industrial,0,0,0,0
2,2023,5,Mosaic,Mosaic - Mulberry Phospho Stack,PS - Industrial,0.1878216815,1.0439755127,1.0611925002,1.5025734516
2,2023,5,Mosaic,Mosaic - Mulberry Plant,PS - Industrial,0.0065323656,0.0142935921,0.032791182,0.0620898121
2,2023,5,Mosaic,Mosaic - New Wales Chemical Plant,PS - Industrial,0.4793850905,0.1903440801,3.4543925642,6.7677895135
2,2023,5,Mosaic,Mosaic - Nichols Mine,PS - Industrial,0,0,0,0
2,2023,5,Mosaic,Mosaic - Plant City,PS - Industrial,0.6613599814,0.2791454467,5.1534544002,4.1227635202
2,2023,5,Mosaic,Mosaic - Port Sutton,PS - Industrial,0,0.0034149397,0.0745077745,0.0496718496
2,2023,5,Mosaic,Mosaic - Riverview,PS - Industrial,0.1967082858,0.5097185508,0.5499217041,0.0861496142
2,2023,5,Mosaic,Mosaic - Riverview Stack Closure,PS - Industrial,0,0,0,0
2,2023,5,Mosaic,Mosaic - South Pierce,PS - Industrial,0.3922523876,1.548364688,3.6954303887,9.9095340033
2,2023,5,Mosaic,Mosaic - Tampa Ammonia Terminal,PS - Industrial,0,0,0,0
2,2023,5,Mosaic,Mosaic - Tampa Marine Terminal,PS - Industrial,0,0,0,0
2,2023,5,TECO,TECO - Bayside (fka Gannon),PS - Industrial,0.0011083031,0.0015522453,0.0201170991,0.0149015549
2,2023,5,Trademark Nitrogen,Trademark Nitrogen Corporation,PS - Industrial,0.0143396421,0.0025697641,0.020044661,0.0211688966
2,2023,5,Springs,,Springs,7.4171242647,0.216122642,13.494266761,0
2,2023,6,Atmospheric Deposition,,Atmospheric Deposition,8.526089125,0.1475085981,0,0
2,2023,6,Ground Water,,Ground Water,1.7256819188,0.2053736832,0,0
2,2023,6,CSX,CSX Newport,Material Losses,0.0610670833,0,0,0
2,2023,6,CSX,CSX Rockport,Material Losses,0.0625291667,0,0,0
2,2023,6,Kinder Morgan,Kinder Morgan Port Sutton,Material Losses,0.011059,0,0,0
2,2023,6,Kinder Morgan,Kinder Morgan Tampaplex,Material Losses,0.00278075,0,0,0
2,2023,6,Mosaic,Mosaic All,Material Losses,0.1325,0,0,0
2,2023,6,ALAFIA PRESERVE,,Non-Point Source,0.0783920999,0.0673830162,2.8721515952,0.5882144918
2,2023,6,BLOOMINGDALE,,Non-Point Source,0.0110307474,0.0020749552,0.355964012,0.0672855784
2,2023,6,CITY OF PLANT CITY,,Non-Point Source,1.4039928212,1.2298618177,75.907526143,11.485137548
2,2023,6,Conservation,,Non-Point Source,6.4671534645,4.1407667065,166.395626,37.361198704
2,2023,6,DONALDSON KNOLL,,Non-Point Source,0.0113029462,0.0096599289,0.7768429608,0.1300346658
2,2023,6,EAGLE RIDGE,,Non-Point Source,0.1717056281,0.2309584031,6.602405737,1.2724409721
2,2023,6,FDACS (Agriculture),,Non-Point Source,18.262589436,25.676798743,147.23206823,54.402931416
2,2023,6,HILLSBOROUGH,,Non-Point Source,20.206820447,17.184484212,881.61673365,171.68699448
2,2023,6,LAKE ST. CHARLES,,Non-Point Source,0.0352431138,0.0069831466,1.1451910692,0.2084536742
2,2023,6,LIVE OAK I,,Non-Point Source,0.0100631795,0.0012852029,0.4520603755,0.0914718143
2,2023,6,LIVE OAK II,,Non-Point Source,0.0087478978,0.001168962,0.4525094064,0.0854250768
2,2023,6,Lakeland,,Non-Point Source,2.0331846504,1.8265212747,104.34949475,18.131701137
2,2023,6,MAGNOLIA PARK,,Non-Point Source,0.0335075602,0.0065880914,1.144932403,0.2044267063
2,2023,6,MSGP COT,,Non-Point Source,0.257250549,0.0359293586,10.182947321,2.3673386235
2,2023,6,MacDill AFB,,Non-Point Source,0.0587819046,0.0095975085,1.3319705353,0.520181636
2,2023,6,Mulberry,,Non-Point Source,0.3946099485,0.3880564772,21.660479143,3.3020606781
2,2023,6,None,,Non-Point Source,0.0018690863,0.0001572867,0.0293554871,0.0092077179
2,2023,6,PALM RIVER,,Non-Point Source,0.0062313938,0.0012487004,0.2249306971,0.0410920811
2,2023,6,PANTHER TRACE,,Non-Point Source,0.0330979581,0.006559104,1.1179373763,0.1975908215
2,2023,6,PANTHER TRACE II,,Non-Point Source,0.0357468121,0.0073368456,1.1554602925,0.2429615593
2,2023,6,PASCO,,Non-Point Source,1.6095606088,0.2054966073,62.895312441,13.639894916
2,2023,6,POLK,,Non-Point Source,11.99358579,11.250428056,512.2186637,89.462735542
2,2023,6,RIVERCREST,,Non-Point Source,0.0472885062,0.0107488224,1.5296705278,0.2823387056
2,2023,6,SAN ANTONIO,,Non-Point Source,0.0118066502,0.0015255475,0.5209862092,0.0992606233
2,2023,6,SPRING LAKE,,Non-Point Source,0.0356519786,0.0083692363,1.3414965408,0.2338808915
2,2023,6,ST. LEO,,Non-Point Source,0.0002588366,0.0000311707,0.0196099683,0.0042476758
2,2023,6,STONE CREST,,Non-Point Source,0.0031298906,0.000615614,0.1029519545,0.0182277472
2,2023,6,STONE DAIRY CREEK,,Non-Point Source,0.0230213033,0.0045941561,0.8049713811,0.141359205
2,2023,6,STONELAKE RANCH,,Non-Point Source,0.0096052218,0.0013336356,0.2277036569,0.0508408661
2,2023,6,TEMPLE TERRACE,,Non-Point Source,0.0740184818,0.0097731113,4.055373713,0.7457300451
2,2023,6,Tampa,,Non-Point Source,2.2717179595,0.5037919427,111.69256032,20.586496848
2,2023,6,ZEPHYRHILLS,,Non-Point Source,0.066809909,0.0087705723,4.1499451418,0.7706292713
2,2023,6,Lakeland,City of Lakeland,PS - Domestic - REUSE,0,0,0,0
2,2023,6,Zephyrhills,City of Zephyrhills WWTF,PS - Domestic - REUSE,0.0727716382,0.0419400407,0.0317384092,0.0306048946
2,2023,6,Hillsborough Co.,Falkenburg AWTP,PS - Domestic - REUSE,0.0806220437,0.002805529,0.0051680797,0.0065708442
2,2023,6,Tampa,Howard F. Curren,PS - Domestic - REUSE,0.4012491513,0.069497402,0.0138994804,0.0406494238
2,2023,6,Polk Co.,NW Regional WWTP,PS - Domestic - REUSE,0.0157930945,0.0103430235,0.0012111269,0.0024222538
2,2023,6,Pasco Co.,Pasco Reuse,PS - Domestic - REUSE,0.1635309152,0,0,0
2,2023,6,Plant City,Plant City WRF,PS - Domestic - REUSE,0.0605056456,0.0015784081,0.014907188,0.0113996144
2,2023,6,Polk Co.,Southwest Regional WWTF,PS - Domestic - REUSE,0.0380844636,0.0140537035,0.0032720455,0.005364009
2,2023,6,Hillsborough Co.,Valrico AWTP,PS - Domestic - REUSE,1.2904265841,0.0144759392,0.0992635834,0.0940936051
2,2023,6,Lakeland,City of Lakeland,PS - Domestic - SW,2.5925214212,4.6035427106,9.5705230036,4.4823968498
2,2023,6,Mulberry,City of Mulberry,PS - Domestic - SW,0.1847672633,0.2278796247,0.1047014492,0.0862247229
2,2023,6,Hillsborough Co.,Falkenburg AWTP,PS - Domestic - SW,1.2722002199,0.2586341106,0.4403769992,0.6011495545
2,2023,6,Tampa,Howard F. Curren,PS - Domestic - SW,15.737138552,16.354281241,3.2708562481,9.565711669
2,2023,6,Plant City,Plant City WRF,PS - Domestic - SW,0.6326964366,0.0990307466,0.9352903845,0.7152220588
2,2023,6,Hillsborough Co.,Valrico AWTP,PS - Domestic - SW,0,0,0,0
2,2023,6,Alpha/Owens Corning,Alpha/Owens Corning,PS - Industrial,0,0,0,0
2,2023,6,Cytech Brewster,Brewster Phosphogypsum,PS - Industrial,0.5965504019,0.8152855492,1.2726408573,3.817922572
2,2023,6,Busch Gardens,Busch Gardens,PS - Industrial,0.0853234191,0.0360521489,0.6008691489,1.1536687658
2,2023,6,CSX,CSX - Rockport Newport,PS - Industrial,0.331331892,0,0,0.1547438348
2,2023,6,CSX,CSX Winston Yard,PS - Industrial,0.0003755432,0,0,0.1201738298
2,2023,6,Coronet,Coronet Industries,PS - Industrial,0,0,0,0
2,2023,6,Estech Agricola,Estech Agricola,PS - Industrial,0,0,0,0
2,2023,6,Kerry,Kerry I and F,PS - Industrial,0.1182961137,0.1550993491,0,0.5783365558
2,2023,6,Kinder Morgan,Kinder Morgan Port Sutton,PS - Industrial,0.2787206656,0.0017763194,0.1593197037,0.2519143907
2,2023,6,Kinder Morgan,Kinder Morgan Tampaplex,PS - Industrial,0,0,0,0
2,2023,6,Lowry Park Zoo,Lowry Park Zoo,PS - Industrial,0.0093054602,0.0017850821,0.0575832934,0.1105599234
2,2023,6,Mosaic,Mosaic - Bartow,PS - Industrial,0.4335270909,0.29828146,1.5525457358,1.7785726807
2,2023,6,Mosaic,Mosaic - Black Point,PS - Industrial,0.0030043457,0.0005608112,0.0082118784,0.002453549
2,2023,6,Mosaic,Mosaic - Bonnie,PS - Industrial,1.3710456986,1.4995440697,8.1969693022,9.9864452543
2,2023,6,Mosaic,Mosaic - Ft. Lonesome,PS - Industrial,0.0082744689,0.0000600869,0.0090130372,0.0360521489
2,2023,6,Mosaic,Mosaic - Green Bay,PS - Industrial,0.4214846717,2.742892556,5.1226598563,6.2250043824
2,2023,6,Mosaic,Mosaic - Hookers Prairie,PS - Industrial,0,0,0,0
2,2023,6,Mosaic,Mosaic - Mulberry Phospho Stack,PS - Industrial,0.2313346223,1.4027290281,1.4258624903,2.0189203402
2,2023,6,Mosaic,Mosaic - Mulberry Plant,PS - Industrial,0.0508986242,0.0525635324,0.1205869273,0.2283302766
2,2023,6,Mosaic,Mosaic - New Wales Chemical Plant,PS - Industrial,1.3431929099,0.625279458,11.347664239,22.232158508
2,2023,6,Mosaic,Mosaic - Nichols Mine,PS - Industrial,0.2029936275,0.0370661156,0.3441853593,0.3265348281
2,2023,6,Mosaic,Mosaic - Plant City,PS - Industrial,0.5864983617,0.3596452218,6.6396040951,5.3116832761
2,2023,6,Mosaic,Mosaic - Port Sutton,PS - Industrial,0,0,0,0
2,2023,6,Mosaic,Mosaic - Riverview,PS - Industrial,0.4048731434,0.8532341914,0.9205315361,0.1442085957
2,2023,6,Mosaic,Mosaic - Riverview Stack Closure,PS - Industrial,0,0,0,0
2,2023,6,Mosaic,Mosaic - South Pierce,PS - Industrial,0.8119995461,2.1368409107,5.0999269735,13.675781828
2,2023,6,Mosaic,Mosaic - Tampa Ammonia Terminal,PS - Industrial,0,0,0,0
2,2023,6,Mosaic,Mosaic - Tampa Marine Terminal,PS - Industrial,0,0,0,0
2,2023,6,TECO,TECO - Bayside (fka Gannon),PS - Industrial,0.0012330336,0.0006259054,0.0081117335,0.0060086915
2,2023,6,Trademark Nitrogen,Trademark Nitrogen Corporation,PS - Industrial,0.0027479749,0.0008178292,0.0061338726,0.0067370163
2,2023,6,Springs,,Springs,8.0673468902,0.3945364853,19.72218903,0
2,2023,7,Atmospheric Deposition,,Atmospheric Deposition,5.1090158296,0.0892626073,0,0
2,2023,7,Ground Water,,Ground Water,1.7302180305,0.2058827033,0,0
2,2023,7,CSX,CSX Newport,Material Losses,0.0610670833,0,0,0
2,2023,7,CSX,CSX Rockport,Material Losses,0.0625291667,0,0,0
2,2023,7,Kinder Morgan,Kinder Morgan Port Sutton,Material Losses,0.011059,0,0,0
2,2023,7,Kinder Morgan,Kinder Morgan Tampaplex,Material Losses,0.00278075,0,0,0
2,2023,7,Mosaic,Mosaic All,Material Losses,0.1325,0,0,0
2,2023,7,ALAFIA PRESERVE,,Non-Point Source,0.0696169366,0.0358388842,1.4663851171,0.2892387919
2,2023,7,BLOOMINGDALE,,Non-Point Source,0.0189796055,0.0035566144,0.5971312469,0.113098543
2,2023,7,CITY OF PLANT CITY,,Non-Point Source,1.484413067,0.6629111645,57.356441496,8.5435982201
2,2023,7,Conservation,,Non-Point Source,7.2577079981,2.4520263413,118.85676463,28.56377476
2,2023,7,DONALDSON KNOLL,,Non-Point Source,0.0097471972,0.00499158,0.3897957918,0.0626801591
2,2023,7,EAGLE RIDGE,,Non-Point Source,0.1567049749,0.1296754035,3.3459432382,0.6282622911
2,2023,7,FDACS (Agriculture),,Non-Point Source,20.048654896,14.118356965,126.36904892,42.602287687
2,2023,7,HILLSBOROUGH,,Non-Point Source,23.515713834,10.906238706,801.38482326,153.86626502
2,2023,7,LAKE ST. CHARLES,,Non-Point Source,0.0592028194,0.0115783112,1.8553864724,0.3368291025
2,2023,7,LIVE OAK I,,Non-Point Source,0.0253752665,0.002549545,1.0264975294,0.1912987232
2,2023,7,LIVE OAK II,,Non-Point Source,0.022077081,0.0023209269,1.029736266,0.1789758238
2,2023,7,Lakeland,,Non-Point Source,2.0121896801,0.9690410566,72.014375838,11.621715114
2,2023,7,MAGNOLIA PARK,,Non-Point Source,0.0576448146,0.0112921699,1.9213124753,0.3436579724
2,2023,7,MSGP COT,,Non-Point Source,0.5563037521,0.0669352601,21.490954266,4.5911657532
2,2023,7,MacDill AFB,,Non-Point Source,0.1018827207,0.0165691565,2.2521177847,0.8808480081
2,2023,7,Mulberry,,Non-Point Source,0.3409740647,0.200905521,10.914678031,1.5983158049
2,2023,7,None,,Non-Point Source,0.0032092063,0.0002663028,0.0489784242,0.0153126677
2,2023,7,PALM RIVER,,Non-Point Source,0.0125749906,0.0025046672,0.4405617971,0.0801797938
2,2023,7,PANTHER TRACE,,Non-Point Source,0.0561178104,0.0110741612,1.8478970501,0.3274717948
2,2023,7,PANTHER TRACE II,,Non-Point Source,0.0383973952,0.0078465374,1.1232077495,0.2412593988
2,2023,7,PASCO,,Non-Point Source,4.0661280486,0.4082835073,143.22177962,28.608132954
2,2023,7,POLK,,Non-Point Source,11.142502773,5.9029837513,288.9879264,49.020387164
2,2023,7,RIVERCREST,,Non-Point Source,0.0690458658,0.014776048,2.1093336403,0.3899180761
2,2023,7,SAN ANTONIO,,Non-Point Source,0.0298922339,0.0030391523,1.1921162693,0.2090817746
2,2023,7,SPRING LAKE,,Non-Point Source,0.0503470079,0.011244914,1.7952864191,0.3122475145
2,2023,7,ST. LEO,,Non-Point Source,0.0006637626,0.0000629709,0.044757695,0.0089574717
2,2023,7,STONE CREST,,Non-Point Source,0.005387873,0.001055821,0.1728604589,0.0306602943
2,2023,7,STONE DAIRY CREEK,,Non-Point Source,0.0396684691,0.0078877095,1.3532082035,0.2380416376
2,2023,7,STONELAKE RANCH,,Non-Point Source,0.0253093027,0.0027670491,0.5417073308,0.1110926854
2,2023,7,TEMPLE TERRACE,,Non-Point Source,0.1900041141,0.0196879644,9.3773978677,1.5855761727
2,2023,7,Tampa,,Non-Point Source,4.6779591056,1.0142434165,222.58317659,40.765980645
2,2023,7,ZEPHYRHILLS,,Non-Point Source,0.173299688,0.0179091828,9.6768547006,1.6527041036
2,2023,7,Lakeland,City of Lakeland,PS - Domestic - REUSE,0,0,0,0
2,2023,7,Zephyrhills,City of Zephyrhills WWTF,PS - Domestic - REUSE,0.0763665882,0.0474398503,0.0150419037,0.0242984599
2,2023,7,Hillsborough Co.,Falkenburg AWTP,PS - Domestic - REUSE,0.1385140587,0.0031302612,0.0067496257,0.0089016803
2,2023,7,Tampa,Howard F. Curren,PS - Domestic - REUSE,0.4197271295,0.0721069684,0.0107622341,0.0427798805
2,2023,7,Polk Co.,NW Regional WWTP,PS - Domestic - REUSE,0.0146462105,0.0041475994,0.0014473394,0.002160208
2,2023,7,Pasco Co.,Pasco Reuse,PS - Domestic - REUSE,0.1635309152,0,0,0
2,2023,7,Plant City,Plant City WRF,PS - Domestic - REUSE,0.0511682141,0.001109338,0.0124800522,0.0069333623
2,2023,7,Polk Co.,Southwest Regional WWTF,PS - Domestic - REUSE,0.0222643718,0.0049775333,0.0020179189,0.0040358378
2,2023,7,Hillsborough Co.,Valrico AWTP,PS - Domestic - REUSE,1.1062697038,0.0145988671,0.0556919743,0.0740757329
2,2023,7,Lakeland,City of Lakeland,PS - Domestic - SW,2.2441883698,3.4909596864,7.4450058617,4.1855894199
2,2023,7,Mulberry,City of Mulberry,PS - Domestic - SW,0.0839376647,0.0639525064,0.0879346963,0.0479643798
2,2023,7,Hillsborough Co.,Falkenburg AWTP,PS - Domestic - SW,1.4019103438,0.1903828862,0.3923041291,0.5192260533
2,2023,7,Tampa,Howard F. Curren,PS - Domestic - SW,16.883254727,17.402739488,2.5974238041,10.324759621
2,2023,7,Plant City,Plant City WRF,PS - Domestic - SW,0.9062628967,0.1178878565,1.3262383854,0.736799103
2,2023,7,Hillsborough Co.,Valrico AWTP,PS - Domestic - SW,0,0,0,0
2,2023,7,Alpha/Owens Corning,Alpha/Owens Corning,PS - Industrial,0,0,0,0
2,2023,7,Cytech Brewster,Brewster Phosphogypsum,PS - Industrial,0.2345830712,0.3067624777,0.3608970325,1.7323057562
2,2023,7,Busch Gardens,Busch Gardens,PS - Industrial,0.6372743084,0.1724027115,0.7696549619,1.4777375268
2,2023,7,CSX,CSX - Rockport Newport,PS - Industrial,0.0203761405,0,0,0.0177056109
2,2023,7,CSX,CSX Winston Yard,PS - Industrial,0.0019791128,0,0,0.6333160829
2,2023,7,Coronet,Coronet Industries,PS - Industrial,2.2321416786,3.8983347204,1.6751313876,16.081261321
2,2023,7,Estech Agricola,Estech Agricola,PS - Industrial,0.0009869693,0.0270711581,0.2960907912,0.1353557903
2,2023,7,Kerry,Kerry I and F,PS - Industrial,0.0031044906,0.0062089812,0,0.3104490603
2,2023,7,Kinder Morgan,Kinder Morgan Port Sutton,PS - Industrial,1.1667710515,0.0096523787,0.5886890305,0.8379537551
2,2023,7,Kinder Morgan,Kinder Morgan Tampaplex,PS - Industrial,0,0,0,0
2,2023,7,Lowry Park Zoo,Lowry Park Zoo,PS - Industrial,0.0078000326,0.0015716484,0.0582091988,0.1117616617
2,2023,7,Mosaic,Mosaic - Bartow,PS - Industrial,0.90185452,0.5831268182,3.0351569791,3.4770294748
2,2023,7,Mosaic,Mosaic - Black Point,PS - Industrial,0.0019403066,0.0004346287,0.0063642057,0.0019015005
2,2023,7,Mosaic,Mosaic - Bonnie,PS - Industrial,0.3911528805,0.9422646394,2.8234565907,5.3645597612
2,2023,7,Mosaic,Mosaic - Ft. Lonesome,PS - Industrial,0,0,0,0
2,2023,7,Mosaic,Mosaic - Green Bay,PS - Industrial,0.2893902657,1.800177682,3.3620339688,4.0855096329
2,2023,7,Mosaic,Mosaic - Hookers Prairie,PS - Industrial,0,0,0,0
2,2023,7,Mosaic,Mosaic - Mulberry Phospho Stack,PS - Industrial,0,0,0,0
2,2023,7,Mosaic,Mosaic - Mulberry Plant,PS - Industrial,0,0,0,0
2,2023,7,Mosaic,Mosaic - New Wales Chemical Plant,PS - Industrial,0.6753301891,0.3506522136,6.3636883201,12.46763426
2,2023,7,Mosaic,Mosaic - Nichols Mine,PS - Industrial,0.0368658259,0.0103224313,0.0958511474,0.0909357039
2,2023,7,Mosaic,Mosaic - Plant City,PS - Industrial,1.0546730699,0.320344624,5.9140545978,4.7312436783
2,2023,7,Mosaic,Mosaic - Port Sutton,PS - Industrial,0,0,0,0
2,2023,7,Mosaic,Mosaic - Riverview,PS - Industrial,0.1209716505,0.9505562164,1.0074848128,0.1606573887
2,2023,7,Mosaic,Mosaic - Riverview Stack Closure,PS - Industrial,0,0,0,0
2,2023,7,Mosaic,Mosaic - South Pierce,PS - Industrial,0.7132567159,1.7831417898,4.2557650717,11.412107455
2,2023,7,Mosaic,Mosaic - Tampa Ammonia Terminal,PS - Industrial,0,0,0,0
2,2023,7,Mosaic,Mosaic - Tampa Marine Terminal,PS - Industrial,0,0,0,0
2,2023,7,TECO,TECO - Bayside (fka Gannon),PS - Industrial,0,0,0,0
2,2023,7,Trademark Nitrogen,Trademark Nitrogen Corporation,PS - Industrial,0.0030672367,0.0017936608,0.0134527926,0.0147756057
2,2023,7,Springs,,Springs,10.482408562,0.5324470931,26.101863532,0
2,2023,8,Atmospheric Deposition,,Atmospheric Deposition,15.265824372,0.2409018141,0,0
2,2023,8,Ground Water,,Ground Water,1.7302180305,0.2058827033,0,0
2,2023,8,CSX,CSX Newport,Material Losses,0.0610670833,0,0,0
2,2023,8,CSX,CSX Rockport,Material Losses,0.0625291667,0,0,0
2,2023,8,Kinder Morgan,Kinder Morgan Port Sutton,Material Losses,0.011059,0,0,0
2,2023,8,Kinder Morgan,Kinder Morgan Tampaplex,Material Losses,0.00278075,0,0,0
2,2023,8,Mosaic,Mosaic All,Material Losses,0.1325,0,0,0
2,2023,8,ALAFIA PRESERVE,,Non-Point Source,0.0327790335,0.0162570714,1.2544916541,0.2107011759
2,2023,8,BLOOMINGDALE,,Non-Point Source,0.0409433463,0.0075648241,1.2700822789,0.2405575926
2,2023,8,CITY OF PLANT CITY,,Non-Point Source,0.8772926687,0.3403805329,48.89945115,7.1501787521
2,2023,8,Conservation,,Non-Point Source,6.9009045454,1.7357330705,127.56753724,30.769285966
2,2023,8,DONALDSON KNOLL,,Non-Point Source,0.0045894536,0.0022642578,0.3334700836,0.045660484
2,2023,8,EAGLE RIDGE,,Non-Point Source,0.0737843099,0.0588227659,2.8624525839,0.457668913
2,2023,8,FDACS (Agriculture),,Non-Point Source,14.800265392,7.8300329505,125.42766014,40.131992974
2,2023,8,HILLSBOROUGH,,Non-Point Source,27.472674229,9.1855063439,1085.51525,206.40893573
2,2023,8,LAKE ST. CHARLES,,Non-Point Source,0.1278690841,0.0245958452,3.9405565303,0.7152877769
2,2023,8,LIVE OAK I,,Non-Point Source,0.0225322762,0.0034830234,0.8711925343,0.1843943268
2,2023,8,LIVE OAK II,,Non-Point Source,0.0196036123,0.0031707001,0.8739412629,0.1725161882
2,2023,8,Lakeland,,Non-Point Source,1.1179724885,0.4782338162,61.435092035,9.3600026607
2,2023,8,MAGNOLIA PARK,,Non-Point Source,0.1243530378,0.0240181449,4.086580529,0.7309513661
2,2023,8,MSGP COT,,Non-Point Source,0.7605777685,0.1154093371,24.6850747,6.334164948
2,2023,8,MacDill AFB,,Non-Point Source,0.2197843102,0.0352421551,4.790194623,1.8735402832
2,2023,8,Mulberry,,Non-Point Source,0.1605471433,0.0911338474,9.3375010003,1.164321761
2,2023,8,None,,Non-Point Source,0.0069229913,0.000566419,0.1041758054,0.0325696369
2,2023,8,PALM RIVER,,Non-Point Source,0.0126620801,0.0024811943,0.4364330023,0.0794283761
2,2023,8,PANTHER TRACE,,Non-Point Source,0.1210589407,0.0235544464,3.9304278725,0.6965237971
2,2023,8,PANTHER TRACE II,,Non-Point Source,0.0778328454,0.0155771267,2.0433064123,0.4491179836
2,2023,8,PASCO,,Non-Point Source,3.6105678022,0.5577705086,121.55289378,27.575601806
2,2023,8,POLK,,Non-Point Source,5.7556494181,2.7916316134,246.95066787,37.516266486
2,2023,8,RIVERCREST,,Non-Point Source,0.1502235988,0.031149592,4.4480585801,0.822490986
2,2023,8,SAN ANTONIO,,Non-Point Source,0.0265431723,0.0041518932,1.0117538174,0.2015355483
2,2023,8,SPRING LAKE,,Non-Point Source,0.1089103311,0.023611061,3.7468971285,0.6520912761
2,2023,8,ST. LEO,,Non-Point Source,0.0005893961,0.0000860267,0.0379860337,0.0086341766
2,2023,8,STONE CREST,,Non-Point Source,0.0116228733,0.0022457033,0.367669598,0.0652136305
2,2023,8,STONE DAIRY CREEK,,Non-Point Source,0.0855739526,0.0167769482,2.8782378543,0.5063082313
2,2023,8,STONELAKE RANCH,,Non-Point Source,0.0224737029,0.0037801634,0.4597491653,0.1070831033
2,2023,8,TEMPLE TERRACE,,Non-Point Source,0.1689174405,0.0269124817,7.9660946378,1.5294467103
2,2023,8,Tampa,,Non-Point Source,11.217958018,2.4726546313,509.51078228,94.95104221
2,2023,8,ZEPHYRHILLS,,Non-Point Source,0.1538835634,0.0244663667,8.2127850576,1.5930543365
2,2023,8,Lakeland,City of Lakeland,PS - Domestic - REUSE,0,0,0,0
2,2023,8,Zephyrhills,City of Zephyrhills WWTF,PS - Domestic - REUSE,0.0753553004,0.0430269462,0.0127917948,0.0232578088
2,2023,8,Hillsborough Co.,Falkenburg AWTP,PS - Domestic - REUSE,0.1547161197,0.0044890642,0.006577001,0.0060550168
2,2023,8,Tampa,Howard F. Curren,PS - Domestic - REUSE,0.4268674578,0.0708858688,0.0150050379,0.054069878
2,2023,8,Polk Co.,NW Regional WWTP,PS - Domestic - REUSE,0.0158189319,0.0059678658,0.0010218948,0.0020437896
2,2023,8,Pasco Co.,Pasco Reuse,PS - Domestic - REUSE,0.1635309152,0,0,0
2,2023,8,Plant City,Plant City WRF,PS - Domestic - REUSE,0.0258479888,0.0010301735,0.0149843413,0.0093652133
2,2023,8,Hillsborough Co.,South County Regional WWTP,PS - Domestic - REUSE,0,0,0,0
2,2023,8,Polk Co.,Southwest Regional WWTF,PS - Domestic - REUSE,0.0231388033,0.0096560006,0.0024473734,0.0063186732
2,2023,8,Hillsborough Co.,Valrico AWTP,PS - Domestic - REUSE,1.8978061502,0.0267296641,0.0768477843,0.0796321243
2,2023,8,Lakeland,City of Lakeland,PS - Domestic - SW,1.7957314306,3.2134141389,8.0807914376,3.2921742894
2,2023,8,Mulberry,City of Mulberry,PS - Domestic - SW,0.1159139179,0.0839376647,0.0519614115,0.0343744722
2,2023,8,Hillsborough Co.,Falkenburg AWTP,PS - Domestic - SW,1.4844147687,0.2524106084,0.3786159127,0.3365474779
2,2023,8,Tampa,Howard F. Curren,PS - Domestic - SW,19.671475349,19.599942712,4.1488929827,14.950321265
2,2023,8,Plant City,Plant City WRF,PS - Domestic - SW,0.2802578891,0.0670181909,0.9748100492,0.6092562807
2,2023,8,Hillsborough Co.,South County Regional WWTP,PS - Domestic - SW,0.1183276593,0.0436685409,0.0643289259,0.0878066361
2,2023,8,Hillsborough Co.,Valrico AWTP,PS - Domestic - SW,0,0,0,0
2,2023,8,Alpha/Owens Corning,Alpha/Owens Corning,PS - Industrial,0,0,0,0
2,2023,8,Cytech Brewster,Brewster Phosphogypsum,PS - Industrial,0.0531074859,0.2904315636,0.3485178763,1.5932245772
2,2023,8,Busch Gardens,Busch Gardens,PS - Industrial,0.2295382739,0.0407464392,0.6791073193,1.3038860531
2,2023,8,CSX,CSX - Rockport Newport,PS - Industrial,0.172342249,0,0,0.4448835178
2,2023,8,CSX,CSX Winston Yard,PS - Industrial,0.0026000109,0,0,0.8320034815
2,2023,8,Coronet,Coronet Industries,PS - Industrial,0,0,0,0
2,2023,8,Estech Agricola,Estech Agricola,PS - Industrial,0.0009869693,0.0270711581,0.2960907912,0.1353557903
2,2023,8,Kerry,Kerry I and F,PS - Industrial,0.0095075025,0.0252239861,0,0.5432858554
2,2023,8,Kinder Morgan,Kinder Morgan Port Sutton,PS - Industrial,1.7881865871,0.0019206449,0.0517911819,0.2980310978
2,2023,8,Kinder Morgan,Kinder Morgan Tampaplex,PS - Industrial,0,0,0,0
2,2023,8,Lowry Park Zoo,Lowry Park Zoo,PS - Industrial,0.0135930121,0.0026543395,0.0698510386,0.134113994
2,2023,8,Mosaic,Mosaic - Bartow,PS - Industrial,0.3314043718,0.2186725568,1.1381838672,1.3038860531
2,2023,8,Mosaic,Mosaic - Black Point,PS - Industrial,0.0029492661,0.0008692574,0.0127284115,0.003803001
2,2023,8,Mosaic,Mosaic - Bonnie,PS - Industrial,1.2134418935,1.8264623691,8.9141178977,12.070259463
2,2023,8,Mosaic,Mosaic - Ft. Lonesome,PS - Industrial,0,0,0,0
2,2023,8,Mosaic,Mosaic - Green Bay,PS - Industrial,0.7557494311,5.6084563041,10.474421939,12.72841147
2,2023,8,Mosaic,Mosaic - Hookers Prairie,PS - Industrial,0,0,0,0
2,2023,8,Mosaic,Mosaic - Mulberry Phospho Stack,PS - Industrial,0.3340043827,1.3028124167,1.3242980788,1.8751123239
2,2023,8,Mosaic,Mosaic - Mulberry Plant,PS - Industrial,0.0219384003,0.0457394949,0.1049317824,0.1986873986
2,2023,8,Mosaic,Mosaic - New Wales Chemical Plant,PS - Industrial,0.9066664805,0.3709090147,6.7313117489,13.18787608
2,2023,8,Mosaic,Mosaic - Nichols Mine,PS - Industrial,0.1453548371,0.0556868002,0.517091716,0.4905741921
2,2023,8,Mosaic,Mosaic - Plant City,PS - Industrial,0.9609045184,0.3489318083,6.4418180003,5.1534544002
2,2023,8,Mosaic,Mosaic - Port Sutton,PS - Industrial,0,0,0,0
2,2023,8,Mosaic,Mosaic - Riverview,PS - Industrial,1.1951383343,1.6669174229,1.7839567186,0.2817325222
2,2023,8,Mosaic,Mosaic - Riverview Stack Closure,PS - Industrial,0,0,0,0
2,2023,8,Mosaic,Mosaic - South Pierce,PS - Industrial,0.758284765,1.8646346681,4.450261408,11.933661876
2,2023,8,Mosaic,Mosaic - Tampa Ammonia Terminal,PS - Industrial,0,0,0,0
2,2023,8,Mosaic,Mosaic - Tampa Marine Terminal,PS - Industrial,0.0030010076,0.0327265051,0.0120687072,0.0124179624
2,2023,8,TECO,TECO - Bayside (fka Gannon),PS - Industrial,0.004077231,0.0020696604,0.0268227988,0.0198687399
2,2023,8,Trademark Nitrogen,Trademark Nitrogen Corporation,PS - Industrial,0.0007481822,0.0041564641,0.0311742598,0.0342396248
2,2023,8,Springs,,Springs,11.350759699,0.5987178126,28.857183651,0
2,2023,9,Atmospheric Deposition,,Atmospheric Deposition,3.9512524172,0.0766843641,0,0
2,2023,9,Ground Water,,Ground Water,1.7302180305,0.2058827033,0,0
2,2023,9,CSX,CSX Newport,Material Losses,0.0610670833,0,0,0
2,2023,9,CSX,CSX Rockport,Material Losses,0.0625291667,0,0,0
2,2023,9,Kinder Morgan,Kinder Morgan Port Sutton,Material Losses,0.011059,0,0,0
2,2023,9,Kinder Morgan,Kinder Morgan Tampaplex,Material Losses,0.00278075,0,0,0
2,2023,9,Mosaic,Mosaic All,Material Losses,0.1325,0,0,0
2,2023,9,ALAFIA PRESERVE,,Non-Point Source,0.0754661916,0.0275852084,1.8897721054,0.3779220214
2,2023,9,BLOOMINGDALE,,Non-Point Source,0.0203654606,0.0038454696,0.6456280618,0.1222839928
2,2023,9,CITY OF PLANT CITY,,Non-Point Source,1.5024670238,0.5375249382,66.577241849,10.074270595
2,2023,9,Conservation,,Non-Point Source,7.2240258569,2.0886351828,139.03333352,33.390490392
2,2023,9,DONALDSON KNOLL,,Non-Point Source,0.0105661623,0.0038420218,0.5023408964,0.0818984628
2,2023,9,EAGLE RIDGE,,Non-Point Source,0.169871417,0.0998112274,4.3120119838,0.8208931918
2,2023,9,FDACS (Agriculture),,Non-Point Source,21.410198575,11.820635931,155.20122608,53.167927426
2,2023,9,HILLSBOROUGH,,Non-Point Source,29.260763236,10.67564697,1139.1445942,220.83602282
2,2023,9,LAKE ST. CHARLES,,Non-Point Source,0.0628095411,0.0123557489,1.9755039823,0.3581842007
2,2023,9,LIVE OAK I,,Non-Point Source,0.0211773456,0.0035622216,1.0198459336,0.1970166718
2,2023,9,LIVE OAK II,,Non-Point Source,0.0184247907,0.0032427965,1.0230636835,0.1843254391
2,2023,9,Lakeland,,Non-Point Source,2.0792662838,0.7724573981,85.284281613,14.134346998
2,2023,9,MAGNOLIA PARK,,Non-Point Source,0.0618539305,0.0122092786,2.077354444,0.3715686154
2,2023,9,MSGP COT,,Non-Point Source,0.5149096281,0.0837750733,21.825578082,4.8196130455
2,2023,9,MacDill AFB,,Non-Point Source,0.1093220051,0.0179148427,2.4350265502,0.9523872601
2,2023,9,Mulberry,,Non-Point Source,0.3696229017,0.1546370869,14.066055255,2.0883738866
2,2023,9,None,,Non-Point Source,0.0034435365,0.0002879309,0.0529562726,0.0165563065
2,2023,9,PALM RIVER,,Non-Point Source,0.0107500576,0.0021601231,0.3799577405,0.069150193
2,2023,9,PANTHER TRACE,,Non-Point Source,0.0602154272,0.0119735641,1.9979764867,0.3540678557
2,2023,9,PANTHER TRACE II,,Non-Point Source,0.0509216588,0.0104032419,2.2832577578,0.4481006511
2,2023,9,PASCO,,Non-Point Source,3.3934539756,0.570453277,142.29371759,29.463234506
2,2023,9,POLK,,Non-Point Source,11.774165129,4.6218859243,360.33519194,61.927266864
2,2023,9,RIVERCREST,,Non-Point Source,0.0681952058,0.014507607,2.0780901125,0.3854653327
2,2023,9,SAN ANTONIO,,Non-Point Source,0.024947055,0.0042463003,1.1843914816,0.2153312614
2,2023,9,SPRING LAKE,,Non-Point Source,0.0512613978,0.0113993348,1.9358158505,0.335356209
2,2023,9,ST. LEO,,Non-Point Source,0.000553954,0.0000879828,0.0444676699,0.0092252119
2,2023,9,STONE CREST,,Non-Point Source,0.0057812853,0.001141571,0.1868995528,0.0331504112
2,2023,9,STONE DAIRY CREEK,,Non-Point Source,0.042564986,0.0085283204,1.4631108221,0.2573745083
2,2023,9,STONELAKE RANCH,,Non-Point Source,0.0211222945,0.003866118,0.5381971244,0.1144132631
2,2023,9,TEMPLE TERRACE,,Non-Point Source,0.1621422159,0.0283140338,9.453926311,1.6564872092
2,2023,9,Tampa,,Non-Point Source,5.9043811087,1.3179355071,280.53064452,51.798581105
2,2023,9,ZEPHYRHILLS,,Non-Point Source,0.1446301022,0.0250226909,9.6141497024,1.7021036868
2,2023,9,Lakeland,City of Lakeland,PS - Domestic - REUSE,0,0,0,0
2,2023,9,Zephyrhills,City of Zephyrhills WWTF,PS - Domestic - REUSE,0.0379010734,0.022294749,0.0111473745,0.022294749
2,2023,9,Hillsborough Co.,Falkenburg AWTP,PS - Domestic - REUSE,0.0924149895,0.0037449211,0.0038053231,0.0027784899
2,2023,9,Tampa,Howard F. Curren,PS - Domestic - REUSE,0.4471593097,0.0861871685,0.0152095003,0.0532332512
2,2023,9,Polk Co.,NW Regional WWTP,PS - Domestic - REUSE,0.0181094451,0.0060150757,0.0010702982,0.0038530734
2,2023,9,Pasco Co.,Pasco Reuse,PS - Domestic - REUSE,0.1635309152,0,0,0
2,2023,9,Plant City,Plant City WRF,PS - Domestic - REUSE,0.0291947298,0.0013751141,0.0137511408,0.0116355807
2,2023,9,Polk Co.,Southwest Regional WWTF,PS - Domestic - REUSE,0.0392843242,0.0166958378,0.0034662639,0.0148471637
2,2023,9,Hillsborough Co.,Valrico AWTP,PS - Domestic - REUSE,0.7942739062,0.0079427391,0.0455383706,0.0381251475
2,2023,9,Lakeland,City of Lakeland,PS - Domestic - SW,1.8924315635,3.9110252312,5.2267157467,4.5057894368
2,2023,9,Mulberry,City of Mulberry,PS - Domestic - SW,0.0929970189,0.0783132791,0.0734186991,0.0244728997
2,2023,9,Hillsborough Co.,Falkenburg AWTP,PS - Domestic - SW,1.3196037885,0.4252751546,0.3940049226,0.287686134
2,2023,9,Tampa,Howard F. Curren,PS - Domestic - SW,21.213384867,24.5324859,4.3292622177,15.152417762
2,2023,9,Plant City,Plant City WRF,PS - Domestic - SW,0.2315424229,0.0654359021,0.6543590212,0.5536884026
2,2023,9,Hillsborough Co.,Valrico AWTP,PS - Domestic - SW,0,0,0,0
2,2023,9,Alpha/Owens Corning,Alpha/Owens Corning,PS - Industrial,0,0,0,0
2,2023,9,Cytech Brewster,Brewster Phosphogypsum,PS - Industrial,0.2065487699,0.6712835023,0.6540711048,3.3047803188
2,2023,9,Busch Gardens,Busch Gardens,PS - Industrial,0.3148178797,0.0474123313,0.632164417,1.2137556807
2,2023,9,CSX,CSX - Rockport Newport,PS - Industrial,0.5416995192,0,0,0.1728099672
2,2023,9,CSX,CSX Winston Yard,PS - Industrial,0.0010139667,0,0,0.3244693404
2,2023,9,Coronet,Coronet Industries,PS - Industrial,1.3778805851,1.5430069381,1.3852537503,11.452565978
2,2023,9,Estech Agricola,Estech Agricola,PS - Industrial,0.0009551316,0.0261978949,0.2865394754,0.1309894745
2,2023,9,Kerry,Kerry I and F,PS - Industrial,0.0027539836,0.0055079672,0,0.2753983599
2,2023,9,Kinder Morgan,Kinder Morgan Port Sutton,PS - Industrial,1.1858528196,0.0026200399,0.1474057203,0.7404460449
2,2023,9,Kinder Morgan,Kinder Morgan Tampaplex,PS - Industrial,0,0,0,0
2,2023,9,Lowry Park Zoo,Lowry Park Zoo,PS - Industrial,0.0152523123,0.0026813786,0.0788640758,0.1514190255
2,2023,9,Mosaic,Mosaic - Bartow,PS - Industrial,0.5748314858,0.3305281043,1.7203885181,1.9708508083
2,2023,9,Mosaic,Mosaic - Black Point,PS - Industrial,0.0009513762,0.0002804056,0.0041059392,0.0012267745
2,2023,9,Mosaic,Mosaic - Bonnie,PS - Industrial,0.7750460934,1.3992114399,6.5961912991,6.5374563398
2,2023,9,Mosaic,Mosaic - Ft. Lonesome,PS - Industrial,0,0,0,0
2,2023,9,Mosaic,Mosaic - Green Bay,PS - Industrial,0.3686332228,2.1657201842,4.0447256394,4.9151096378
2,2023,9,Mosaic,Mosaic - Hookers Prairie,PS - Industrial,0,0,0,0
2,2023,9,Mosaic,Mosaic - Mulberry Phospho Stack,PS - Industrial,0.2816448954,1.2607862097,1.2815787859,1.8146248296
2,2023,9,Mosaic,Mosaic - Mulberry Plant,PS - Industrial,0.0156977065,0.0304315188,0.0698134842,0.1321912128
2,2023,9,Mosaic,Mosaic - New Wales Chemical Plant,PS - Industrial,1.1712441884,0.4583129433,8.3175311933,16.295571318
2,2023,9,Mosaic,Mosaic - Nichols Mine,PS - Industrial,0.0480695319,0.0168243362,0.1562259787,0.1482143901
2,2023,9,Mosaic,Mosaic - Plant City,PS - Industrial,1.2371144689,0.444267627,8.2018638822,6.5614911057
2,2023,9,Mosaic,Mosaic - Port Sutton,PS - Industrial,0.0009513762,0.0016523902,0.0360521489,0.024034766
2,2023,9,Mosaic,Mosaic - Riverview,PS - Industrial,0.1097086921,0.5732667224,0.6010193662,0.0968901503
2,2023,9,Mosaic,Mosaic - Riverview Stack Closure,PS - Industrial,0,0,0,0
2,2023,9,Mosaic,Mosaic - South Pierce,PS - Industrial,0.7507359291,1.9415584373,4.6338528037,12.425973999
2,2023,9,Mosaic,Mosaic - Tampa Ammonia Terminal,PS - Industrial,0.0110034163,0.0950124342,0.0351132909,0.0360521489
2,2023,9,Mosaic,Mosaic - Tampa Marine Terminal,PS - Industrial,0.0138950991,0.0633416228,0.0233587882,0.024034766
2,2023,9,TECO,TECO - Bayside (fka Gannon),PS - Industrial,0,0,0,0
2,2023,9,Trademark Nitrogen,Trademark Nitrogen Corporation,PS - Industrial,0.0015592554,0.0028874379,0.0290194763,0.0237857921
2,2023,9,Springs,,Springs,12.438078891,0.6616403723,31.82829328,0
2,2023,10,Atmospheric Deposition,,Atmospheric Deposition,0.2996174076,0.0068842613,0,0
2,2023,10,Ground Water,,Ground Water,1.7302180305,0.2058827033,0,0
2,2023,10,CSX,CSX Newport,Material Losses,0.0610670833,0,0,0
2,2023,10,CSX,CSX Rockport,Material Losses,0.0625291667,0,0,0
2,2023,10,Kinder Morgan,Kinder Morgan Port Sutton,Material Losses,0.011059,0,0,0
2,2023,10,Kinder Morgan,Kinder Morgan Tampaplex,Material Losses,0.00278075,0,0,0
2,2023,10,Mosaic,Mosaic All,Material Losses,0.1325,0,0,0
2,2023,10,ALAFIA PRESERVE,,Non-Point Source,0.0213552678,0.0041545621,0.5603058158,0.0744748368
2,2023,10,BLOOMINGDALE,,Non-Point Source,0.010027293,0.0019059608,0.3199977859,0.0606085907
2,2023,10,CITY OF PLANT CITY,,Non-Point Source,0.2819487996,0.0650633738,12.680745728,1.0683760247
2,2023,10,Conservation,,Non-Point Source,1.8633352791,0.365946057,40.275964905,7.3232340529
2,2023,10,DONALDSON KNOLL,,Non-Point Source,0.0029899909,0.0005786405,0.1489409887,0.0161392412
2,2023,10,EAGLE RIDGE,,Non-Point Source,0.0480698645,0.0150324019,1.2784850541,0.161768521
2,2023,10,FDACS (Agriculture),,Non-Point Source,4.7318455138,1.6577554794,37.23750673,9.5759618665
2,2023,10,HILLSBOROUGH,,Non-Point Source,7.596408772,2.0904568201,324.32846916,55.261984222
2,2023,10,LAKE ST. CHARLES,,Non-Point Source,0.0308927325,0.0061223008,0.9788199963,0.1774678972
2,2023,10,LIVE OAK I,,Non-Point Source,0,0,0.010934013,0
2,2023,10,LIVE OAK II,,Non-Point Source,0,0,0.0109685113,0
2,2023,10,Lakeland,,Non-Point Source,0.451451901,0.1008515266,18.051211188,1.9006219268
2,2023,10,MAGNOLIA PARK,,Non-Point Source,0.0304548713,0.0060513821,1.0296157525,0.1841635165
2,2023,10,MSGP COT,,Non-Point Source,0.0765119135,0.0112525017,2.8693604911,0.788045375
2,2023,10,MacDill AFB,,Non-Point Source,0.0538266134,0.0088792764,1.2068916314,0.4720392942
2,2023,10,Mulberry,,Non-Point Source,0.1045951292,0.0232896328,4.1704989415,0.4115433752
2,2023,10,None,,Non-Point Source,0.0016954858,0.0001427095,0.0262471398,0.0082059343
2,2023,10,PALM RIVER,,Non-Point Source,0.0010109378,0.0002047025,0.0360064154,0.0065529671
2,2023,10,PANTHER TRACE,,Non-Point Source,0.0296481254,0.0059345531,0.9902730224,0.1754894755
2,2023,10,PANTHER TRACE II,,Non-Point Source,0.0418913153,0.008334362,2.3160810544,0.4370076441
2,2023,10,PASCO,,Non-Point Source,0,0,1.5255650941,0
2,2023,10,POLK,,Non-Point Source,2.9229439691,0.6504500952,95.207755643,10.415753763
2,2023,10,RIVERCREST,,Non-Point Source,0.0333084742,0.007175399,1.0278945387,0.1906793034
2,2023,10,SAN ANTONIO,,Non-Point Source,0,0,0.0126981453,0
2,2023,10,SPRING LAKE,,Non-Point Source,0.0267980148,0.0059898793,1.1104893146,0.1910563747
2,2023,10,ST. LEO,,Non-Point Source,0,0,0.0004767486,0
2,2023,10,STONE CREST,,Non-Point Source,0.0028465176,0.0005658059,0.0926345161,0.0164306027
2,2023,10,STONE DAIRY CREEK,,Non-Point Source,0.02095762,0.0042269594,0.7251732869,0.1275645804
2,2023,10,STONELAKE RANCH,,Non-Point Source,0,0,0.0057701405,0
2,2023,10,TEMPLE TERRACE,,Non-Point Source,0,0,0.1017296297,0
2,2023,10,Tampa,,Non-Point Source,2.731808721,0.6119514015,125.48428872,23.19447973
2,2023,10,ZEPHYRHILLS,,Non-Point Source,0,0,0.1030756062,0
2,2023,10,Lakeland,City of Lakeland,PS - Domestic - REUSE,0,0,0,0
2,2023,10,Zephyrhills,City of Zephyrhills WWTF,PS - Domestic - REUSE,0.067056997,0.0402341982,0.014529016,0.0223523323
2,2023,10,Hillsborough Co.,Falkenburg AWTP,PS - Domestic - REUSE,0.1155852049,0.0045607825,0.0026547839,0.0016337131
2,2023,10,Tampa,Howard F. Curren,PS - Domestic - REUSE,0.4550407101,0.0662938097,0.0132587619,0.0503832954
2,2023,10,Polk Co.,NW Regional WWTP,PS - Domestic - REUSE,0.0236528552,0.0059132138,0.001552504,0.0036529506
2,2023,10,Pasco Co.,Pasco Reuse,PS - Domestic - REUSE,0.1635309152,0,0,0
2,2023,10,Plant City,Plant City WRF,PS - Domestic - REUSE,0.039770853,0.0015999768,0.0159997684,0.0125712466
2,2023,10,Polk Co.,Southwest Regional WWTF,PS - Domestic - REUSE,0.0572620705,0.011126753,0.004952762,0.0075987582
2,2023,10,Hillsborough Co.,Valrico AWTP,PS - Domestic - REUSE,0.8770729238,0.0102486996,0.0393765827,0.037758367
2,2023,10,Lakeland,City of Lakeland,PS - Domestic - SW,1.3428533604,2.6278251104,3.4265913334,2.7551646532
2,2023,10,Mulberry,City of Mulberry,PS - Domestic - SW,0.0833038312,0.1195228882,0.0470847741,0.036219057
2,2023,10,Hillsborough Co.,Falkenburg AWTP,PS - Domestic - SW,1.5530731654,0.3882682914,0.2107742153,0.133120557
2,2023,10,Tampa,Howard F. Curren,PS - Domestic - SW,19.511257763,17.055295248,3.4110590495,12.962024388
2,2023,10,Plant City,Plant City WRF,PS - Domestic - SW,0.2535851407,0.0612102064,0.6121020638,0.4809373358
2,2023,10,Hillsborough Co.,Valrico AWTP,PS - Domestic - SW,0,0,0,0
2,2023,10,Alpha/Owens Corning,Alpha/Owens Corning,PS - Industrial,0,0,0,0
2,2023,10,Cytech Brewster,Brewster Phosphogypsum,PS - Industrial,0.0710850736,0.1301557685,0.3303954124,0.9611502905
2,2023,10,Busch Gardens,Busch Gardens,PS - Industrial,0.2346736188,0.0364777646,0.607962743,1.1672884666
2,2023,10,CSX,CSX - Rockport Newport,PS - Industrial,0,0,0,0
2,2023,10,CSX,CSX Winston Yard,PS - Industrial,0.0001940307,0,0,0.0620898121
2,2023,10,Coronet,Coronet Industries,PS - Industrial,0,0,0,0
2,2023,10,Estech Agricola,Estech Agricola,PS - Industrial,0,0,0,0
2,2023,10,Kerry,Kerry I and F,PS - Industrial,0.0031044906,0.0062089812,0,0.3104490603
2,2023,10,Kinder Morgan,Kinder Morgan Port Sutton,PS - Industrial,0.1114900188,0.0008962923,0.1071178612,0.2841902439
2,2023,10,Kinder Morgan,Kinder Morgan Tampaplex,PS - Industrial,0,0,0,0
2,2023,10,Lowry Park Zoo,Lowry Park Zoo,PS - Industrial,0.0170126085,0.0026582201,0.0886073359,0.170126085
2,2023,10,Mosaic,Mosaic - Bartow,PS - Industrial,0.7480270107,0.3290501331,1.7126957239,1.9620380608
2,2023,10,Mosaic,Mosaic - Black Point,PS - Industrial,0.0000474728,7.2438114E-6,0.0001060701,0.0000316917
2,2023,10,Mosaic,Mosaic - Bonnie,PS - Industrial,0.5241544321,1.0238221946,4.6990733944,5.1410364378
2,2023,10,Mosaic,Mosaic - Ft. Lonesome,PS - Industrial,0,0,0,0
2,2023,10,Mosaic,Mosaic - Green Bay,PS - Industrial,0.3852672838,1.5977260886,2.9839328841,3.6260450238
2,2023,10,Mosaic,Mosaic - Hookers Prairie,PS - Industrial,0,0,0,0
2,2023,10,Mosaic,Mosaic - Mulberry Phospho Stack,PS - Industrial,0.0841316953,0.2070695232,0.2104844629,0.2980310978
2,2023,10,Mosaic,Mosaic - Mulberry Plant,PS - Industrial,0,0,0,0
2,2023,10,Mosaic,Mosaic - New Wales Chemical Plant,PS - Industrial,0.8646394389,0.3705597595,6.724973414,13.175458117
2,2023,10,Mosaic,Mosaic - Nichols Mine,PS - Industrial,0,0,0,0
2,2023,10,Mosaic,Mosaic - Plant City,PS - Industrial,1.1159091471,0.2656926541,4.905095152,3.9240761216
2,2023,10,Mosaic,Mosaic - Port Sutton,PS - Industrial,0,0,0,0
2,2023,10,Mosaic,Mosaic - Riverview,PS - Industrial,0.0805615311,0.2204188328,0.2378039802,0.0372538872
2,2023,10,Mosaic,Mosaic - Riverview Stack Closure,PS - Industrial,0,0,0,0
2,2023,10,Mosaic,Mosaic - South Pierce,PS - Industrial,0.4604994394,1.3814983181,3.2971759859,8.841589236
2,2023,10,Mosaic,Mosaic - Tampa Ammonia Terminal,PS - Industrial,0,0,0,0
2,2023,10,Mosaic,Mosaic - Tampa Marine Terminal,PS - Industrial,0,0,0,0
2,2023,10,TECO,TECO - Bayside (fka Gannon),PS - Industrial,0,0,0,0
2,2023,10,Trademark Nitrogen,Trademark Nitrogen Corporation,PS - Industrial,0.0050072846,0.004225451,0.0316916749,0.0348079173
2,2023,10,Springs,,Springs,11.466027257,0.35770295,21.420157125,0
2,2023,11,Atmospheric Deposition,,Atmospheric Deposition,1.4349580756,0.0309244172,0,0
2,2023,11,Ground Water,,Ground Water,1.7256819188,0.2053736832,0,0
2,2023,11,CSX,CSX Newport,Material Losses,0.0610670833,0,0,0
2,2023,11,CSX,CSX Rockport,Material Losses,0.0625291667,0,0,0
2,2023,11,Kinder Morgan,Kinder Morgan Port Sutton,Material Losses,0.011059,0,0,0
2,2023,11,Kinder Morgan,Kinder Morgan Tampaplex,Material Losses,0.00278075,0,0,0
2,2023,11,Mosaic,Mosaic All,Material Losses,0.1325,0,0,0
2,2023,11,ALAFIA PRESERVE,,Non-Point Source,0.0146629263,0.0014711847,0.3645530546,0.0421696396
2,2023,11,BLOOMINGDALE,,Non-Point Source,0.0039695055,0.0007574486,0.1299422972,0.0245621533
2,2023,11,CITY OF PLANT CITY,,Non-Point Source,0.1895130665,0.0187128966,7.9831100479,0.504237092
2,2023,11,Conservation,,Non-Point Source,1.0064493332,0.1195454174,22.604222271,3.1994127847
2,2023,11,DONALDSON KNOLL,,Non-Point Source,0.0021141705,0.0002109068,0.0986022029,0.0093223052
2,2023,11,EAGLE RIDGE,,Non-Point Source,0.0321168455,0.0050425536,0.8380223325,0.0912224673
2,2023,11,FDACS (Agriculture),,Non-Point Source,2.6272189179,0.4801539148,17.662010501,3.4193726429
2,2023,11,HILLSBOROUGH,,Non-Point Source,3.7495689776,0.7699094577,142.00414592,21.283287769
2,2023,11,LAKE ST. CHARLES,,Non-Point Source,0.0124306564,0.0024929178,0.4076471971,0.0740302494
2,2023,11,LIVE OAK I,,Non-Point Source,0,0,0,0
2,2023,11,LIVE OAK II,,Non-Point Source,0,0,0,0
2,2023,11,Lakeland,,Non-Point Source,0.3103326238,0.0319441092,11.546414204,0.9907256343
2,2023,11,MAGNOLIA PARK,,Non-Point Source,0.0120579722,0.002404939,0.4179499658,0.0746246107
2,2023,11,MSGP COT,,Non-Point Source,0.0094412654,0.000260708,0.8881892401,0.2087548096
2,2023,11,MacDill AFB,,Non-Point Source,0.0211531537,0.0035035067,0.4862269931,0.1898888497
2,2023,11,Mulberry,,Non-Point Source,0.0738102001,0.0084725022,2.7492956323,0.2367277767
2,2023,11,None,,Non-Point Source,0.0006726061,0.0000574165,0.0107160255,0.0033612162
2,2023,11,PALM RIVER,,Non-Point Source,0.000257434,0.0000524481,0.0094475658,0.0017259545
2,2023,11,PANTHER TRACE,,Non-Point Source,0.0119105735,0.0023943573,0.4080956106,0.0721292164
2,2023,11,PANTHER TRACE II,,Non-Point Source,0.0119835712,0.0025634783,0.4985191494,0.1004161208
2,2023,11,PASCO,,Non-Point Source,0,0,0,0
2,2023,11,POLK,,Non-Point Source,2.0350101737,0.222308921,62.286459519,5.789424591
2,2023,11,RIVERCREST,,Non-Point Source,0.014941961,0.0034163314,0.4893248845,0.0906072667
2,2023,11,SAN ANTONIO,,Non-Point Source,0,0,0,0
2,2023,11,SPRING LAKE,,Non-Point Source,0.0114020526,0.002704397,0.4506243827,0.0783794822
2,2023,11,ST. LEO,,Non-Point Source,0,0,0,0
2,2023,11,STONE CREST,,Non-Point Source,0.001126317,0.0002247258,0.0375819269,0.006653918
2,2023,11,STONE DAIRY CREEK,,Non-Point Source,0.0082844061,0.0016770662,0.2938494537,0.0516022385
2,2023,11,STONELAKE RANCH,,Non-Point Source,0,0,0,0
2,2023,11,TEMPLE TERRACE,,Non-Point Source,0,0,0,0
2,2023,11,Tampa,,Non-Point Source,0.8562210166,0.1926363368,41.389455043,7.5395629056
2,2023,11,ZEPHYRHILLS,,Non-Point Source,0,0,0,0
2,2023,11,Lakeland,City of Lakeland,PS - Domestic - REUSE,0,0,0,0
2,2023,11,Zephyrhills,City of Zephyrhills WWTF,PS - Domestic - REUSE,0.0585396768,0.0899776514,0.0113827149,0.023849498
2,2023,11,Hillsborough Co.,Falkenburg AWTP,PS - Domestic - REUSE,0.0347396254,0.0012094536,0.0009521231,0.0019299792
2,2023,11,Tampa,Howard F. Curren,PS - Domestic - REUSE,0.3979481264,0.0660705702,0.0127058789,0.0482823397
2,2023,11,Polk Co.,NW Regional WWTP,PS - Domestic - REUSE,0.0226234745,0.0032733599,0.0017402673,0.0024860961
2,2023,11,Pasco Co.,Pasco Reuse,PS - Domestic - REUSE,0.1635309152,0,0,0
2,2023,11,Plant City,Plant City WRF,PS - Domestic - REUSE,0.0589028271,0.0017582933,0.0249091557,0.0219786668
2,2023,11,Polk Co.,Southwest Regional WWTF,PS - Domestic - REUSE,0.0436911987,0.0081395863,0.0032033211,0.005934021
2,2023,11,Hillsborough Co.,Valrico AWTP,PS - Domestic - REUSE,0.6568964416,0.0088208843,0.0363212882,0.027500404
2,2023,11,Lakeland,City of Lakeland,PS - Domestic - SW,0.9291865554,1.979882122,2.6231651219,1.6653882109
2,2023,11,Mulberry,City of Mulberry,PS - Domestic - SW,0.055079672,0.0447522335,0.0237531085,0.041309754
2,2023,11,Hillsborough Co.,Falkenburg AWTP,PS - Domestic - SW,1.2534130446,0.2685885095,0.2126325701,0.4084783583
2,2023,11,Tampa,Howard F. Curren,PS - Domestic - SW,16.146630877,16.084766391,3.093224306,11.754252363
2,2023,11,Plant City,Plant City WRF,PS - Domestic - SW,0.2147105759,0.0384556255,0.5447880283,0.4806953191
2,2023,11,Hillsborough Co.,Valrico AWTP,PS - Domestic - SW,0,0,0,0
2,2023,11,Alpha/Owens Corning,Alpha/Owens Corning,PS - Industrial,0,0,0,0
2,2023,11,Cytech Brewster,Brewster Phosphogypsum,PS - Industrial,0.0151419026,0.1261825213,0.1225773064,0.3461006298
2,2023,11,Busch Gardens,Busch Gardens,PS - Industrial,0.0495717048,0.0082619508,0.2753983599,0.528764851
2,2023,11,CSX,CSX - Rockport Newport,PS - Industrial,0,0,0,0
2,2023,11,CSX,CSX Winston Yard,PS - Industrial,0.0001502173,0,0,0.0480695319
2,2023,11,Coronet,Coronet Industries,PS - Industrial,0,0,0,0
2,2023,11,Estech Agricola,Estech Agricola,PS - Industrial,0,0,0,0
2,2023,11,Kerry,Kerry I and F,PS - Industrial,0.012017383,0.0020028972,0,0.1001448581
2,2023,11,Kinder Morgan,Kinder Morgan Port Sutton,PS - Industrial,1.1983959631,0.0811035652,0.5447254378,1.3315510701
2,2023,11,Kinder Morgan,Kinder Morgan Tampaplex,PS - Industrial,0,0,0,0
2,2023,11,Lowry Park Zoo,Lowry Park Zoo,PS - Industrial,0.0104801594,0.0016123322,0.0575832934,0.1105599234
2,2023,11,Mosaic,Mosaic - Bartow,PS - Industrial,0.368307752,0.1894490354,0.9860763457,1.1296339999
2,2023,11,Mosaic,Mosaic - Black Point,PS - Industrial,0.0000816181,7.0101401E-6,0.0001026485,0.0000306694
2,2023,11,Mosaic,Mosaic - Bonnie,PS - Industrial,0.202355204,0.762978638,2.1827823644,3.184606489
2,2023,11,Mosaic,Mosaic - Ft. Lonesome,PS - Industrial,0,0,0,0
2,2023,11,Mosaic,Mosaic - Green Bay,PS - Industrial,0.1120871325,1.2814285686,2.3932117475,2.9082066806
2,2023,11,Mosaic,Mosaic - Hookers Prairie,PS - Industrial,0,0,0,0
2,2023,11,Mosaic,Mosaic - Mulberry Phospho Stack,PS - Industrial,0.0922083781,0.2421377489,0.2461310251,0.3485041063
2,2023,11,Mosaic,Mosaic - Mulberry Plant,PS - Industrial,0,0,0,0
2,2023,11,Mosaic,Mosaic - New Wales Chemical Plant,PS - Industrial,0.6279082606,0.2974302287,5.3978078541,10.57529702
2,2023,11,Mosaic,Mosaic - Nichols Mine,PS - Industrial,0,0,0,0
2,2023,11,Mosaic,Mosaic - Plant City,PS - Industrial,1.1644844105,0.2473577996,4.5666055315,3.6532844252
2,2023,11,Mosaic,Mosaic - Port Sutton,PS - Industrial,0,0,0,0
2,2023,11,Mosaic,Mosaic - Riverview,PS - Industrial,0.0431874701,0.1333178424,0.1438330525,0.0225325931
2,2023,11,Mosaic,Mosaic - Riverview Stack Closure,PS - Industrial,0,0,0,0
2,2023,11,Mosaic,Mosaic - South Pierce,PS - Industrial,0.0951626515,1.019599837,2.4334449443,6.5254389568
2,2023,11,Mosaic,Mosaic - Tampa Ammonia Terminal,PS - Industrial,0,0,0,0
2,2023,11,Mosaic,Mosaic - Tampa Marine Terminal,PS - Industrial,0,0,0,0
2,2023,11,TECO,TECO - Bayside (fka Gannon),PS - Industrial,0.0649200059,0.0170246259,0.2206391515,0.1634364085
2,2023,11,Trademark Nitrogen,Trademark Nitrogen Corporation,PS - Industrial,0.0062933532,0.0024534877,0.0217139089,0.0202110488
2,2023,11,Springs,,Springs,9.9607817685,0.2915338548,17.936139267,0
2,2023,12,Atmospheric Deposition,,Atmospheric Deposition,2.0069922672,0.0532348471,0,0
2,2023,12,Ground Water,,Ground Water,1.7256819188,0.2053736832,0,0
2,2023,12,CSX,CSX Newport,Material Losses,0.0610670833,0,0,0
2,2023,12,CSX,CSX Rockport,Material Losses,0.0625291667,0,0,0
2,2023,12,Kinder Morgan,Kinder Morgan Port Sutton,Material Losses,0.011059,0,0,0
2,2023,12,Kinder Morgan,Kinder Morgan Tampaplex,Material Losses,0.00278075,0,0,0
2,2023,12,Mosaic,Mosaic All,Material Losses,0.1325,0,0,0
2,2023,12,ALAFIA PRESERVE,,Non-Point Source,0.016720413,0.0020442145,0.4084970477,0.0507086749
2,2023,12,BLOOMINGDALE,,Non-Point Source,0.0045730777,0.0008776024,0.1505549991,0.0284584392
2,2023,12,CITY OF PLANT CITY,,Non-Point Source,0.2443155871,0.0381407282,12.671901225,1.3443555317
2,2023,12,Conservation,,Non-Point Source,1.3104371892,0.2094546628,30.238006336,5.6211876146
2,2023,12,DONALDSON KNOLL,,Non-Point Source,0.0024108287,0.0002930555,0.1104879201,0.0112100019
2,2023,12,EAGLE RIDGE,,Non-Point Source,0.0366234483,0.0070066397,0.9390393098,0.1096943318
2,2023,12,FDACS (Agriculture),,Non-Point Source,3.5011453406,0.921244106,28.965227,7.786028166
2,2023,12,HILLSBOROUGH,,Non-Point Source,4.7410188195,1.0917772799,191.21846995,31.364629156
2,2023,12,LAKE ST. CHARLES,,Non-Point Source,0.0142558879,0.0028747,0.4697849318,0.0852718629
2,2023,12,LIVE OAK I,,Non-Point Source,0,0.0000877352,0.1424400154,0.0252525218
2,2023,12,LIVE OAK II,,Non-Point Source,0,0.0000797999,0.1425815009,0.0235832057
2,2023,12,Lakeland,,Non-Point Source,0.3808798017,0.0562208954,16.770203004,1.9062519851
2,2023,12,MAGNOLIA PARK,,Non-Point Source,0.0138914137,0.0027864337,0.484249225,0.086462287
2,2023,12,MSGP COT,,Non-Point Source,0.0342250306,0.0088316016,3.5297678225,0.7949115235
2,2023,12,MacDill AFB,,Non-Point Source,0.0243695377,0.0040592668,0.5633570137,0.2200108525
2,2023,12,Mulberry,,Non-Point Source,0.0841671714,0.0117725612,3.0807015191,0.2846633735
2,2023,12,None,,Non-Point Source,0.0007748774,0.0000665244,0.0124159049,0.0038944048
2,2023,12,PALM RIVER,,Non-Point Source,0.0013587038,0.000278647,0.0501931959,0.0091696816
2,2023,12,PANTHER TRACE,,Non-Point Source,0.0137216027,0.0027741734,0.4728316769,0.0835710492
2,2023,12,PANTHER TRACE II,,Non-Point Source,0.0187841458,0.0033649822,0.7490992389,0.1471876822
2,2023,12,PASCO,,Non-Point Source,0,0.0140283594,19.817727366,3.765550582
2,2023,12,POLK,,Non-Point Source,2.4009645389,0.343685767,75.949401113,8.4052901333
2,2023,12,RIVERCREST,,Non-Point Source,0.0166793819,0.003834918,0.5501574952,0.1019520088
2,2023,12,SAN ANTONIO,,Non-Point Source,0,0.0001041425,0.1641579039,0.0274027696
2,2023,12,SPRING LAKE,,Non-Point Source,0.0133101731,0.003095276,0.5325435857,0.0924225131
2,2023,12,ST. LEO,,Non-Point Source,0,2.1278878E-6,0.0061789184,0.0011726511
2,2023,12,STONE CREST,,Non-Point Source,0.001297576,0.000260374,0.043543535,0.0077094267
2,2023,12,STONE DAIRY CREEK,,Non-Point Source,0.0095440684,0.0019430986,0.3404626914,0.0597878838
2,2023,12,STONELAKE RANCH,,Non-Point Source,0,0.0000910415,0.0717473023,0.0140355812
2,2023,12,TEMPLE TERRACE,,Non-Point Source,0,0.000659483,1.271765322,0.2049651322
2,2023,12,Tampa,,Non-Point Source,1.0210471951,0.235952425,52.205374201,9.6130743548
2,2023,12,ZEPHYRHILLS,,Non-Point Source,0,0.0005987288,1.3076090763,0.2127467637
2,2023,12,Lakeland,City of Lakeland,PS - Domestic - REUSE,0,0,0,0
2,2023,12,Zephyrhills,City of Zephyrhills WWTF,PS - Domestic - REUSE,0.0460758147,0.0264935934,0.0115189537,0.0253416981
2,2023,12,Hillsborough Co.,Falkenburg AWTP,PS - Domestic - REUSE,0,0,0,0
2,2023,12,Tampa,Howard F. Curren,PS - Domestic - REUSE,0.421046538,0.0481196043,0.0260647857,0.0561395384
2,2023,12,Polk Co.,NW Regional WWTP,PS - Domestic - REUSE,0.0238885378,0.0031822322,0.00156932,0.0054490278
2,2023,12,Pasco Co.,Pasco Reuse,PS - Domestic - REUSE,0.1635309152,0,0,0
2,2023,12,Plant City,Plant City WRF,PS - Domestic - REUSE,0.0392038954,0.0021779942,0.0290399225,0.0145199613
2,2023,12,Polk Co.,Southwest Regional WWTF,PS - Domestic - REUSE,0.0326949428,0.0059528607,0.0022895618,0.0071892241
2,2023,12,Hillsborough Co.,Valrico AWTP,PS - Domestic - REUSE,0.5834890087,0.0086925737,0.0239045776,0.0222747201
2,2023,12,Lakeland,City of Lakeland,PS - Domestic - SW,0,0,0,0
2,2023,12,Mulberry,City of Mulberry,PS - Domestic - SW,0.0738868763,0.0738868763,0.0387026495,0.0422210722
2,2023,12,Hillsborough Co.,Falkenburg AWTP,PS - Domestic - SW,1.8293107392,0.2726376583,0.3957643426,0.3517905268
2,2023,12,Tampa,Howard F. Curren,PS - Domestic - SW,23.456366809,16.084365812,8.7123648147,18.765093447
2,2023,12,Plant City,Plant City WRF,PS - Domestic - SW,0.1596678323,0.0532226108,0.7096348102,0.3548174051
2,2023,12,Hillsborough Co.,Valrico AWTP,PS - Domestic - SW,0,0,0,0
2,2023,12,Alpha/Owens Corning,Alpha/Owens Corning,PS - Industrial,0.0031044906,0.0129353775,0.025870755,0.0776122651
2,2023,12,Cytech Brewster,Brewster Phosphogypsum,PS - Industrial,0.0004346287,0.0249911494,0.0325971513,0.2086217685
2,2023,12,Busch Gardens,Busch Gardens,PS - Industrial,0.4449769864,0.050059911,0.556221233,1.0679447673
2,2023,12,CSX,CSX - Rockport Newport,PS - Industrial,0.3038990024,0,0,0.9360339601
2,2023,12,CSX,CSX Winston Yard,PS - Industrial,0.0001552245,0,0,0.0496718496
2,2023,12,Coronet,Coronet Industries,PS - Industrial,0,0,0,0
2,2023,12,Estech Agricola,Estech Agricola,PS - Industrial,0,0,0,0
2,2023,12,Kerry,Kerry I and F,PS - Industrial,0.0010348302,0.0020696604,0,0.1034830201
2,2023,12,Kinder Morgan,Kinder Morgan Port Sutton,PS - Industrial,0,0,0,0
2,2023,12,Kinder Morgan,Kinder Morgan Tampaplex,PS - Industrial,0,0,0,0
2,2023,12,Lowry Park Zoo,Lowry Park Zoo,PS - Industrial,0.01679012,0.002518518,0.0763187273,0.1465319564
2,2023,12,Mosaic,Mosaic - Bartow,PS - Industrial,0.4878706982,0.1749380455,0.9105470937,1.0431088425
2,2023,12,Mosaic,Mosaic - Black Point,PS - Industrial,0.0017022957,0.0002897525,0.0042428038,0.001267667
2,2023,12,Mosaic,Mosaic - Bonnie,PS - Industrial,0.349604448,0.8836156377,2.5279090854,3.6881348358
2,2023,12,Mosaic,Mosaic - Ft. Lonesome,PS - Industrial,0,0,0,0
2,2023,12,Mosaic,Mosaic - Green Bay,PS - Industrial,0.1963590306,1.3843311658,2.585393903,3.1417444898
2,2023,12,Mosaic,Mosaic - Hookers Prairie,PS - Industrial,0,0,0,0
2,2023,12,Mosaic,Mosaic - Mulberry Phospho Stack,PS - Industrial,0.1539309924,0.172557936,0.175403719,0.2483592482
2,2023,12,Mosaic,Mosaic - Mulberry Plant,PS - Industrial,0,0,0,0
2,2023,12,Mosaic,Mosaic - New Wales Chemical Plant,PS - Industrial,0.7236567594,0.2713712848,4.9248862796,9.6487567927
2,2023,12,Mosaic,Mosaic - Nichols Mine,PS - Industrial,0,0,0,0
2,2023,12,Mosaic,Mosaic - Plant City,PS - Industrial,0.8535796912,0.2371054698,4.3773317496,3.5018653997
2,2023,12,Mosaic,Mosaic - Port Sutton,PS - Industrial,0,0.0017074698,0.0372538872,0.0248359248
2,2023,12,Mosaic,Mosaic - Riverview,PS - Industrial,0.4153808426,0.564823259,0.6057637288,0.095463086
2,2023,12,Mosaic,Mosaic - Riverview Stack Closure,PS - Industrial,0,0,0,0
2,2023,12,Mosaic,Mosaic - South Pierce,PS - Industrial,0.3511178871,1.4629911964,3.4916723222,9.3631436572
2,2023,12,Mosaic,Mosaic - Tampa Ammonia Terminal,PS - Industrial,0,0,0,0
2,2023,12,Mosaic,Mosaic - Tampa Marine Terminal,PS - Industrial,0,0,0,0
2,2023,12,TECO,TECO - Bayside (fka Gannon),PS - Industrial,0.0939473185,0.0406170854,0.5263974266,0.3899240197
2,2023,12,Trademark Nitrogen,Trademark Nitrogen Corporation,PS - Industrial,0.0006053757,0.0026904913,0.0248204024,0.0221634086
2,2023,12,Springs,,Springs,10.558816359,0.4110386702,22.309450525,0
2,2024,1,Atmospheric Deposition,,Atmospheric Deposition,4.0329254389,0.0742674066,0,0
2,2024,1,Ground Water,,Ground Water,1.7256819188,0.2053736832,0,0
2,2024,1,CSX,CSX Newport,Material Losses,0.0888935833,0,0,0
2,2024,1,CSX,CSX Rockport,Material Losses,0.03570925,0,0,0
2,2024,1,Kinder Morgan,Kinder Morgan Port Sutton,Material Losses,0.011792,0,0,0
2,2024,1,Kinder Morgan,Kinder Morgan Tampaplex,Material Losses,0.007782,0,0,0
2,2024,1,Mosaic,Mosaic All,Material Losses,0.185,0,0,0
2,2024,1,ALAFIA PRESERVE,,Non-Point Source,0.0093159259,0.0054388624,0.7978362451,0.1444560372
2,2024,1,BLOOMINGDALE,,Non-Point Source,0.0068303461,0.0012922497,0.2216888277,0.0419044074
2,2024,1,CITY OF PLANT CITY,,Non-Point Source,0.2233881153,0.1034799616,28.722153845,4.1938184631
2,2024,1,Conservation,,Non-Point Source,1.7822299464,0.4665925765,61.272031019,14.393270578
2,2024,1,DONALDSON KNOLL,,Non-Point Source,0.0013432146,0.0007797072,0.2157941356,0.0319344266
2,2024,1,EAGLE RIDGE,,Non-Point Source,0.020405078,0.0186419521,1.8340391957,0.3124910776
2,2024,1,FDACS (Agriculture),,Non-Point Source,4.2122787241,2.3504094131,64.205727249,22.065982103
2,2024,1,HILLSBOROUGH,,Non-Point Source,7.4563668536,2.2608656166,367.73144446,68.935032304
2,2024,1,LAKE ST. CHARLES,,Non-Point Source,0.0213207255,0.0042252992,0.6903366671,0.1252807295
2,2024,1,LIVE OAK I,,Non-Point Source,0.0045569591,0.0003510053,0.4436969624,0.0897876327
2,2024,1,LIVE OAK II,,Non-Point Source,0.0039613536,0.0003192584,0.444137686,0.0838522278
2,2024,1,Lakeland,,Non-Point Source,0.2957373355,0.1515340302,36.838989887,5.7831202817
2,2024,1,MAGNOLIA PARK,,Non-Point Source,0.0207482072,0.0041029605,0.7130460205,0.1273137602
2,2024,1,MSGP COT,,Non-Point Source,0.1364794691,0.0160959056,8.9504421691,1.982425218
2,2024,1,MacDill AFB,,Non-Point Source,0.0405055394,0.0059771784,0.8295304483,0.3239609993
2,2024,1,Mulberry,,Non-Point Source,0.0468944838,0.0313222216,6.0169231229,0.8109330982
2,2024,1,None,,Non-Point Source,0.0011573564,0.0000979557,0.0182821389,0.0057344229
2,2024,1,PALM RIVER,,Non-Point Source,0.0040804615,0.0008231399,0.1482737099,0.0270877892
2,2024,1,PANTHER TRACE,,Non-Point Source,0.0204945776,0.0040849076,0.6962339394,0.1230564779
2,2024,1,PANTHER TRACE II,,Non-Point Source,0.0462389901,0.0053974245,1.4533882562,0.2805782751
2,2024,1,PASCO,,Non-Point Source,0.7288652565,0.056123741,61.731707968,13.388756783
2,2024,1,POLK,,Non-Point Source,1.5864397272,0.9201524895,154.89825326,24.656684958
2,2024,1,RIVERCREST,,Non-Point Source,0.0251441641,0.005577963,0.8007207672,0.1484312608
2,2024,1,SAN ANTONIO,,Non-Point Source,0.0053464636,0.0004166465,0.5113476231,0.0974330339
2,2024,1,SPRING LAKE,,Non-Point Source,0.0219231591,0.0045612033,0.8231925973,0.142503096
2,2024,1,ST. LEO,,Non-Point Source,0.0001172103,8.513114E-6,0.019247171,0.0041694675
2,2024,1,STONE CREST,,Non-Point Source,0.0019380587,0.0003833948,0.0641168695,0.0113519563
2,2024,1,STONE DAIRY CREEK,,Non-Point Source,0.0142550149,0.0028611687,0.5013236051,0.0880363053
2,2024,1,STONELAKE RANCH,,Non-Point Source,0.0043495799,0.0003642329,0.2234909901,0.0499047826
2,2024,1,TEMPLE TERRACE,,Non-Point Source,0.0332988793,0.0026384162,3.9615160716,0.7287721262
2,2024,1,Tampa,,Non-Point Source,1.7735874285,0.3267995594,77.753121009,14.379398057
2,2024,1,ZEPHYRHILLS,,Non-Point Source,0.0302538601,0.002395355,4.0731684387,0.7564404232
2,2024,1,Lakeland,City of Lakeland,PS - Domestic - REUSE,0,0,0,0
2,2024,1,Zephyrhills,City of Zephyrhills WWTF,PS - Domestic - REUSE,0.0418640558,0.0244206992,0.0116289044,0.0232578088
2,2024,1,Hillsborough Co.,Falkenburg AWTP,PS - Domestic - REUSE,0,0,0,0
2,2024,1,Tampa,Howard F. Curren,PS - Domestic - REUSE,0.3930401521,0.0441419758,0.0158911113,0.0547360499
2,2024,1,Polk Co.,NW Regional WWTP,PS - Domestic - REUSE,0.0185519184,0.0007898342,0.0009918847,0.0023878707
2,2024,1,Pasco Co.,Pasco Reuse,PS - Domestic - REUSE,0.107762749,0,0,0
2,2024,1,Plant City,Plant City WRF,PS - Domestic - REUSE,0.0495166251,0.0023107758,0.0330110834,0.0181560959
2,2024,1,Polk Co.,Southwest Regional WWTF,PS - Domestic - REUSE,0.0223322825,0.0029062559,0.0020190831,0.0030592168
2,2024,1,Hillsborough Co.,Valrico AWTP,PS - Domestic - REUSE,0.5436157076,0.0093348152,0.0411830081,0.0323972997
2,2024,1,Lakeland,City of Lakeland,PS - Domestic - SW,1.2742714117,3.0774856736,6.6959356258,2.3441785404
2,2024,1,Mulberry,City of Mulberry,PS - Domestic - SW,0.0707823857,0.1376324167,0.0589853214,0.0393235476
2,2024,1,Hillsborough Co.,Falkenburg AWTP,PS - Domestic - SW,2.5014782285,0.1409283509,0.7633619007,0.7516178715
2,2024,1,Tampa,Howard F. Curren,PS - Domestic - SW,26.461824161,17.831417898,6.4193104434,22.110958194
2,2024,1,Plant City,Plant City WRF,PS - Domestic - SW,0.1557419452,0.0436077447,0.6229677809,0.3426322795
2,2024,1,Hillsborough Co.,Valrico AWTP,PS - Domestic - SW,0,0,0,0
2,2024,1,Alpha/Owens Corning,Alpha/Owens Corning,PS - Industrial,0,0,0,0
2,2024,1,Cytech Brewster,Brewster Phosphogypsum,PS - Industrial,0.0108294981,0.0502798124,0.0464121345,0.3712970761
2,2024,1,Busch Gardens,Busch Gardens,PS - Industrial,0.5870591729,0.0812018323,0.6014950542,1.1548705041
2,2024,1,CSX,CSX - Rockport Newport,PS - Industrial,0.6697183216,0,0,0.1691246364
2,2024,1,CSX,CSX Winston Yard,PS - Industrial,0.0001552245,0,0,0.0496718496
2,2024,1,Coronet,Coronet Industries,PS - Industrial,0,0,0,0
2,2024,1,Estech Agricola,Estech Agricola,PS - Industrial,0.2596828777,0.189826665,2.9612959735,0.7289343935
2,2024,1,Kerry,Kerry I and F,PS - Industrial,0.0031044906,0.0232836795,0,0.3104490603
2,2024,1,Kinder Morgan,Kinder Morgan Port Sutton,PS - Industrial,0,0,0,0
2,2024,1,Kinder Morgan,Kinder Morgan Tampaplex,PS - Industrial,0,0,0,0
2,2024,1,Lowry Park Zoo,Lowry Park Zoo,PS - Industrial,0.0123706189,0.0018696795,0.0640301187,0.1229378279
2,2024,1,Mosaic,Mosaic - Bartow,PS - Industrial,0.4655054305,0.2020117906,1.0514650963,1.2045423538
2,2024,1,Mosaic,Mosaic - Black Point,PS - Industrial,0.000582092,0.0002173143,0.0031821029,0.0009507502
2,2024,1,Mosaic,Mosaic - Bonnie,PS - Industrial,0.4065718505,1.1184056749,3.2026183763,4.7064077534
2,2024,1,Mosaic,Mosaic - Ft. Lonesome,PS - Industrial,0,0,0,0
2,2024,1,Mosaic,Mosaic - Green Bay,PS - Industrial,0.3923299999,1.8439509995,3.4437855546,4.1848533322
2,2024,1,Mosaic,Mosaic - Hookers Prairie,PS - Industrial,0,0,0,0
2,2024,1,Mosaic,Mosaic - Mulberry Phospho Stack,PS - Industrial,0.2516707048,0.3278600784,0.3332670662,0.4718825716
2,2024,1,Mosaic,Mosaic - Mulberry Plant,PS - Industrial,0,0,0,0
2,2024,1,Mosaic,Mosaic - New Wales Chemical Plant,PS - Industrial,0.6897143289,0.2165382195,3.9297676877,7.6991366943
2,2024,1,Mosaic,Mosaic - Nichols Mine,PS - Industrial,0,0,0,0
2,2024,1,Mosaic,Mosaic - Plant City,PS - Industrial,1.3979133122,0.4111509742,7.5904795232,6.0723836185
2,2024,1,Mosaic,Mosaic - Port Sutton,PS - Industrial,0,0,0,0
2,2024,1,Mosaic,Mosaic - Riverview,PS - Industrial,0.2598976049,0.5234947279,0.5431306309,0.0884779822
2,2024,1,Mosaic,Mosaic - Riverview Stack Closure,PS - Industrial,0,0,0,0
2,2024,1,Mosaic,Mosaic - South Pierce,PS - Industrial,0.1601917151,1.3349309591,3.1860352224,8.5435581382
2,2024,1,Mosaic,Mosaic - Tampa Ammonia Terminal,PS - Industrial,0,0,0,0
2,2024,1,Mosaic,Mosaic - Tampa Marine Terminal,PS - Industrial,0,0,0,0
2,2024,1,TECO,TECO - Bayside (fka Gannon),PS - Industrial,0.014067223,0.0112537784,0.1458489685,0.108036273
2,2024,1,Trademark Nitrogen,Trademark Nitrogen Corporation,PS - Industrial,0.0055999836,0.0027249847,0.0310656026,0.0224475548
2,2024,1,Springs,,Springs,10.501671869,0.5549379635,26.802144531,0
2,2024,2,Atmospheric Deposition,,Atmospheric Deposition,3.0617205666,0.0599587377,0,0
2,2024,2,Ground Water,,Ground Water,1.7256819188,0.2053736832,0,0
2,2024,2,CSX,CSX Newport,Material Losses,0.0888935833,0,0,0
2,2024,2,CSX,CSX Rockport,Material Losses,0.03570925,0,0,0
2,2024,2,Kinder Morgan,Kinder Morgan Port Sutton,Material Losses,0.011792,0,0,0
2,2024,2,Kinder Morgan,Kinder Morgan Tampaplex,Material Losses,0.007782,0,0,0
2,2024,2,Mosaic,Mosaic All,Material Losses,0.185,0,0,0
2,2024,2,ALAFIA PRESERVE,,Non-Point Source,0.0113680025,0.0007102901,0.4875325484,0.0682992817
2,2024,2,BLOOMINGDALE,,Non-Point Source,0.0072814958,0.0013832301,0.2372967519,0.0448546725
2,2024,2,CITY OF PLANT CITY,,Non-Point Source,0.2562988497,0.0190673162,19.410380308,2.5878264581
2,2024,2,Conservation,,Non-Point Source,1.6979186537,0.1907226787,44.028788402,9.9403002726
2,2024,2,DONALDSON KNOLL,,Non-Point Source,0.0016390927,0.0001018261,0.1318649855,0.0150987002
2,2024,2,EAGLE RIDGE,,Non-Point Source,0.0248998305,0.0024345522,1.1207234674,0.1477467924
2,2024,2,FDACS (Agriculture),,Non-Point Source,4.1270315171,0.5726790236,46.872518364,14.777024949
2,2024,2,HILLSBOROUGH,,Non-Point Source,7.134833407,1.1651504233,295.17078353,52.848490879
2,2024,2,LAKE ST. CHARLES,,Non-Point Source,0.0226733596,0.0045123746,0.7370157069,0.1337190876
2,2024,2,LIVE OAK I,,Non-Point Source,0.0045920142,0.0003719376,0.3485811064,0.0721107611
2,2024,2,LIVE OAK II,,Non-Point Source,0.0039918269,0.0003382975,0.3489273515,0.0673438845
2,2024,2,Lakeland,,Non-Point Source,0.3452830679,0.0252035926,24.422942257,3.3203156998
2,2024,2,MAGNOLIA PARK,,Non-Point Source,0.0221186425,0.004391828,0.7632477756,0.1362772408
2,2024,2,MSGP COT,,Non-Point Source,0.1418170304,0.0171701362,7.5493265197,1.7507345686
2,2024,2,MacDill AFB,,Non-Point Source,0.0431809619,0.0063979996,0.8879332488,0.3467693599
2,2024,2,Mulberry,,Non-Point Source,0.0572242213,0.0040905364,3.6767518172,0.3834117921
2,2024,2,None,,Non-Point Source,0.0012338007,0.0001048522,0.0195692865,0.0061381529
2,2024,2,PALM RIVER,,Non-Point Source,0.0034253424,0.000694252,0.1250568993,0.0228463625
2,2024,2,PANTHER TRACE,,Non-Point Source,0.0218482605,0.004372504,0.7452520459,0.1317202261
2,2024,2,PANTHER TRACE II,,Non-Point Source,0.0267411857,0.0041792272,1.351450834,0.2624935265
2,2024,2,PASCO,,Non-Point Source,0.7344721642,0.0594707073,48.498206848,10.752855516
2,2024,2,POLK,,Non-Point Source,1.8894473369,0.136081745,97.724117602,12.841088219
2,2024,2,RIVERCREST,,Non-Point Source,0.0263467207,0.0058767793,0.8443144693,0.1565762023
2,2024,2,SAN ANTONIO,,Non-Point Source,0.0053875921,0.0004414934,0.4017294128,0.0782509797
2,2024,2,SPRING LAKE,,Non-Point Source,0.0207273282,0.0046416187,0.8454248974,0.1465097519
2,2024,2,ST. LEO,,Non-Point Source,0.0001181119,9.0207977E-6,0.0151211316,0.0033486068
2,2024,2,STONE CREST,,Non-Point Source,0.002066069,0.0004103876,0.0686309952,0.0121511868
2,2024,2,STONE DAIRY CREEK,,Non-Point Source,0.0151965698,0.0030626082,0.5366191178,0.0942344705
2,2024,2,STONELAKE RANCH,,Non-Point Source,0.0043830397,0.0003859541,0.1755809555,0.0400798167
2,2024,2,TEMPLE TERRACE,,Non-Point Source,0.033555036,0.0027957595,3.1122810659,0.5852956704
2,2024,2,Tampa,,Non-Point Source,1.8338980948,0.3397596934,78.057649649,14.45979771
2,2024,2,ZEPHYRHILLS,,Non-Point Source,0.0304865925,0.0025382032,3.1999983796,0.6075167926
2,2024,2,Lakeland,City of Lakeland,PS - Domestic - REUSE,0,0,0,0
2,2024,2,Zephyrhills,City of Zephyrhills WWTF,PS - Domestic - REUSE,0.0442648618,0.0331986464,0.012172837,0.0320920248
2,2024,2,Hillsborough Co.,Falkenburg AWTP,PS - Domestic - REUSE,0,0,0,0
2,2024,2,Tampa,Howard F. Curren,PS - Domestic - REUSE,0.3148444181,0.0465640209,0.014327391,0.0537277164
2,2024,2,Polk Co.,NW Regional WWTP,PS - Domestic - REUSE,0.0167978979,0.0012685912,0.00077282,0.0030621168
2,2024,2,Pasco Co.,Pasco Reuse,PS - Domestic - REUSE,0.107762749,0,0,0
2,2024,2,Plant City,Plant City WRF,PS - Domestic - REUSE,0.0589349486,0.0007555763,0.0217228176,0.011333644
2,2024,2,Polk Co.,Southwest Regional WWTF,PS - Domestic - REUSE,0.0253439931,0.0191943477,0.0035407049,0.0065223512
2,2024,2,Hillsborough Co.,Valrico AWTP,PS - Domestic - REUSE,0.5903514352,0.010467224,0.0429156185,0.0434389797
2,2024,2,Lakeland,City of Lakeland,PS - Domestic - SW,1.5672522019,3.0785311108,10.033212757,3.3583975754
2,2024,2,Mulberry,City of Mulberry,PS - Domestic - SW,0.0801559445,0.1001949306,0.0500974653,0.0307264454
2,2024,2,Hillsborough Co.,Falkenburg AWTP,PS - Domestic - SW,1.733459425,0.1083412141,0.4333648562,0.3791942492
2,2024,2,Tampa,Howard F. Curren,PS - Domestic - SW,19.567864227,17.363975082,5.3427615637,20.035355864
2,2024,2,Plant City,Plant City WRF,PS - Domestic - SW,0.4686605777,0.0360508137,1.036460893,0.540762205
2,2024,2,Hillsborough Co.,Valrico AWTP,PS - Domestic - SW,0,0,0,0
2,2024,2,Alpha/Owens Corning,Alpha/Owens Corning,PS - Industrial,0,0,0,0
2,2024,2,Cytech Brewster,Brewster Phosphogypsum,PS - Industrial,0.0006135124,0.0245404975,0.0327206633,0.1963239799
2,2024,2,Busch Gardens,Busch Gardens,PS - Industrial,0.4862116317,0.0883482111,0.5929410143,1.1384467474
2,2024,2,CSX,CSX - Rockport Newport,PS - Industrial,0.1141613787,0,0,0.0925739069
2,2024,2,CSX,CSX Winston Yard,PS - Industrial,0.0001089075,0,0,0.0348504106
2,2024,2,Coronet,Coronet Industries,PS - Industrial,0,0,0,0
2,2024,2,Estech Agricola,Estech Agricola,PS - Industrial,0.2429291436,0.1775797834,2.7702446204,0.6819063681
2,2024,2,Kerry,Kerry I and F,PS - Industrial,0.0012100837,0.0024201674,0,0.1210083703
2,2024,2,Kinder Morgan,Kinder Morgan Port Sutton,PS - Industrial,1.5508432733,0.0436174671,0.2423192614,0.2520120319
2,2024,2,Kinder Morgan,Kinder Morgan Tampaplex,PS - Industrial,0,0,0,0
2,2024,2,Lowry Park Zoo,Lowry Park Zoo,PS - Industrial,0.0116168035,0.0047193264,0.0605041851,0.1161680354
2,2024,2,Mosaic,Mosaic - Bartow,PS - Industrial,0.571946062,0.2669081623,1.3892486956,1.5915020857
2,2024,2,Mosaic,Mosaic - Black Point,PS - Industrial,0.002182991,0.0002710587,0.0039690745,0.001185882
2,2024,2,Mosaic,Mosaic - Bonnie,PS - Industrial,0.5606922836,0.9330229381,5.3202298052,4.902291096
2,2024,2,Mosaic,Mosaic - Ft. Lonesome,PS - Industrial,0,0,0,0
2,2024,2,Mosaic,Mosaic - Green Bay,PS - Industrial,0.351795534,1.6174946836,3.0208529552,3.6709099202
2,2024,2,Mosaic,Mosaic - Hookers Prairie,PS - Industrial,0,0,0,0
2,2024,2,Mosaic,Mosaic - Mulberry Phospho Stack,PS - Industrial,0,0,0,0
2,2024,2,Mosaic,Mosaic - Mulberry Plant,PS - Industrial,0,0,0,0
2,2024,2,Mosaic,Mosaic - New Wales Chemical Plant,PS - Industrial,0.6074136154,0.1842715462,3.3441873205,6.5518771994
2,2024,2,Mosaic,Mosaic - Nichols Mine,PS - Industrial,0,0,0,0
2,2024,2,Mosaic,Mosaic - Plant City,PS - Industrial,0.6100515978,0.2178755707,4.0223182274,3.217854582
2,2024,2,Mosaic,Mosaic - Port Sutton,PS - Industrial,0,0,0,0
2,2024,2,Mosaic,Mosaic - Riverview,PS - Industrial,0.33048596,0.7990182688,0.7945167575,0.1350453412
2,2024,2,Mosaic,Mosaic - Riverview Stack Closure,PS - Industrial,0,0,0,0
2,2024,2,Mosaic,Mosaic - South Pierce,PS - Industrial,0.561478838,1.684436514,4.0201884801,10.78039369
2,2024,2,Mosaic,Mosaic - Tampa Ammonia Terminal,PS - Industrial,0,0,0,0
2,2024,2,Mosaic,Mosaic - Tampa Marine Terminal,PS - Industrial,0,0,0,0
2,2024,2,TECO,TECO - Bayside (fka Gannon),PS - Industrial,0.0114766759,0.0119798287,0.1552585794,0.1150063551
2,2024,2,Trademark Nitrogen,Trademark Nitrogen Corporation,PS - Industrial,0.0004453108,0.0029686645,0.0222655401,0.0244549107
2,2024,2,Springs,,Springs,9.8900018561,0.5002935645,24.522328634,0
2,2024,3,Atmospheric Deposition,,Atmospheric Deposition,3.864158397,0.0647333956,0,0
2,2024,3,Ground Water,,Ground Water,1.7256819188,0.2053736832,0,0
2,2024,3,CSX,CSX Newport,Material Losses,0.0888935833,0,0,0
2,2024,3,CSX,CSX Rockport,Material Losses,0.03570925,0,0,0
2,2024,3,Kinder Morgan,Kinder Morgan Port Sutton,Material Losses,0.011792,0,0,0
2,2024,3,Kinder Morgan,Kinder Morgan Tampaplex,Material Losses,0.007782,0,0,0
2,2024,3,Mosaic,Mosaic All,Material Losses,0.185,0,0,0
2,2024,3,ALAFIA PRESERVE,,Non-Point Source,0.0123982856,0,0.4052165754,0.0389072445
2,2024,3,BLOOMINGDALE,,Non-Point Source,0.0057511527,0.0010775592,0.1848581125,0.0349425352
2,2024,3,CITY OF PLANT CITY,,Non-Point Source,0.2650182007,0,16.969925315,1.94359871
2,2024,3,Conservation,,Non-Point Source,1.597225129,0,36.99910016,7.4421031751
2,2024,3,DONALDSON KNOLL,,Non-Point Source,0.0017876438,0,0.1096006369,0.0086010981
2,2024,3,EAGLE RIDGE,,Non-Point Source,0.0271565045,0,0.9314982701,0.0841651689
2,2024,3,FDACS (Agriculture),,Non-Point Source,4.0095697951,0,39.80701362,11.099313745
2,2024,3,HILLSBOROUGH,,Non-Point Source,6.0866902753,0,227.81828784,36.956905196
2,2024,3,LAKE ST. CHARLES,,Non-Point Source,0.0179759692,0.0035214077,0.575292509,0.1043967381
2,2024,3,LIVE OAK I,,Non-Point Source,0.0041457008,0.0002078391,0.3245877488,0.0640918717
2,2024,3,LIVE OAK II,,Non-Point Source,0.0036038478,0.000189041,0.3249101613,0.0598550833
2,2024,3,Lakeland,,Non-Point Source,0.3626886812,0,21.159840806,2.3461726808
2,2024,3,MAGNOLIA PARK,,Non-Point Source,0.0174699944,0.003421307,0.594582699,0.1061622349
2,2024,3,MSGP COT,,Non-Point Source,0.1191830065,0.0122404779,6.736546245,1.4869643991
2,2024,3,MacDill AFB,,Non-Point Source,0.0341056719,0.004984148,0.6917147543,0.2701390932
2,2024,3,Mulberry,,Non-Point Source,0.0624104576,0,3.0559616684,0.2184136637
2,2024,3,None,,Non-Point Source,0.0009744943,0.0000816816,0.0152447993,0.0047817231
2,2024,3,PALM RIVER,,Non-Point Source,0.001192349,0.0002378436,0.0428432103,0.0078269293
2,2024,3,PANTHER TRACE,,Non-Point Source,0.0172564382,0.0034062533,0.5805637266,0.1026122448
2,2024,3,PANTHER TRACE II,,Non-Point Source,0.0213339968,0.0031366263,0.98408704,0.1921586441
2,2024,3,PASCO,,Non-Point Source,0.6630863247,0.0332322893,45.160002916,9.5571122258
2,2024,3,POLK,,Non-Point Source,2.0193349785,0,82.606323281,8.2332174218
2,2024,3,RIVERCREST,,Non-Point Source,0.0213684255,0.004633994,0.6653417063,0.1233475104
2,2024,3,SAN ANTONIO,,Non-Point Source,0.0048639537,0.0002467069,0.374077778,0.0695492834
2,2024,3,SPRING LAKE,,Non-Point Source,0.0167531106,0.0036398407,0.6550435825,0.1135988603
2,2024,3,ST. LEO,,Non-Point Source,0.0001066322,5.0408305E-6,0.0140803216,0.0029762337
2,2024,3,STONE CREST,,Non-Point Source,0.0016318458,0.0003196987,0.0534646856,0.0094659764
2,2024,3,STONE DAIRY CREEK,,Non-Point Source,0.0120027253,0.0023858227,0.418035209,0.0734102183
2,2024,3,STONELAKE RANCH,,Non-Point Source,0.0039570372,0.0002156715,0.1634954564,0.035622845
2,2024,3,TEMPLE TERRACE,,Non-Point Source,0.0302937083,0.0015622731,2.8980581169,0.5202093899
2,2024,3,Tampa,,Non-Point Source,1.5571796513,0.2825570841,66.035202376,12.19991555
2,2024,3,ZEPHYRHILLS,,Non-Point Source,0.0275234973,0.0014183504,2.979737717,0.53995947
2,2024,3,Lakeland,City of Lakeland,PS - Domestic - REUSE,0,0,0,0
2,2024,3,Zephyrhills,City of Zephyrhills WWTF,PS - Domestic - REUSE,0.0269790582,0.0337238227,0.0151175757,0.0244206992
2,2024,3,Hillsborough Co.,Falkenburg AWTP,PS - Domestic - REUSE,0,0,0,0
2,2024,3,Tampa,Howard F. Curren,PS - Domestic - REUSE,0.3304070542,0.0529121617,0.0235165163,0.0470330326
2,2024,3,Polk Co.,NW Regional WWTP,PS - Domestic - REUSE,0.0192292148,0.0031416151,0.0020241279,0.0044277797
2,2024,3,Pasco Co.,Pasco Reuse,PS - Domestic - REUSE,0.107762749,0,0,0
2,2024,3,Plant City,Plant City WRF,PS - Domestic - REUSE,0.0602096549,0.0008821927,0.0187465959,0.0176438549
2,2024,3,Polk Co.,Southwest Regional WWTF,PS - Domestic - REUSE,0.041538731,0.0198638891,0.0032257598,0.0074135882
2,2024,3,Hillsborough Co.,Valrico AWTP,PS - Domestic - REUSE,0.6910130408,0.0129767707,0.0340640231,0.071372239
2,2024,3,Lakeland,City of Lakeland,PS - Domestic - SW,0.8513390768,1.6722731866,5.45009034,1.8242980217
2,2024,3,Mulberry,City of Mulberry,PS - Domestic - SW,0.0771207207,0.0595932842,0.0525823096,0.2734280098
2,2024,3,Hillsborough Co.,Falkenburg AWTP,PS - Domestic - SW,1.2803695367,0.1896843758,0.5769566431,1.1855273488
2,2024,3,Tampa,Howard F. Curren,PS - Domestic - SW,19.628141834,18.85978041,8.3821246268,16.764249254
2,2024,3,Plant City,Plant City WRF,PS - Domestic - SW,0.3939818476,0.0346357668,0.736010045,0.6927153364
2,2024,3,Hillsborough Co.,Valrico AWTP,PS - Domestic - SW,0,0,0,0
2,2024,3,Alpha/Owens Corning,Alpha/Owens Corning,PS - Industrial,0,0,0,0
2,2024,3,Cytech Brewster,Brewster Phosphogypsum,PS - Industrial,0.0028134446,0.0253210015,0.0206319271,0.1800604549
2,2024,3,Busch Gardens,Busch Gardens,PS - Industrial,0.5350072138,0.0911944114,0.607962743,1.1672884666
2,2024,3,CSX,CSX - Rockport Newport,PS - Industrial,0.0705667989,0,0,0.0298031098
2,2024,3,CSX,CSX Winston Yard,PS - Industrial,0.0029880722,0,0,0.0869257369
2,2024,3,Coronet,Coronet Industries,PS - Industrial,0,0,0,0
2,2024,3,Estech Agricola,Estech Agricola,PS - Industrial,0.2596828777,0.189826665,2.9612959735,0.7289343935
2,2024,3,Kerry,Kerry I and F,PS - Industrial,0.0033631982,0.0067263963,0,0.3363198153
2,2024,3,Kinder Morgan,Kinder Morgan Port Sutton,PS - Industrial,0,0,0,0
2,2024,3,Kinder Morgan,Kinder Morgan Tampaplex,PS - Industrial,0,0,0,0
2,2024,3,Lowry Park Zoo,Lowry Park Zoo,PS - Industrial,0.0133945834,0.0019661774,0.0614430432,0.1179706429
2,2024,3,Mosaic,Mosaic - Bartow,PS - Industrial,0.3764194856,0.2082595779,1.0839846354,1.241796241
2,2024,3,Mosaic,Mosaic - Black Point,PS - Industrial,0.0004320416,0.0001448762,0.0021214019,0.0006338335
2,2024,3,Mosaic,Mosaic - Bonnie,PS - Industrial,0.2906061912,1.0584631356,3.0409261574,4.8181694151
2,2024,3,Mosaic,Mosaic - Ft. Lonesome,PS - Industrial,0,0,0,0
2,2024,3,Mosaic,Mosaic - Green Bay,PS - Industrial,0.7948272065,2.5279090854,4.7211540838,5.7370986335
2,2024,3,Mosaic,Mosaic - Hookers Prairie,PS - Industrial,0,0,0,0
2,2024,3,Mosaic,Mosaic - Mulberry Phospho Stack,PS - Industrial,0.4925791756,2.4158111039,2.4556520666,3.4770294748
2,2024,3,Mosaic,Mosaic - Mulberry Plant,PS - Industrial,0,0,0,0
2,2024,3,Mosaic,Mosaic - New Wales Chemical Plant,PS - Industrial,0.7280418524,0.2692757536,4.8868562697,9.5742490182
2,2024,3,Mosaic,Mosaic - Nichols Mine,PS - Industrial,0,0,0,0
2,2024,3,Mosaic,Mosaic - Plant City,PS - Industrial,0.7284687199,0.3035286333,5.6036055376,4.4828844301
2,2024,3,Mosaic,Mosaic - Port Sutton,PS - Industrial,0,0,0,0
2,2024,3,Mosaic,Mosaic - Riverview,PS - Industrial,0.1536722848,0.4959423738,0.5350589553,0.0838212463
2,2024,3,Mosaic,Mosaic - Riverview Stack Closure,PS - Industrial,0,0,0,0
2,2024,3,Mosaic,Mosaic - South Pierce,PS - Industrial,0.1815609587,1.2379156278,2.9544919649,7.9226600177
2,2024,3,Mosaic,Mosaic - Tampa Ammonia Terminal,PS - Industrial,0,0,0,0
2,2024,3,Mosaic,Mosaic - Tampa Marine Terminal,PS - Industrial,0,0,0,0
2,2024,3,TECO,TECO - Bayside (fka Gannon),PS - Industrial,0.0306781881,0.0210846653,0.2732572628,0.2024127873
2,2024,3,Trademark Nitrogen,Trademark Nitrogen Corporation,PS - Industrial,0.0038659963,0.0042599445,0.0456890469,0.0350920636
2,2024,3,Springs,,Springs,9.5264077405,0.5284912751,25.098335472,0
2,2024,4,Atmospheric Deposition,,Atmospheric Deposition,3.0016244171,0.0478650985,0,0
2,2024,4,Ground Water,,Ground Water,1.7256819188,0.2053736832,0,0
2,2024,4,CSX,CSX Newport,Material Losses,0.0888935833,0,0,0
2,2024,4,CSX,CSX Rockport,Material Losses,0.03570925,0,0,0
2,2024,4,Kinder Morgan,Kinder Morgan Port Sutton,Material Losses,0.011792,0,0,0
2,2024,4,Kinder Morgan,Kinder Morgan Tampaplex,Material Losses,0.007782,0,0,0
2,2024,4,Mosaic,Mosaic All,Material Losses,0.185,0,0,0
2,2024,4,ALAFIA PRESERVE,,Non-Point Source,0.004816182,0,0.2007906839,0
2,2024,4,BLOOMINGDALE,,Non-Point Source,0.0043016925,0.0007994598,0.1371494299,0.025924471
2,2024,4,CITY OF PLANT CITY,,Non-Point Source,0.0839108658,0,6.5781080479,0.1933743766
2,2024,4,Conservation,,Non-Point Source,0.7294909981,0,17.828115016,2.1481206822
2,2024,4,DONALDSON KNOLL,,Non-Point Source,0.00069442,0,0.0543087035,0
2,2024,4,EAGLE RIDGE,,Non-Point Source,0.0105490931,0,0.4615708884,0
2,2024,4,FDACS (Agriculture),,Non-Point Source,1.5252312986,0,16.849884775,2.3020674793
2,2024,4,HILLSBOROUGH,,Non-Point Source,3.4433062566,0,130.68222845,17.566646549
2,2024,4,LAKE ST. CHARLES,,Non-Point Source,0.0134722047,0.0026143699,0.4271479432,0.077518966
2,2024,4,LIVE OAK I,,Non-Point Source,0.0004787734,0,0.0845709402,0.0111111405
2,2024,4,LIVE OAK II,,Non-Point Source,0.0004161965,0,0.0846549444,0.0103766393
2,2024,4,Lakeland,,Non-Point Source,0.1226671026,0,8.6024572593,0.1630906044
2,2024,4,MAGNOLIA PARK,,Non-Point Source,0.0130670402,0.0025383268,0.4411311849,0.0787635977
2,2024,4,MSGP COT,,Non-Point Source,0.0533177668,0.0045661498,2.490741855,0.5405558539
2,2024,4,MacDill AFB,,Non-Point Source,0.0255100359,0.0036978256,0.5131951362,0.200420864
2,2024,4,Mulberry,,Non-Point Source,0.0242436845,0,1.5142732814,0
2,2024,4,None,,Non-Point Source,0.000728893,0.000060601,0.0113103802,0.0035476431
2,2024,4,PALM RIVER,,Non-Point Source,0.0009995516,0.0001975235,0.0355802716,0.0065000795
2,2024,4,PANTHER TRACE,,Non-Point Source,0.0129073065,0.0025271582,0.4307302669,0.0761297986
2,2024,4,PANTHER TRACE II,,Non-Point Source,0.0133762833,0.0021173646,0.56512018,0.1124232494
2,2024,4,PASCO,,Non-Point Source,0.0765776619,0,11.76638342,1.6568468588
2,2024,4,POLK,,Non-Point Source,0.7301634263,0,37.908923244,0.1465272789
2,2024,4,RIVERCREST,,Non-Point Source,0.0162030233,0.0034540725,0.4958107164,0.0919072616
2,2024,4,SAN ANTONIO,,Non-Point Source,0.000561722,0,0.0974655067,0.0120572521
2,2024,4,SPRING LAKE,,Non-Point Source,0.0124036919,0.0026877522,0.4660197546,0.0809810908
2,2024,4,ST. LEO,,Non-Point Source,0.0000123146,0,0.0036686105,0.0005159679
2,2024,4,STONE CREST,,Non-Point Source,0.0012205725,0.00023719,0.0396663747,0.0070229716
2,2024,4,STONE DAIRY CREEK,,Non-Point Source,0.0089776842,0.0017700831,0.3101475496,0.0544643102
2,2024,4,STONELAKE RANCH,,Non-Point Source,0.0004569852,0,0.0425985408,0.0061756729
2,2024,4,TEMPLE TERRACE,,Non-Point Source,0.0034985209,0,0.755085491,0.0901849087
2,2024,4,Tampa,,Non-Point Source,1.1842395203,0.2157680453,47.497236515,8.6961152697
2,2024,4,ZEPHYRHILLS,,Non-Point Source,0.0031785983,0,0.7763670108,0.0936088361
2,2024,4,Lakeland,City of Lakeland,PS - Domestic - REUSE,0,0,0,0
2,2024,4,Zephyrhills,City of Zephyrhills WWTF,PS - Domestic - REUSE,0.0287846366,0.0447034129,0.0109032714,0.0239871971
2,2024,4,Hillsborough Co.,Falkenburg AWTP,PS - Domestic - REUSE,0.0766893801,0.0027857253,0.0040966549,0.0169601514
2,2024,4,Tampa,Howard F. Curren,PS - Domestic - REUSE,0.367765718,0.0615139791,0.0109846391,0.0417416287
2,2024,4,Polk Co.,NW Regional WWTP,PS - Domestic - REUSE,0.0195271207,0.0034741503,0.001098151,0.00419294
2,2024,4,Pasco Co.,Pasco Reuse,PS - Domestic - REUSE,0.107762749,0,0,0
2,2024,4,Plant City,Plant City WRF,PS - Domestic - REUSE,0.0385307342,0.0015697707,0.0214059634,0.018551835
2,2024,4,Polk Co.,Southwest Regional WWTF,PS - Domestic - REUSE,0.0527763402,0.0230896489,0.0046179298,0.0073886876
2,2024,4,Hillsborough Co.,Valrico AWTP,PS - Domestic - REUSE,0.6343676039,0.0118621584,0.0340392373,0.1531765678
2,2024,4,Lakeland,City of Lakeland,PS - Domestic - SW,0,0,0,0
2,2024,4,Mulberry,City of Mulberry,PS - Domestic - SW,0.0757095128,0.1293370843,0.0757095128,0.0201892034
2,2024,4,Hillsborough Co.,Falkenburg AWTP,PS - Domestic - SW,0.8574214983,0.1825478029,0.2710558285,1.0289057979
2,2024,4,Tampa,Howard F. Curren,PS - Domestic - SW,18.475599698,18.541820486,3.3110393725,12.581949615
2,2024,4,Plant City,Plant City WRF,PS - Domestic - SW,0.1413920216,0.0345624942,0.4713067387,0.4084658402
2,2024,4,Hillsborough Co.,Valrico AWTP,PS - Domestic - SW,0,0,0,0
2,2024,4,Alpha/Owens Corning,Alpha/Owens Corning,PS - Industrial,0.0074357557,0.0125181073,0.0250362145,0.0751086436
2,2024,4,Cytech Brewster,Brewster Phosphogypsum,PS - Industrial,0.001051521,0.0072292069,0.0052576051,0.0420608404
2,2024,4,Busch Gardens,Busch Gardens,PS - Industrial,0.4212593458,0.070602125,0.5883510416,1.1296339999
2,2024,4,CSX,CSX - Rockport Newport,PS - Industrial,0.0722645296,0,0,0.1712877654
2,2024,4,CSX,CSX Winston Yard,PS - Industrial,0.0001251811,0,0,0.0600869149
2,2024,4,Coronet,Coronet Industries,PS - Industrial,0,0,0,0
2,2024,4,Estech Agricola,Estech Agricola,PS - Industrial,0,0,0,0
2,2024,4,Kerry,Kerry I and F,PS - Industrial,0.00350507,0.0070101401,0,0.3505070035
2,2024,4,Kinder Morgan,Kinder Morgan Port Sutton,PS - Industrial,0.2066389003,0.0036252439,0.1033194501,1.314150901
2,2024,4,Kinder Morgan,Kinder Morgan Tampaplex,PS - Industrial,0,0,0,0
2,2024,4,Lowry Park Zoo,Lowry Park Zoo,PS - Industrial,0.0023959657,0.0023959657,0.0544537666,0.1045512319
2,2024,4,Mosaic,Mosaic - Bartow,PS - Industrial,1.4243978717,0.8525206593,4.4373435558,5.0833529995
2,2024,4,Mosaic,Mosaic - Black Point,PS - Industrial,0.0015522453,0.0001402028,0.0020529696,0.0006133873
2,2024,4,Mosaic,Mosaic - Bonnie,PS - Industrial,0.1866574975,0.6880202117,1.9933458471,3.1485543401
2,2024,4,Mosaic,Mosaic - Ft. Lonesome,PS - Industrial,0,0,0,0
2,2024,4,Mosaic,Mosaic - Green Bay,PS - Industrial,0.4145997127,1.9062573748,3.5601497071,4.3262578719
2,2024,4,Mosaic,Mosaic - Hookers Prairie,PS - Industrial,0,0,0,0
2,2024,4,Mosaic,Mosaic - Mulberry Phospho Stack,PS - Industrial,0,0,0,0
2,2024,4,Mosaic,Mosaic - Mulberry Plant,PS - Industrial,0,0,0,0
2,2024,4,Mosaic,Mosaic - New Wales Chemical Plant,PS - Industrial,0.4696793847,0.1811620484,3.2877556929,6.441317276
2,2024,4,Mosaic,Mosaic - Nichols Mine,PS - Industrial,0,0,0,0
2,2024,4,Mosaic,Mosaic - Plant City,PS - Industrial,0.4688531896,0.2497988305,4.6116707176,3.6893365741
2,2024,4,Mosaic,Mosaic - Port Sutton,PS - Industrial,0,0,0,0
2,2024,4,Mosaic,Mosaic - Riverview,PS - Industrial,0.4054364582,0.7865752702,0.8451224579,0.1329422992
2,2024,4,Mosaic,Mosaic - Riverview Stack Closure,PS - Industrial,0,0,0,0
2,2024,4,Mosaic,Mosaic - South Pierce,PS - Industrial,0.3881614702,1.5322163296,3.6568896401,9.8061845097
2,2024,4,Mosaic,Mosaic - Tampa Ammonia Terminal,PS - Industrial,0,0,0,0
2,2024,4,Mosaic,Mosaic - Tampa Marine Terminal,PS - Industrial,0,0,0,0
2,2024,4,TECO,TECO - Bayside (fka Gannon),PS - Industrial,0,0,0,0
2,2024,4,Trademark Nitrogen,Trademark Nitrogen Corporation,PS - Industrial,0.0013269194,0.008845908,0.0889035978,0.0728697676
2,2024,4,Springs,,Springs,9.0729560492,0.3535848084,19.168846448,0
2,2024,5,Atmospheric Deposition,,Atmospheric Deposition,4.1601945265,0.0637598078,0,0
2,2024,5,Ground Water,,Ground Water,1.7256819188,0.2053736832,0,0
2,2024,5,CSX,CSX Newport,Material Losses,0.0888935833,0,0,0
2,2024,5,CSX,CSX Rockport,Material Losses,0.03570925,0,0,0
2,2024,5,Kinder Morgan,Kinder Morgan Port Sutton,Material Losses,0.011792,0,0,0
2,2024,5,Kinder Morgan,Kinder Morgan Tampaplex,Material Losses,0.007782,0,0,0
2,2024,5,Mosaic,Mosaic All,Material Losses,0.185,0,0,0
2,2024,5,ALAFIA PRESERVE,,Non-Point Source,0.0007806426,0,0.0659295719,0
2,2024,5,BLOOMINGDALE,,Non-Point Source,0.0035532722,0.0006541459,0.112220453,0.0212123075
2,2024,5,CITY OF PLANT CITY,,Non-Point Source,0,0,1.2373139977,0
2,2024,5,Conservation,,Non-Point Source,0.193033183,0,7.0952784868,0
2,2024,5,DONALDSON KNOLL,,Non-Point Source,0.0001125568,0,0.0178322495,0
2,2024,5,EAGLE RIDGE,,Non-Point Source,0.0017098754,0,0.1515566882,0
2,2024,5,FDACS (Agriculture),,Non-Point Source,0,0,4.5079213659,0
2,2024,5,HILLSBOROUGH,,Non-Point Source,1.8867598497,0,71.293158692,7.0405952495
2,2024,5,LAKE ST. CHARLES,,Non-Point Source,0.0111914152,0.0021495109,0.3514195554,0.0638083938
2,2024,5,LIVE OAK I,,Non-Point Source,0,0,0,0
2,2024,5,LIVE OAK II,,Non-Point Source,0,0,0,0
2,2024,5,Lakeland,,Non-Point Source,0,0,1.8758963945,0
2,2024,5,MAGNOLIA PARK,,Non-Point Source,0.0107936005,0.0020769476,0.3609489403,0.0644471261
2,2024,5,MSGP COT,,Non-Point Source,0.0060740904,0,0.7566165014,0.1603826067
2,2024,5,MacDill AFB,,Non-Point Source,0.0210717295,0.00302569,0.4199141818,0.1639913499
2,2024,5,Mulberry,,Non-Point Source,0.0039295966,0,0.4972112611,0
2,2024,5,None,,Non-Point Source,0.0006020782,0.0000495859,0.0092545481,0.0029028054
2,2024,5,PALM RIVER,,Non-Point Source,0.000727426,0.0001421877,0.0256125381,0.0046790967
2,2024,5,PANTHER TRACE,,Non-Point Source,0.0106616577,0.0020678091,0.3524385459,0.0622920597
2,2024,5,PANTHER TRACE II,,Non-Point Source,0.0070269635,0.0013939657,0.1588471736,0.0368243847
2,2024,5,PASCO,,Non-Point Source,0,0,0,0
2,2024,5,POLK,,Non-Point Source,0.000445297,0,10.923577322,0
2,2024,5,RIVERCREST,,Non-Point Source,0.0139042139,0.0029195709,0.4183928154,0.0774930452
2,2024,5,SAN ANTONIO,,Non-Point Source,0,0,0,0
2,2024,5,SPRING LAKE,,Non-Point Source,0.0101616544,0.0022236213,0.3507499163,0.0612795808
2,2024,5,ST. LEO,,Non-Point Source,0,0,0,0
2,2024,5,STONE CREST,,Non-Point Source,0.0010082139,0.0001940772,0.0324564129,0.0057464406
2,2024,5,STONE DAIRY CREEK,,Non-Point Source,0.007415722,0.0014483438,0.2537735557,0.0445646006
2,2024,5,STONELAKE RANCH,,Non-Point Source,0,0,0,0
2,2024,5,TEMPLE TERRACE,,Non-Point Source,0,0,0,0
2,2024,5,Tampa,,Non-Point Source,0.9671695756,0.175313545,38.275967718,6.9763691836
2,2024,5,ZEPHYRHILLS,,Non-Point Source,0,0,0,0
2,2024,5,Lakeland,City of Lakeland,PS - Domestic - REUSE,0,0,0,0
2,2024,5,Zephyrhills,City of Zephyrhills WWTF,PS - Domestic - REUSE,0.0302183354,0.0546254525,0.0127846804,0.0232448734
2,2024,5,Hillsborough Co.,Falkenburg AWTP,PS - Domestic - REUSE,0.233780986,0.0113854376,0.023023885,0.0463007797
2,2024,5,Tampa,Howard F. Curren,PS - Domestic - REUSE,0.5290634079,0.0838406493,0.0115642275,0.0607121943
2,2024,5,Polk Co.,NW Regional WWTP,PS - Domestic - REUSE,0.0238580103,0.0052926391,0.00137115,0.0068557501
2,2024,5,Pasco Co.,Pasco Reuse,PS - Domestic - REUSE,0.107762749,0,0,0
2,2024,5,Plant City,Plant City WRF,PS - Domestic - REUSE,0.0704564142,0.0027629966,0.0293568393,0.0207224748
2,2024,5,Hillsborough Co.,South County Regional WWTP,PS - Domestic - REUSE,0,0,0,0
2,2024,5,Polk Co.,Southwest Regional WWTF,PS - Domestic - REUSE,0.0658100266,0.028817434,0.0072554532,0.011445222
2,2024,5,Hillsborough Co.,Valrico AWTP,PS - Domestic - REUSE,0.5599026414,0.0183397782,0.0409947984,0.1753067037
2,2024,5,Lakeland,City of Lakeland,PS - Domestic - SW,0,0,0,0
2,2024,5,Mulberry,City of Mulberry,PS - Domestic - SW,0.0369951797,0.0242150267,0.0326230221,0.0168159908
2,2024,5,Hillsborough Co.,Falkenburg AWTP,PS - Domestic - SW,0.6119209685,0.1737065975,0.3632047039,0.7619403027
2,2024,5,Tampa,Howard F. Curren,PS - Domestic - SW,19.008407898,18.073568165,2.4929059538,13.087756258
2,2024,5,Plant City,Plant City WRF,PS - Domestic - SW,0.1668611957,0.0392614578,0.4171529893,0.2944609336
2,2024,5,Hillsborough Co.,South County Regional WWTP,PS - Domestic - SW,0.1966888827,0.0469515398,0.3502331073,0.3527710284
2,2024,5,Hillsborough Co.,Valrico AWTP,PS - Domestic - SW,0,0,0,0
2,2024,5,Alpha/Owens Corning,Alpha/Owens Corning,PS - Industrial,0,0,0,0
2,2024,5,Cytech Brewster,Brewster Phosphogypsum,PS - Industrial,0.010244819,0.014940361,0.0375643363,0.040979276
2,2024,5,Busch Gardens,Busch Gardens,PS - Industrial,0.7870789154,0.1327105056,0.4592059016,0.8816753311
2,2024,5,CSX,CSX - Rockport Newport,PS - Industrial,0,0,0,0
2,2024,5,CSX,CSX Winston Yard,PS - Industrial,0.000103483,0,0,0.0496718496
2,2024,5,Coronet,Coronet Industries,PS - Industrial,0,0,0,0
2,2024,5,Estech Agricola,Estech Agricola,PS - Industrial,0,0,0,0
2,2024,5,Kerry,Kerry I and F,PS - Industrial,0.0031044906,0.0574330761,0,0.3104490603
2,2024,5,Kinder Morgan,Kinder Morgan Port Sutton,PS - Industrial,0.0068298793,0.0002006277,0.0196359031,0.0106716864
2,2024,5,Kinder Morgan,Kinder Morgan Tampaplex,PS - Industrial,0,0,0,0
2,2024,5,Lowry Park Zoo,Lowry Park Zoo,PS - Industrial,0.0124955747,0.0019397892,0.0595027365,0.1142452542
2,2024,5,Mosaic,Mosaic - Bartow,PS - Industrial,0.7688270977,0.5289793279,2.7533209739,3.1541624522
2,2024,5,Mosaic,Mosaic - Black Point,PS - Industrial,0.0003544293,0.0000724381,0.001060701,0.0003169167
2,2024,5,Mosaic,Mosaic - Bonnie,PS - Industrial,0.1257318694,0.5355246289,1.5320661123,2.2352332338
2,2024,5,Mosaic,Mosaic - Ft. Lonesome,PS - Industrial,0,0,0,0
2,2024,5,Mosaic,Mosaic - Green Bay,PS - Industrial,0.3939598575,2.0573459223,3.8423245357,4.6691538662
2,2024,5,Mosaic,Mosaic - Hookers Prairie,PS - Industrial,0,0,0,0
2,2024,5,Mosaic,Mosaic - Mulberry Phospho Stack,PS - Industrial,0,0,0,0
2,2024,5,Mosaic,Mosaic - Mulberry Plant,PS - Industrial,0,0,0,0
2,2024,5,Mosaic,Mosaic - New Wales Chemical Plant,PS - Industrial,0.2919255997,0.0866152878,1.5719070751,3.0796546777
2,2024,5,Mosaic,Mosaic - Nichols Mine,PS - Industrial,0,0,0,0
2,2024,5,Mosaic,Mosaic - Plant City,PS - Industrial,0.4973393945,0.2244934767,4.1444949544,3.3155959635
2,2024,5,Mosaic,Mosaic - Port Sutton,PS - Industrial,0,0,0,0
2,2024,5,Mosaic,Mosaic - Riverview,PS - Industrial,0.2643344394,0.8403468,0.9066276743,0.1420304451
2,2024,5,Mosaic,Mosaic - Riverview Stack Closure,PS - Industrial,0,0,0,0
2,2024,5,Mosaic,Mosaic - South Pierce,PS - Industrial,0.2557065426,1.3698564784,3.269390795,8.7670814615
2,2024,5,Mosaic,Mosaic - Tampa Ammonia Terminal,PS - Industrial,0,0,0,0
2,2024,5,Mosaic,Mosaic - Tampa Marine Terminal,PS - Industrial,0,0,0,0
2,2024,5,TECO,TECO - Bayside (fka Gannon),PS - Industrial,0,0,0,0
2,2024,5,Trademark Nitrogen,Trademark Nitrogen Corporation,PS - Industrial,0.0025948367,0.0020351152,0.0314433157,0.0167646296
2,2024,5,Springs,,Springs,7.9960567748,0.2333803029,14.491691163,0
2,2024,6,Atmospheric Deposition,,Atmospheric Deposition,6.3519010728,0.1322102405,0,0
2,2024,6,Ground Water,,Ground Water,1.7256819188,0.2053736832,0,0
2,2024,6,CSX,CSX Newport,Material Losses,0.0888935833,0,0,0
2,2024,6,CSX,CSX Rockport,Material Losses,0.03570925,0,0,0
2,2024,6,Kinder Morgan,Kinder Morgan Port Sutton,Material Losses,0.011792,0,0,0
2,2024,6,Kinder Morgan,Kinder Morgan Tampaplex,Material Losses,0.007782,0,0,0
2,2024,6,Mosaic,Mosaic All,Material Losses,0.185,0,0,0
2,2024,6,ALAFIA PRESERVE,,Non-Point Source,0.0096071074,0,0.2882628162,0.0300476085
2,2024,6,BLOOMINGDALE,,Non-Point Source,0.0083234133,0.0015859855,0.2720799836,0.0514295222
2,2024,6,CITY OF PLANT CITY,,Non-Point Source,0.1055937204,0,6.2018948739,0.2577755014
2,2024,6,Conservation,,Non-Point Source,1.0139247607,0,23.475519586,3.7222354384
2,2024,6,DONALDSON KNOLL,,Non-Point Source,0.0013851985,0,0.0779676602,0.0066425272
2,2024,6,EAGLE RIDGE,,Non-Point Source,0.0210428654,0,0.6626488918,0.0649997726
2,2024,6,FDACS (Agriculture),,Non-Point Source,2.0752208318,0,18.21551861,3.0976682355
2,2024,6,HILLSBOROUGH,,Non-Point Source,7.0800426289,0.8030085805,243.47125078,42.333629839
2,2024,6,LAKE ST. CHARLES,,Non-Point Source,0.0259305668,0.0051811073,0.8463987113,0.1535879082
2,2024,6,LIVE OAK I,,Non-Point Source,0,0,0,0
2,2024,6,LIVE OAK II,,Non-Point Source,0,0,0,0
2,2024,6,Lakeland,,Non-Point Source,0.1855501497,0,9.0163743698,0.6075964068
2,2024,6,MAGNOLIA PARK,,Non-Point Source,0.0252836243,0.0050355872,0.8751255154,0.1562529161
2,2024,6,MSGP COT,,Non-Point Source,0.0531957161,0.0042956317,2.0214855702,0.5534764102
2,2024,6,MacDill AFB,,Non-Point Source,0.0493597751,0.0073358257,1.0180875291,0.3975992129
2,2024,6,Mulberry,,Non-Point Source,0.0483602322,0,2.1739488713,0.1686783104
2,2024,6,None,,Non-Point Source,0.0014103466,0.0001202216,0.0224377751,0.0070378905
2,2024,6,PALM RIVER,,Non-Point Source,0.0070579667,0.0014355755,0.2585928626,0.047241746
2,2024,6,PANTHER TRACE,,Non-Point Source,0.024974553,0.0050134307,0.8544919508,0.1510279289
2,2024,6,PANTHER TRACE II,,Non-Point Source,0.0183533159,0.0039968533,0.6371808863,0.1341834617
2,2024,6,PASCO,,Non-Point Source,0,0,0,0
2,2024,6,POLK,,Non-Point Source,1.2803919018,0,49.069088576,3.9266428217
2,2024,6,RIVERCREST,,Non-Point Source,0.030222579,0.0068041128,0.9770460504,0.1811454508
2,2024,6,SAN ANTONIO,,Non-Point Source,0,0,0,0
2,2024,6,SPRING LAKE,,Non-Point Source,0.0224892126,0.0052772532,0.8567266336,0.1493495735
2,2024,6,ST. LEO,,Non-Point Source,0,0,0,0
2,2024,6,STONE CREST,,Non-Point Source,0.0023617052,0.0004705426,0.0786910057,0.0139323218
2,2024,6,STONE DAIRY CREEK,,Non-Point Source,0.0173710643,0.0035115289,0.6152773674,0.108047468
2,2024,6,STONELAKE RANCH,,Non-Point Source,0,0,0,0
2,2024,6,TEMPLE TERRACE,,Non-Point Source,0,0,0,0
2,2024,6,Tampa,,Non-Point Source,2.0817919043,0.3902839164,83.310672023,15.257587741
2,2024,6,ZEPHYRHILLS,,Non-Point Source,0,0,0,0
2,2024,6,Lakeland,City of Lakeland,PS - Domestic - REUSE,0,0,0,0
2,2024,6,Zephyrhills,City of Zephyrhills WWTF,PS - Domestic - REUSE,0.0285600617,0.0296585256,0.012083103,0.0219692783
2,2024,6,Hillsborough Co.,Falkenburg AWTP,PS - Domestic - REUSE,0.1645929189,0.0073265999,0.0092008464,0.0272617671
2,2024,6,Tampa,Howard F. Curren,PS - Domestic - REUSE,0.4457810661,0.0695756402,0.0149090658,0.0521817301
2,2024,6,Polk Co.,NW Regional WWTP,PS - Domestic - REUSE,0.0220413826,0.0049064721,0.0017109749,0.0065419629
2,2024,6,Pasco Co.,Pasco Reuse,PS - Domestic - REUSE,0.107762749,0,0,0
2,2024,6,Plant City,Plant City WRF,PS - Domestic - REUSE,0.0586053969,0.0034765913,0.0248327953,0.0215217559
2,2024,6,Polk Co.,Southwest Regional WWTF,PS - Domestic - REUSE,0.0421712501,0.0220897024,0.0043252564,0.0124351122
2,2024,6,Hillsborough Co.,Valrico AWTP,PS - Domestic - REUSE,1.0742977067,0.0142831604,0.031626998,0.1499731841
2,2024,6,Lakeland,City of Lakeland,PS - Domestic - SW,0.0000715911,0.0001437204,0.0003466514,0.0001916272
2,2024,6,Mulberry,City of Mulberry,PS - Domestic - SW,0.1045136776,0.4940646577,0.0380049737,0.0158354057
2,2024,6,Hillsborough Co.,Falkenburg AWTP,PS - Domestic - SW,0.5834689798,0.1587921907,0.1957206071,0.2141848154
2,2024,6,Tampa,Howard F. Curren,PS - Domestic - SW,20.091962745,18.815215948,4.031831989,14.111411961
2,2024,6,Plant City,Plant City WRF,PS - Domestic - SW,0.1556902037,0.0554151573,0.3958225518,0.3430462116
2,2024,6,Hillsborough Co.,Valrico AWTP,PS - Domestic - SW,0,0,0,0
2,2024,6,Alpha/Owens Corning,Alpha/Owens Corning,PS - Industrial,0,0,0,0
2,2024,6,Cytech Brewster,Brewster Phosphogypsum,PS - Industrial,0.0016523902,0.0009013037,0.001164184,0.0036052149
2,2024,6,Busch Gardens,Busch Gardens,PS - Industrial,0.6425544461,0.1891723852,0.5445376662,1.045512319
2,2024,6,CSX,CSX - Rockport Newport,PS - Industrial,0.1284490498,0,0,0.0773518884
2,2024,6,CSX,CSX Winston Yard,PS - Industrial,0.0000751086,0,0,0.0360521489
2,2024,6,Coronet,Coronet Industries,PS - Industrial,0,0,0,0
2,2024,6,Estech Agricola,Estech Agricola,PS - Industrial,0,0,0,0
2,2024,6,Kerry,Kerry I and F,PS - Industrial,0.3004345744,0.0050072429,0,0.2503621454
2,2024,6,Kinder Morgan,Kinder Morgan Port Sutton,PS - Industrial,1.2939629494,0.0050877343,0.2082299517,0.6818613029
2,2024,6,Kinder Morgan,Kinder Morgan Tampaplex,PS - Industrial,0,0,0,0
2,2024,6,Lowry Park Zoo,Lowry Park Zoo,PS - Industrial,0.0157619244,0.0027887839,0.0882526562,0.1694451
2,2024,6,Mosaic,Mosaic - Bartow,PS - Industrial,0.5921815824,0.4393605289,2.2868579082,2.6197894891
2,2024,6,Mosaic,Mosaic - Black Point,PS - Industrial,0.0070802415,0.0009814196,0.0143707871,0.0042937108
2,2024,6,Mosaic,Mosaic - Bonnie,PS - Industrial,0.1484146798,0.5104758963,2.1621024512,2.3193549147
2,2024,6,Mosaic,Mosaic - Ft. Lonesome,PS - Industrial,0,0,0,0
2,2024,6,Mosaic,Mosaic - Green Bay,PS - Industrial,0.8909888029,2.2980991685,4.291958258,5.2155442123
2,2024,6,Mosaic,Mosaic - Hookers Prairie,PS - Industrial,0,0,0,0
2,2024,6,Mosaic,Mosaic - Mulberry Phospho Stack,PS - Industrial,0,0,0,0
2,2024,6,Mosaic,Mosaic - Mulberry Plant,PS - Industrial,0,0,0,0
2,2024,6,Mosaic,Mosaic - New Wales Chemical Plant,PS - Industrial,0.445319148,0.1821760151,3.3061573106,6.4773694249
2,2024,6,Mosaic,Mosaic - Nichols Mine,PS - Industrial,0,0,0,0
2,2024,6,Mosaic,Mosaic - Plant City,PS - Industrial,0.6093564256,0.2978057719,5.4979527122,4.3983621698
2,2024,6,Mosaic,Mosaic - Port Sutton,PS - Industrial,0,0,0,0
2,2024,6,Mosaic,Mosaic - Riverview,PS - Industrial,0.2094529708,0.9998838181,1.0647776861,0.1689944481
2,2024,6,Mosaic,Mosaic - Riverview Stack Closure,PS - Industrial,0,0,0,0
2,2024,6,Mosaic,Mosaic - South Pierce,PS - Industrial,0.1577281516,0.9858009474,2.3527782611,6.3091260632
2,2024,6,Mosaic,Mosaic - Tampa Ammonia Terminal,PS - Industrial,0,0,0,0
2,2024,6,Mosaic,Mosaic - Tampa Marine Terminal,PS - Industrial,0,0,0,0
2,2024,6,TECO,TECO - Bayside (fka Gannon),PS - Industrial,0.0124342359,0.0053827861,0.0697609082,0.0516747468
2,2024,6,Trademark Nitrogen,Trademark Nitrogen Corporation,PS - Industrial,0.0100785785,0.0024701781,0.0407589573,0.0203485389
2,2024,6,Springs,,Springs,6.681503384,0.194842808,12.151839016,0
2,2024,7,Atmospheric Deposition,,Atmospheric Deposition,9.6342182786,0.1690664285,0,0
2,2024,7,Ground Water,,Ground Water,1.7302180305,0.2058827033,0,0
2,2024,7,CSX,CSX Newport,Material Losses,0.0888935833,0,0,0
2,2024,7,CSX,CSX Rockport,Material Losses,0.03570925,0,0,0
2,2024,7,Kinder Morgan,Kinder Morgan Port Sutton,Material Losses,0.011792,0,0,0
2,2024,7,Kinder Morgan,Kinder Morgan Tampaplex,Material Losses,0.007782,0,0,0
2,2024,7,Mosaic,Mosaic All,Material Losses,0.185,0,0,0
2,2024,7,ALAFIA PRESERVE,,Non-Point Source,0.0404655744,0.0159402279,1.0186022387,0.1848396385
2,2024,7,BLOOMINGDALE,,Non-Point Source,0.0338685986,0.0063493186,1.0660071962,0.2019051278
2,2024,7,CITY OF PLANT CITY,,Non-Point Source,0.6454882077,0.2836088017,31.806493316,4.4669761427
2,2024,7,Conservation,,Non-Point Source,5.7051210194,1.5141182779,104.37415732,25.529663368
2,2024,7,DONALDSON KNOLL,,Non-Point Source,0.0056656606,0.0022201283,0.2707657501,0.0400560999
2,2024,7,EAGLE RIDGE,,Non-Point Source,0.0910864099,0.0576763347,2.3242088543,0.4014944676
2,2024,7,FDACS (Agriculture),,Non-Point Source,13.156989797,6.9667498346,106.45902167,34.43550151
2,2024,7,HILLSBOROUGH,,Non-Point Source,31.420795755,8.5030168159,1053.6478643,202.97821752
2,2024,7,LAKE ST. CHARLES,,Non-Point Source,0.1049422348,0.020497578,3.2799512142,0.5949694338
2,2024,7,LIVE OAK I,,Non-Point Source,0.0018518686,0.0004750071,0.381288809,0.0739823333
2,2024,7,LIVE OAK II,,Non-Point Source,0.0016111694,0.0004324131,0.3824918261,0.0692166097
2,2024,7,Lakeland,,Non-Point Source,0.9617967938,0.4200542541,41.787999277,6.4688779401
2,2024,7,MAGNOLIA PARK,,Non-Point Source,0.1028656303,0.0201589423,3.4299543616,0.6135031008
2,2024,7,MSGP COT,,Non-Point Source,0.3987256772,0.0624645361,15.062624416,4.0590142175
2,2024,7,MacDill AFB,,Non-Point Source,0.202322217,0.0295794938,4.0205127056,1.5725023942
2,2024,7,Mulberry,,Non-Point Source,0.1981947507,0.0893576866,7.5817159815,1.0214124933
2,2024,7,None,,Non-Point Source,0.0057267428,0.0004754076,0.0874369795,0.0273363922
2,2024,7,PALM RIVER,,Non-Point Source,0.0205274208,0.0040905836,0.7195186881,0.1309483946
2,2024,7,PANTHER TRACE,,Non-Point Source,0.100140732,0.0197697501,3.2988921002,0.5846073064
2,2024,7,PANTHER TRACE II,,Non-Point Source,0.1493819055,0.0281233171,6.3882335903,1.2191267458
2,2024,7,PASCO,,Non-Point Source,0.2967430798,0.0760675147,53.19921404,11.063829348
2,2024,7,POLK,,Non-Point Source,5.8561797133,2.5932230414,187.50327228,29.390754703
2,2024,7,RIVERCREST,,Non-Point Source,0.1174214443,0.0248262852,3.5515213272,0.6579098358
2,2024,7,SAN ANTONIO,,Non-Point Source,0.0021815136,0.0005662261,0.4428072933,0.0808597009
2,2024,7,SPRING LAKE,,Non-Point Source,0.0944648184,0.0206033338,3.6182755124,0.6239880678
2,2024,7,ST. LEO,,Non-Point Source,0.0000484409,0.0000117321,0.0166250846,0.0034641875
2,2024,7,STONE CREST,,Non-Point Source,0.0096145153,0.0018848667,0.3085929501,0.0547351936
2,2024,7,STONE DAIRY CREEK,,Non-Point Source,0.0707873224,0.0140812511,2.4157665343,0.4249553175
2,2024,7,STONELAKE RANCH,,Non-Point Source,0.0018470546,0.0005155304,0.2012152363,0.0429636745
2,2024,7,TEMPLE TERRACE,,Non-Point Source,0.0138485814,0.0036576458,3.4797555747,0.6125853566
2,2024,7,Tampa,,Non-Point Source,9.9220102808,1.8587848673,384.73479973,71.32181792
2,2024,7,ZEPHYRHILLS,,Non-Point Source,0.0126472857,0.0033366693,3.5944328147,0.6391621639
2,2024,7,Lakeland,City of Lakeland,PS - Domestic - REUSE,0,0,0,0
2,2024,7,Zephyrhills,City of Zephyrhills WWTF,PS - Domestic - REUSE,0.0336293945,0.0468409423,0.0144125976,0.0252220458
2,2024,7,Hillsborough Co.,Falkenburg AWTP,PS - Domestic - REUSE,0,0,0,0
2,2024,7,Tampa,Howard F. Curren,PS - Domestic - REUSE,0.3603847916,0.0486434871,0.019034408,0.0401837502
2,2024,7,Polk Co.,NW Regional WWTP,PS - Domestic - REUSE,0.0291531071,0.0038806133,0.0015037376,0.0084888415
2,2024,7,Pasco Co.,Pasco Reuse,PS - Domestic - REUSE,0.107762749,0,0,0
2,2024,7,Plant City,Plant City WRF,PS - Domestic - REUSE,0.0384460116,0.0038712998,0.0213588953,0.0146842405
2,2024,7,Polk Co.,Southwest Regional WWTF,PS - Domestic - REUSE,0.0388682223,0.0139081179,0.0037874785,0.0071403284
2,2024,7,Hillsborough Co.,Valrico AWTP,PS - Domestic - REUSE,2.3692308095,0.0201636665,0.0431278422,0.0711329345
2,2024,7,Lakeland,City of Lakeland,PS - Domestic - SW,1.6062083977,2.9565605905,6.566975927,4.7333397915
2,2024,7,Mulberry,City of Mulberry,PS - Domestic - SW,0.5413455488,0.0733435905,0.0384180712,0.0342270089
2,2024,7,Hillsborough Co.,Falkenburg AWTP,PS - Domestic - SW,2.2519974831,0.4540317506,0.4721930206,0.5357574657
2,2024,7,Tampa,Howard F. Curren,PS - Domestic - SW,24.525268794,19.86201346,7.7720922234,16.407750249
2,2024,7,Plant City,Plant City WRF,PS - Domestic - SW,0.1873870528,0.113213011,0.6246235092,0.4294286626
2,2024,7,Hillsborough Co.,Valrico AWTP,PS - Domestic - SW,0,0,0,0
2,2024,7,Alpha/Owens Corning,Alpha/Owens Corning,PS - Industrial,0,0,0,0
2,2024,7,Cytech Brewster,Brewster Phosphogypsum,PS - Industrial,0.0039452901,0.0504997138,0.0773276868,0.1514991414
2,2024,7,Busch Gardens,Busch Gardens,PS - Industrial,0.6548534865,0.1037287923,0.5238827892,1.0058549552
2,2024,7,CSX,CSX - Rockport Newport,PS - Industrial,0.3065076925,0,0,0.3406126915
2,2024,7,CSX,CSX Winston Yard,PS - Industrial,0.0003104491,0,0,0.1490155489
2,2024,7,Coronet,Coronet Industries,PS - Industrial,0,0,0,0
2,2024,7,Estech Agricola,Estech Agricola,PS - Industrial,0.0650546006,0.0785255027,0.1708504662,0.3154162452
2,2024,7,Kerry,Kerry I and F,PS - Industrial,0.0028457831,0.0170746983,0,0.2845783052
2,2024,7,Kinder Morgan,Kinder Morgan Port Sutton,PS - Industrial,2.3218743924,0.0073506576,0.3453642312,1.5168023669
2,2024,7,Kinder Morgan,Kinder Morgan Tampaplex,PS - Industrial,0,0,0,0
2,2024,7,Lowry Park Zoo,Lowry Park Zoo,PS - Industrial,0.0180293292,0.0026062199,0.0892541048,0.1713678813
2,2024,7,Mosaic,Mosaic - Bartow,PS - Industrial,0.6603639573,0.481079625,2.5040045077,2.8685493167
2,2024,7,Mosaic,Mosaic - Black Point,PS - Industrial,0.0463862638,0.0159363851,0.2333542103,0.0697216848
2,2024,7,Mosaic,Mosaic - Bonnie,PS - Industrial,0.5406470384,0.934917345,4.2371381281,5.2155442123
2,2024,7,Mosaic,Mosaic - Ft. Lonesome,PS - Industrial,0,0,0,0
2,2024,7,Mosaic,Mosaic - Green Bay,PS - Industrial,0.9918847475,3.1079055422,5.8043625965,7.0534026489
2,2024,7,Mosaic,Mosaic - Hookers Prairie,PS - Industrial,0,0,0,0
2,2024,7,Mosaic,Mosaic - Mulberry Phospho Stack,PS - Industrial,0.2568448558,1.2596729327,1.280447149,1.8130225119
2,2024,7,Mosaic,Mosaic - Mulberry Plant,PS - Industrial,0,0,0,0
2,2024,7,Mosaic,Mosaic - New Wales Chemical Plant,PS - Industrial,1.3539847702,0.2972161691,5.3939230681,10.567686011
2,2024,7,Mosaic,Mosaic - Nichols Mine,PS - Industrial,0.0358568665,0.0119522888,0.110985539,0.1052939729
2,2024,7,Mosaic,Mosaic - Plant City,PS - Industrial,1.1514943706,0.4767333382,8.8012308582,7.0409846865
2,2024,7,Mosaic,Mosaic - Port Sutton,PS - Industrial,0,0,0,0
2,2024,7,Mosaic,Mosaic - Riverview,PS - Industrial,0.5372579695,1.4602747672,1.524925784,0.2468070029
2,2024,7,Mosaic,Mosaic - Riverview Stack Closure,PS - Industrial,0,0,0,0
2,2024,7,Mosaic,Mosaic - South Pierce,PS - Industrial,0.4114226171,1.0826910976,2.584022753,6.9292230248
2,2024,7,Mosaic,Mosaic - Tampa Ammonia Terminal,PS - Industrial,0,0,0,0
2,2024,7,Mosaic,Mosaic - Tampa Marine Terminal,PS - Industrial,0,0,0,0
2,2024,7,TECO,TECO - Bayside (fka Gannon),PS - Industrial,0.0071377413,0.004009967,0.0519691727,0.0384956835
2,2024,7,Trademark Nitrogen,Trademark Nitrogen Corporation,PS - Industrial,0.0053358432,0.0056914238,0.0631763838,0.0468841335
2,2024,7,Springs,,Springs,8.6530557116,0.3774456036,19.63496949,0
2,2024,8,Atmospheric Deposition,,Atmospheric Deposition,8.5461247564,0.1908461549,0,0
2,2024,8,Ground Water,,Ground Water,1.7302180305,0.2058827033,0,0
2,2024,8,CSX,CSX Newport,Material Losses,0.0888935833,0,0,0
2,2024,8,CSX,CSX Rockport,Material Losses,0.03570925,0,0,0
2,2024,8,Kinder Morgan,Kinder Morgan Port Sutton,Material Losses,0.011792,0,0,0
2,2024,8,Kinder Morgan,Kinder Morgan Tampaplex,Material Losses,0.007782,0,0,0
2,2024,8,Mosaic,Mosaic All,Material Losses,0.185,0,0,0
2,2024,8,ALAFIA PRESERVE,,Non-Point Source,0.1459496042,0.1178478074,4.8022335976,0.9983237858
2,2024,8,BLOOMINGDALE,,Non-Point Source,0.2097822794,0.0398413967,6.6890982378,1.2669363201
2,2024,8,CITY OF PLANT CITY,,Non-Point Source,2.5148129651,2.2981608183,174.96042866,28.362770924
2,2024,8,Conservation,,Non-Point Source,22.138254011,10.348597809,485.34999888,126.42302102
2,2024,8,DONALDSON KNOLL,,Non-Point Source,0.0204346764,0.016413646,1.2765339922,0.2163440572
2,2024,8,EAGLE RIDGE,,Non-Point Source,0.3285267951,0.4264073029,10.957558725,2.1684822595
2,2024,8,FDACS (Agriculture),,Non-Point Source,52.785637483,53.17709119,524.2506966,180.17161716
2,2024,8,HILLSBOROUGH,,Non-Point Source,144.40720768,53.624531014,5183.780015,1018.6186067
2,2024,8,LAKE ST. CHARLES,,Non-Point Source,0.6413640695,0.1266626903,20.214023468,3.6612639342
2,2024,8,LIVE OAK I,,Non-Point Source,0.0177581293,0.0153226988,2.8300876615,0.6055404505
2,2024,8,LIVE OAK II,,Non-Point Source,0.0154499917,0.0139487096,2.8390169654,0.5665333211
2,2024,8,Lakeland,,Non-Point Source,3.6474735004,3.3017792169,222.64227605,39.026543263
2,2024,8,MAGNOLIA PARK,,Non-Point Source,0.6371502603,0.12649553,21.522651776,3.8496761796
2,2024,8,MSGP COT,,Non-Point Source,2.5441584112,0.5630811404,101.00936984,27.544394301
2,2024,8,MacDill AFB,,Non-Point Source,1.2531848863,0.1856086344,25.228351694,9.8673095556
2,2024,8,Mulberry,,Non-Point Source,0.714840845,0.6606309219,35.744248177,5.5166759446
2,2024,8,None,,Non-Point Source,0.0354714755,0.0029831392,0.5486590971,0.1715333757
2,2024,8,PALM RIVER,,Non-Point Source,0.0258112456,0.0052213781,0.9184212971,0.1671475618
2,2024,8,PANTHER TRACE,,Non-Point Source,0.6202722259,0.1240533847,20.700248002,3.668357697
2,2024,8,PANTHER TRACE II,,Non-Point Source,0.4639560817,0.1179054791,17.578946945,3.4835755434
2,2024,8,PASCO,,Non-Point Source,2.8455593744,2.4537731825,394.86718648,90.556703297
2,2024,8,POLK,,Non-Point Source,21.654842649,19.750446062,925.18945388,167.00111254
2,2024,8,RIVERCREST,,Non-Point Source,0.6561509878,0.138135257,19.851291605,3.6942527267
2,2024,8,SAN ANTONIO,,Non-Point Source,0.0209191952,0.0182652254,3.2867040088,0.6618312442
2,2024,8,SPRING LAKE,,Non-Point Source,0.4922344926,0.1111765742,18.089363262,3.1393343097
2,2024,8,ST. LEO,,Non-Point Source,0.0004645146,0.0003784532,0.1233984464,0.0283541434
2,2024,8,STONE CREST,,Non-Point Source,0.0595523589,0.0118273675,1.9363927056,0.3434583632
2,2024,8,STONE DAIRY CREEK,,Non-Point Source,0.4384570506,0.0883585705,15.158715368,2.6665559818
2,2024,8,STONELAKE RANCH,,Non-Point Source,0.0177119665,0.0166298926,1.4935050392,0.3516548028
2,2024,8,TEMPLE TERRACE,,Non-Point Source,0.1463347161,0.1212066534,26.361560123,5.1055539794
2,2024,8,Tampa,,Non-Point Source,45.982814204,9.0160108436,1863.5861043,342.19977561
2,2024,8,ZEPHYRHILLS,,Non-Point Source,0.1212786577,0.1076337194,26.679408675,5.2314995664
2,2024,8,Lakeland,City of Lakeland,PS - Domestic - REUSE,0,0,0,0
2,2024,8,Zephyrhills,City of Zephyrhills WWTF,PS - Domestic - REUSE,0.0581678056,0.0449478498,0.0145419514,0.0290839028
2,2024,8,Hillsborough Co.,Falkenburg AWTP,PS - Domestic - REUSE,0,0,0,0
2,2024,8,Tampa,Howard F. Curren,PS - Domestic - REUSE,0.408473351,0.0394140953,0.0143323983,0.0340394459
2,2024,8,Polk Co.,NW Regional WWTP,PS - Domestic - REUSE,0.0156973393,0.0017928433,0.0013944337,0.0037848915
2,2024,8,Pasco Co.,Pasco Reuse,PS - Domestic - REUSE,0.107762749,0,0,0
2,2024,8,Plant City,Plant City WRF,PS - Domestic - REUSE,0.057425703,0.0016100664,0.0143117017,0.0134172203
2,2024,8,Hillsborough Co.,South County Regional WWTP,PS - Domestic - REUSE,0,0,0,0
2,2024,8,Polk Co.,Southwest Regional WWTF,PS - Domestic - REUSE,0.0530500528,0.0216943097,0.0064116786,0.1932286693
2,2024,8,Hillsborough Co.,Valrico AWTP,PS - Domestic - REUSE,0.7560521189,0.0154538955,0.0237752239,0.0273415074
2,2024,8,Lakeland,City of Lakeland,PS - Domestic - SW,3.2903184249,6.6119732157,10.403673496,7.5207278283
2,2024,8,Mulberry,City of Mulberry,PS - Domestic - SW,0.1317597553,0.1197815957,0.0545006261,0.0299453989
2,2024,8,Hillsborough Co.,Falkenburg AWTP,PS - Domestic - SW,2.714023297,0.4470156019,0.4257291446,0.5853775739
2,2024,8,Tampa,Howard F. Curren,PS - Domestic - SW,38.699286313,22.404849971,8.1472181712,19.349643157
2,2024,8,Plant City,Plant City WRF,PS - Domestic - SW,0.8470602609,0.1424961187,1.2666321658,1.1874676555
2,2024,8,Hillsborough Co.,South County Regional WWTP,PS - Domestic - SW,0.3355876729,0.3206201476,0.3426775533,0.2048187675
2,2024,8,Hillsborough Co.,Valrico AWTP,PS - Domestic - SW,0,0,0,0
2,2024,8,Alpha/Owens Corning,Alpha/Owens Corning,PS - Industrial,0,0,0,0
2,2024,8,Cytech Brewster,Brewster Phosphogypsum,PS - Industrial,0.2189558416,1.4382393516,2.9194112211,4.1215217239
2,2024,8,Busch Gardens,Busch Gardens,PS - Industrial,0.6918486662,0.1259582385,0.6144304318,1.179706429
2,2024,8,CSX,CSX - Rockport Newport,PS - Industrial,1.2462309891,0,0,1.0746745017
2,2024,8,CSX,CSX Winston Yard,PS - Industrial,0.0004139321,0,0,0.1986873986
2,2024,8,Coronet,Coronet Industries,PS - Industrial,2.2578701445,7.7780554325,3.9586135796,15.894991885
2,2024,8,Estech Agricola,Estech Agricola,PS - Industrial,0.0650546006,0.0785255027,0.1708504662,0.3154162452
2,2024,8,Kerry,Kerry I and F,PS - Industrial,0.0031044906,0.0062089812,0,0.3104490603
2,2024,8,Kinder Morgan,Kinder Morgan Port Sutton,PS - Industrial,4.1427616138,0.0603060235,0.1625640633,0.3146401226
2,2024,8,Kinder Morgan,Kinder Morgan Tampaplex,PS - Industrial,0.6148184931,1.584583745,0.5387584733,0
2,2024,8,Lowry Park Zoo,Lowry Park Zoo,PS - Industrial,0.0156223141,0.0026084189,0.0704978074,0.1353557903
2,2024,8,Mosaic,Mosaic - Bartow,PS - Industrial,0.4822050028,0.2374159188,1.2357424843,1.4156477148
2,2024,8,Mosaic,Mosaic - Black Point,PS - Industrial,0.0438496362,0.0078957544,0.1156164042,0.0345439256
2,2024,8,Mosaic,Mosaic - Bonnie,PS - Industrial,3.4049147452,4.0860787895,18.632130702,18.987064525
2,2024,8,Mosaic,Mosaic - Ft. Lonesome,PS - Industrial,4.6168431996,0.0376885159,5.6532773872,22.613109549
2,2024,8,Mosaic,Mosaic - Green Bay,PS - Industrial,2.4314370399,5.8437378857,10.913836713,13.262383854
2,2024,8,Mosaic,Mosaic - Hookers Prairie,PS - Industrial,0,0,0,0
2,2024,8,Mosaic,Mosaic - Mulberry Phospho Stack,PS - Industrial,0.7441463974,3.6496003462,3.7097886578,5.2527980995
2,2024,8,Mosaic,Mosaic - Mulberry Plant,PS - Industrial,0.0703684537,0.1143487372,0.2623294559,0.4967184964
2,2024,8,Mosaic,Mosaic - New Wales Chemical Plant,PS - Industrial,2.5887571012,0.6656803974,12.080866472,23.668636354
2,2024,8,Mosaic,Mosaic - Nichols Mine,PS - Industrial,0.3136052924,0.0774182344,0.7188836051,0.6820177792
2,2024,8,Mosaic,Mosaic - Plant City,PS - Industrial,0,0,0,0
2,2024,8,Mosaic,Mosaic - Port Sutton,PS - Industrial,0,0,0,0
2,2024,8,Mosaic,Mosaic - Riverview,PS - Industrial,0.271034965,1.3638415278,1.4353224239,0.2305084272
2,2024,8,Mosaic,Mosaic - Riverview Stack Closure,PS - Industrial,0,0,0,0
2,2024,8,Mosaic,Mosaic - South Pierce,PS - Industrial,1.1332942945,2.0237398115,4.8299923502,12.951934794
2,2024,8,Mosaic,Mosaic - Tampa Ammonia Terminal,PS - Industrial,0.0156000653,0.5890770918,0.2177024035,0.2235233234
2,2024,8,Mosaic,Mosaic - Tampa Marine Terminal,PS - Industrial,0,0,0,0
2,2024,8,TECO,TECO - Bayside (fka Gannon),PS - Industrial,0.0148161814,0.0107363633,0.1391432688,0.103069088
2,2024,8,Trademark Nitrogen,Trademark Nitrogen Corporation,PS - Industrial,0.001234035,0.0045703858,0.0438768005,0.0376493799
2,2024,8,Springs,,Springs,11.16538876,0.6633456803,30.968181781,0
2,2024,9,Atmospheric Deposition,,Atmospheric Deposition,6.9300376635,0.1371211714,0,0
2,2024,9,Ground Water,,Ground Water,1.7302180305,0.2058827033,0,0
2,2024,9,CSX,CSX Newport,Material Losses,0.0888935833,0,0,0
2,2024,9,CSX,CSX Rockport,Material Losses,0.03570925,0,0,0
2,2024,9,Kinder Morgan,Kinder Morgan Port Sutton,Material Losses,0.011792,0,0,0
2,2024,9,Kinder Morgan,Kinder Morgan Tampaplex,Material Losses,0.007782,0,0,0
2,2024,9,Mosaic,Mosaic All,Material Losses,0.185,0,0,0
2,2024,9,ALAFIA PRESERVE,,Non-Point Source,0.2101227817,0.0923917481,4.1697835089,0.8360189456
2,2024,9,BLOOMINGDALE,,Non-Point Source,0.083473669,0.0157777287,2.648972827,0.5017238148
2,2024,9,CITY OF PLANT CITY,,Non-Point Source,4.6489031692,1.7980563116,162.72764856,25.911589767
2,2024,9,Conservation,,Non-Point Source,24.365053501,7.034066146,357.69032578,91.161062044
2,2024,9,DONALDSON KNOLL,,Non-Point Source,0.0294196828,0.0128681685,1.1084155489,0.1811714127
2,2024,9,EAGLE RIDGE,,Non-Point Source,0.4729780834,0.3342999499,9.5144575418,1.8159361501
2,2024,9,FDACS (Agriculture),,Non-Point Source,71.217080256,39.651715093,417.20707464,144.4219395
2,2024,9,HILLSBOROUGH,,Non-Point Source,122.61773717,37.22985937,3579.8560803,702.92453177
2,2024,9,LAKE ST. CHARLES,,Non-Point Source,0.2565722763,0.0504801313,8.0650737615,1.4616973033
2,2024,9,LIVE OAK I,,Non-Point Source,0.0865912473,0.011796866,2.9036523581,0.6121007899
2,2024,9,LIVE OAK II,,Non-Point Source,0.0753364295,0.0107390388,2.9128137685,0.5726710628
2,2024,9,Lakeland,,Non-Point Source,6.2344835617,2.5849791487,204.39943094,34.765935639
2,2024,9,MAGNOLIA PARK,,Non-Point Source,0.253526037,0.0500939304,8.5232594429,1.5245235202
2,2024,9,MSGP COT,,Non-Point Source,2.1049026853,0.3038328615,68.839634766,16.710153288
2,2024,9,MacDill AFB,,Non-Point Source,0.4986500323,0.0735035145,9.9907664277,3.9075872351
2,2024,9,Mulberry,,Non-Point Source,1.0291521357,0.5179294131,31.036761032,4.6197893628
2,2024,9,None,,Non-Point Source,0.0141143199,0.0011813632,0.2172763783,0.0679295228
2,2024,9,PALM RIVER,,Non-Point Source,0.0298762769,0.0060104021,1.0572077307,0.1924059199
2,2024,9,PANTHER TRACE,,Non-Point Source,0.2468101626,0.0491268081,8.1975764924,1.4527189635
2,2024,9,PANTHER TRACE II,,Non-Point Source,0.2481244722,0.0338981067,7.1860315171,1.4335657641
2,2024,9,PASCO,,Non-Point Source,13.875365572,1.8891471833,405.13128013,91.537781789
2,2024,9,POLK,,Non-Point Source,34.112284453,15.473613769,821.15077395,144.06227041
2,2024,9,RIVERCREST,,Non-Point Source,0.2723545746,0.0575879739,8.2592568662,1.5339248099
2,2024,9,SAN ANTONIO,,Non-Point Source,0.1020050694,0.0140623018,3.3721378936,0.6690014301
2,2024,9,SPRING LAKE,,Non-Point Source,0.2095900768,0.0445244638,7.4732219738,1.2968856243
2,2024,9,ST. LEO,,Non-Point Source,0.0022650414,0.0002913691,0.1266060394,0.0286613281
2,2024,9,STONE CREST,,Non-Point Source,0.0236962526,0.0046837965,0.7668375433,0.1360141291
2,2024,9,STONE DAIRY CREEK,,Non-Point Source,0.1744647776,0.0349911818,6.0030550716,1.0559920166
2,2024,9,STONELAKE RANCH,,Non-Point Source,0.0863661507,0.0128032676,1.5323268915,0.3554645811
2,2024,9,TEMPLE TERRACE,,Non-Point Source,0.6622783142,0.0942989833,27.073016649,5.1667576644
2,2024,9,Tampa,,Non-Point Source,25.165840192,4.6842823378,985.82083075,182.55675086
2,2024,9,ZEPHYRHILLS,,Non-Point Source,0.5913725528,0.0828666395,27.372907549,5.2881768914
2,2024,9,Lakeland,City of Lakeland,PS - Domestic - REUSE,0,0,0,0
2,2024,9,Zephyrhills,City of Zephyrhills WWTF,PS - Domestic - REUSE,0.0696807923,0.0398175956,0.0149315983,0.0248859972
2,2024,9,Hillsborough Co.,Falkenburg AWTP,PS - Domestic - REUSE,0.0345795564,0.0008553247,0.0009164193,0.0012829871
2,2024,9,Tampa,Howard F. Curren,PS - Domestic - REUSE,0.2190168048,0.0365028008,0.0106466502,0.0365028008
2,2024,9,Polk Co.,NW Regional WWTP,PS - Domestic - REUSE,0.0205065374,0.0021806543,0.0016145229,0.0025161396
2,2024,9,Pasco Co.,Pasco Reuse,PS - Domestic - REUSE,0.107762749,0,0,0
2,2024,9,Plant City,Plant City WRF,PS - Domestic - REUSE,0.0420608404,0.0018777161,0.0150217287,0.0337988896
2,2024,9,Hillsborough Co.,South County Regional WWTP,PS - Domestic - REUSE,0,0,0,0
2,2024,9,Polk Co.,Southwest Regional WWTF,PS - Domestic - REUSE,0.0583030846,0.0168994448,0.0090834516,0.0097171808
2,2024,9,Hillsborough Co.,Valrico AWTP,PS - Domestic - REUSE,0.6408269473,0.016223467,0.0256871561,0.0189273782
2,2024,9,Lakeland,City of Lakeland,PS - Domestic - SW,5.6987786041,6.281608234,24.219809067,15.898297128
2,2024,9,Mulberry,City of Mulberry,PS - Domestic - SW,0.1627353945,0.0876267509,0.0876267509,0.0312952682
2,2024,9,Hillsborough Co.,Falkenburg AWTP,PS - Domestic - SW,1.6294106699,0.235172674,0.2295733246,0.3191629147
2,2024,9,Tampa,Howard F. Curren,PS - Domestic - SW,23.752357455,23.752357455,6.9277709244,23.752357455
2,2024,9,Plant City,Plant City WRF,PS - Domestic - SW,0.3684529621,0.0986927577,0.7895420616,1.7764696387
2,2024,9,Hillsborough Co.,South County Regional WWTP,PS - Domestic - SW,0.1277159894,0.0204345583,0.0603748314,0.0719853758
2,2024,9,Hillsborough Co.,Valrico AWTP,PS - Domestic - SW,0.6780395248,0.0976600139,0.1674171666,0.1227725888
2,2024,9,Alpha/Owens Corning,Alpha/Owens Corning,PS - Industrial,0,0,0,0
2,2024,9,Cytech Brewster,Brewster Phosphogypsum,PS - Industrial,0.4802446672,1.6182157266,1.6182157266,5.0112487016
2,2024,9,Busch Gardens,Busch Gardens,PS - Industrial,0.6084801581,0.1196105149,0.6133872561,1.1777035318
2,2024,9,CSX,CSX - Rockport Newport,PS - Industrial,0.9589644621,0,0,0.8110932351
2,2024,9,CSX,CSX Winston Yard,PS - Industrial,0.0003755432,0,0,0.1802607447
2,2024,9,Coronet,Coronet Industries,PS - Industrial,4.0849588362,6.2841399211,9.751605562,14.384807424
2,2024,9,Estech Agricola,Estech Agricola,PS - Industrial,0.0629560651,0.075992422,0.1653391608,0.3052415276
2,2024,9,Kerry,Kerry I and F,PS - Industrial,0.1266832456,0.0055079672,0,0.5232568838
2,2024,9,Kinder Morgan,Kinder Morgan Port Sutton,PS - Industrial,1.5378657514,0.0132962328,0.3935098315,0.6745882826
2,2024,9,Kinder Morgan,Kinder Morgan Tampaplex,PS - Industrial,0.5156020612,1.6104607591,2.2024483109,0
2,2024,9,Lowry Park Zoo,Lowry Park Zoo,PS - Industrial,0.0118208487,0.0019553284,0.0444392808,0.0853234191
2,2024,9,Mosaic,Mosaic - Bartow,PS - Industrial,1.5777321677,0.7839965401,4.0806776435,4.6747619783
2,2024,9,Mosaic,Mosaic - Black Point,PS - Industrial,0.0120586927,0.0027339546,0.040032907,0.0119610515
2,2024,9,Mosaic,Mosaic - Bonnie,PS - Industrial,1.358377374,1.888769579,9.1821568623,9.5297847012
2,2024,9,Mosaic,Mosaic - Ft. Lonesome,PS - Industrial,6.9091940532,0.0564015841,8.4602376162,33.840950465
2,2024,9,Mosaic,Mosaic - Green Bay,PS - Industrial,1.4434754672,4.5909031777,8.5740272113,10.419071042
2,2024,9,Mosaic,Mosaic - Hookers Prairie,PS - Industrial,0,0,0,0
2,2024,9,Mosaic,Mosaic - Mulberry Phospho Stack,PS - Industrial,1.5274469308,3.8157569394,3.8786854646,5.4919440207
2,2024,9,Mosaic,Mosaic - Mulberry Plant,PS - Industrial,0.0385557704,0.0387310239,0.0888535254,0.1682433617
2,2024,9,Mosaic,Mosaic - New Wales Chemical Plant,PS - Industrial,0.8832776488,0.4258660093,7.7286794274,15.141902552
2,2024,9,Mosaic,Mosaic - Nichols Mine,PS - Industrial,0.3873102389,0.0762352733,0.707898966,0.6715964549
2,2024,9,Mosaic,Mosaic - Plant City,PS - Industrial,1.9209285965,0.738818691,13.63972968,10.911783744
2,2024,9,Mosaic,Mosaic - Port Sutton,PS - Industrial,0,0,0,0
2,2024,9,Mosaic,Mosaic - Riverview,PS - Industrial,0.445794836,1.5198234034,1.5838159678,0.2568715611
2,2024,9,Mosaic,Mosaic - Riverview Stack Closure,PS - Industrial,0,0,0,0
2,2024,9,Mosaic,Mosaic - South Pierce,PS - Industrial,1.5064290287,2.0542214027,4.9027417478,13.147016977
2,2024,9,Mosaic,Mosaic - Tampa Ammonia Terminal,PS - Industrial,0,0,0,0
2,2024,9,Mosaic,Mosaic - Tampa Marine Terminal,PS - Industrial,0.3029131597,0.6210233016,0.3848191355,0.2403476596
2,2024,9,TECO,TECO - Bayside (fka Gannon),PS - Industrial,0.0180880391,0.0146461855,0.1898145641,0.1406033808
2,2024,9,Trademark Nitrogen,Trademark Nitrogen Corporation,PS - Industrial,0.0074082159,0.0036718863,0.027539836,0.0302478281
2,2024,9,Springs,,Springs,12.908454955,0.7667305205,35.678255562,0
2,2024,10,Atmospheric Deposition,,Atmospheric Deposition,8.8543653126,0.1773750627,0,0
2,2024,10,Ground Water,,Ground Water,1.7302180305,0.2058827033,0,0
2,2024,10,CSX,CSX Newport,Material Losses,0.0888935833,0,0,0
2,2024,10,CSX,CSX Rockport,Material Losses,0.03570925,0,0,0
2,2024,10,Kinder Morgan,Kinder Morgan Port Sutton,Material Losses,0.011792,0,0,0
2,2024,10,Kinder Morgan,Kinder Morgan Tampaplex,Material Losses,0.007782,0,0,0
2,2024,10,Mosaic,Mosaic All,Material Losses,0.185,0,0,0
2,2024,10,ALAFIA PRESERVE,,Non-Point Source,0.3743894548,0.1352771131,6.3421091014,1.3782644318
2,2024,10,BLOOMINGDALE,,Non-Point Source,0.1595882357,0.0301826638,5.0674629967,0.9597934868
2,2024,10,CITY OF PLANT CITY,,Non-Point Source,7.6175855708,2.2739749805,216.14688803,35.332284621
2,2024,10,Conservation,,Non-Point Source,39.512674632,8.8853919157,523.89484145,134.77107907
2,2024,10,DONALDSON KNOLL,,Non-Point Source,0.0524189662,0.0188411706,1.6858650637,0.2986799707
2,2024,10,EAGLE RIDGE,,Non-Point Source,0.8427358771,0.4894715503,14.471189605,2.9937601526
2,2024,10,FDACS (Agriculture),,Non-Point Source,113.91709981,50.292266707,572.90965297,201.74838017
2,2024,10,HILLSBOROUGH,,Non-Point Source,186.06636867,51.029846955,5051.8508875,1002.8474052
2,2024,10,LAKE ST. CHARLES,,Non-Point Source,0.4882993065,0.0960044861,15.322662024,2.7754546817
2,2024,10,LIVE OAK I,,Non-Point Source,0.1147824661,0,3.1217417947,0.6500543969
2,2024,10,LIVE OAK II,,Non-Point Source,0.0998634555,0,3.1315913063,0.6081798104
2,2024,10,Lakeland,,Non-Point Source,10.471914484,3.4353118001,278.74629255,50.188574145
2,2024,10,MAGNOLIA PARK,,Non-Point Source,0.4847010254,0.0958292724,16.304924459,2.9164008206
2,2024,10,MSGP COT,,Non-Point Source,3.3442855869,0.2146378276,93.261929151,24.043957408
2,2024,10,MacDill AFB,,Non-Point Source,0.9533386977,0.1406116121,19.112253122,7.4751818964
2,2024,10,Mulberry,,Non-Point Source,1.8337074345,0.7583360775,47.205933881,7.6162046265
2,2024,10,None,,Non-Point Source,0.0269843106,0.002259938,0.4156479055,0.1299486123
2,2024,10,PALM RIVER,,Non-Point Source,0.0513698537,0.010341618,1.8190527537,0.3310574717
2,2024,10,PANTHER TRACE,,Non-Point Source,0.4718613531,0.0939791754,15.681895682,2.7790393006
2,2024,10,PANTHER TRACE II,,Non-Point Source,0.4067987725,0.0706071602,13.969793821,2.7595033216
2,2024,10,PASCO,,Non-Point Source,18.392721305,0,435.56014754,97.213626441
2,2024,10,POLK,,Non-Point Source,58.879585005,21.625809687,1197.2854576,223.10020015
2,2024,10,RIVERCREST,,Non-Point Source,0.5023864723,0.105085074,15.099151192,2.8094273038
2,2024,10,SAN ANTONIO,,Non-Point Source,0.1352145141,0,3.6254146508,0.710483189
2,2024,10,SPRING LAKE,,Non-Point Source,0.3820609801,0.0824528202,13.830587345,2.3995179208
2,2024,10,ST. LEO,,Non-Point Source,0.0030024633,0,0.1361152493,0.0304384877
2,2024,10,STONE CREST,,Non-Point Source,0.0453034256,0.0089600638,1.4669538455,0.2601938983
2,2024,10,STONE DAIRY CREEK,,Non-Point Source,0.3335486074,0.0669378399,11.483794448,2.0201039492
2,2024,10,STONELAKE RANCH,,Non-Point Source,0.1144840856,0,1.6474179104,0.3775053352
2,2024,10,TEMPLE TERRACE,,Non-Point Source,0.8671117072,0,28.830971236,5.441112858
2,2024,10,Tampa,,Non-Point Source,67.304270134,12.079808091,2527.1291532,473.29131194
2,2024,10,ZEPHYRHILLS,,Non-Point Source,0.7839037102,0,29.428849944,5.6160728699
2,2024,10,Lakeland,City of Lakeland,PS - Domestic - REUSE,0,0,0,0
2,2024,10,Zephyrhills,City of Zephyrhills WWTF,PS - Domestic - REUSE,0.0851134905,0.0520137997,0.0267949877,0.031523515
2,2024,10,Hillsborough Co.,Falkenburg AWTP,PS - Domestic - REUSE,0.1761847238,0.0077762691,0.0046425487,0.0133473276
2,2024,10,Tampa,Howard F. Curren,PS - Domestic - REUSE,0.3112290635,0.0392718061,0.0261812041,0.0327265051
2,2024,10,Polk Co.,NW Regional WWTP,PS - Domestic - REUSE,0.0191562593,0.0020246453,0.0017715646,0.0036988712
2,2024,10,Pasco Co.,Pasco Reuse,PS - Domestic - REUSE,0.107762749,0,0,0
2,2024,10,Plant City,Plant City WRF,PS - Domestic - REUSE,0.0729982159,0.0029947986,0.1038820765,0.0233968641
2,2024,10,Hillsborough Co.,South County Regional WWTP,PS - Domestic - REUSE,0,0,0,0
2,2024,10,Polk Co.,Southwest Regional WWTF,PS - Domestic - REUSE,0.0470524357,0.0096928018,0.0081871238,0.0094104871
2,2024,10,Hillsborough Co.,Valrico AWTP,PS - Domestic - REUSE,0.5380237439,0.0153814574,0.0147269273,0.0284720594
2,2024,10,Lakeland,City of Lakeland,PS - Domestic - SW,3.7267167206,6.3480513631,17.68611325,10.137932774
2,2024,10,Mulberry,City of Mulberry,PS - Domestic - SW,0.1641240699,0.1199368203,0.0883744992,0.0315623211
2,2024,10,Hillsborough Co.,Falkenburg AWTP,PS - Domestic - SW,1.749980656,0.4701440568,0.2742506998,0.5027929497
2,2024,10,Tampa,Howard F. Curren,PS - Domestic - SW,32.972238468,24.963208935,16.64213929,20.802674112
2,2024,10,Plant City,Plant City WRF,PS - Domestic - SW,1.01955352,0.2509670203,8.705418517,1.9606798462
2,2024,10,Hillsborough Co.,South County Regional WWTP,PS - Domestic - SW,0.2158241867,0.0610135886,0.1019928646,0.1475253934
2,2024,10,Hillsborough Co.,Valrico AWTP,PS - Domestic - SW,1.3937093145,0.2851992034,0.2206257988,0.4627760658
2,2024,10,Alpha/Owens Corning,Alpha/Owens Corning,PS - Industrial,0,0,0,0
2,2024,10,Cytech Brewster,Brewster Phosphogypsum,PS - Industrial,0.1417303443,0.9743961171,2.2145366298,4.2519103292
2,2024,10,Busch Gardens,Busch Gardens,PS - Industrial,0.2663394229,0.0596450257,0.3751259478,0.7202418198
2,2024,10,CSX,CSX - Rockport Newport,PS - Industrial,0.0160982859,0,0,0.036693076
2,2024,10,CSX,CSX Winston Yard,PS - Industrial,0.0010865717,0,0,0.5215544212
2,2024,10,Coronet,Coronet Industries,PS - Industrial,3.2180632171,10.704801013,6.2876283003,18.577271766
2,2024,10,Estech Agricola,Estech Agricola,PS - Industrial,0.2961515875,0.3578934379,0.9941484386,1.004613159
2,2024,10,Kerry,Kerry I and F,PS - Industrial,0.0388061325,0.0062089812,0,0.3104490603
2,2024,10,Kinder Morgan,Kinder Morgan Port Sutton,PS - Industrial,5.3500721384,0.0243185097,0.2334576933,0.2918221166
2,2024,10,Kinder Morgan,Kinder Morgan Tampaplex,PS - Industrial,0.1658962166,0.4350167457,1.548364688,0
2,2024,10,Lowry Park Zoo,Lowry Park Zoo,PS - Industrial,0.0123701015,0.0022662781,0.0472141279,0.0906511256
2,2024,10,Mosaic,Mosaic - Bartow,PS - Industrial,2.6003213287,1.1995751688,6.2437514998,7.1527463482
2,2024,10,Mosaic,Mosaic - Black Point,PS - Industrial,0.0007243811,0.0005795049,0.0084856076,0.002535334
2,2024,10,Mosaic,Mosaic - Bonnie,PS - Industrial,1.537537777,1.8855899797,10.438513331,9.2265460707
2,2024,10,Mosaic,Mosaic - Ft. Lonesome,PS - Industrial,2.9481665653,0.0597097026,8.9564553883,35.825821553
2,2024,10,Mosaic,Mosaic - Green Bay,PS - Industrial,1.3745132143,5.2856280876,9.8715039934,11.995751688
2,2024,10,Mosaic,Mosaic - Hookers Prairie,PS - Industrial,0,0,0,0
2,2024,10,Mosaic,Mosaic - Mulberry Phospho Stack,PS - Industrial,1.2053572826,3.011135983,3.0607948973,4.3338688811
2,2024,10,Mosaic,Mosaic - Mulberry Plant,PS - Industrial,0.0635644451,0.1114900188,0.2557712195,0.484300534
2,2024,10,Mosaic,Mosaic - New Wales Chemical Plant,PS - Industrial,0.8650404356,0.4026912373,7.3081002321,14.317910659
2,2024,10,Mosaic,Mosaic - Nichols Mine,PS - Industrial,0.1104681239,0.0190150049,0.176567903,0.1675131388
2,2024,10,Mosaic,Mosaic - Plant City,PS - Industrial,3.4192471435,1.0434322269,19.263364189,15.410691351
2,2024,10,Mosaic,Mosaic - Port Sutton,PS - Industrial,0,0,0,0
2,2024,10,Mosaic,Mosaic - Riverview,PS - Industrial,0.3020928064,1.0883179868,1.0767149532,0.1839410682
2,2024,10,Mosaic,Mosaic - Riverview Stack Closure,PS - Industrial,0,0,0,0
2,2024,10,Mosaic,Mosaic - South Pierce,PS - Industrial,0.9672040472,2.1653821953,5.168045506,13.85844605
2,2024,10,Mosaic,Mosaic - Tampa Ammonia Terminal,PS - Industrial,0.0156000653,0.5890770918,0.2177024035,0.2235233234
2,2024,10,Mosaic,Mosaic - Tampa Marine Terminal,PS - Industrial,0.1527409376,0.3927180612,0.1448244866,0.1490155489
2,2024,10,TECO,TECO - Bayside (fka Gannon),PS - Industrial,0.056940497,0.0393235476,0.5096331773,0.3775060573
2,2024,10,Trademark Nitrogen,Trademark Nitrogen Corporation,PS - Industrial,0.0139950436,0.0047600999,0.0357016419,0.0392121844
2,2024,10,Springs,,Springs,14.958413666,0.9435886264,43.07785972,0
2,2024,11,Atmospheric Deposition,,Atmospheric Deposition,0.4368086516,0.008741144,0,0
2,2024,11,Ground Water,,Ground Water,1.7256819188,0.2053736832,0,0
2,2024,11,CSX,CSX Newport,Material Losses,0.0888935833,0,0,0
2,2024,11,CSX,CSX Rockport,Material Losses,0.03570925,0,0,0
2,2024,11,Kinder Morgan,Kinder Morgan Port Sutton,Material Losses,0.011792,0,0,0
2,2024,11,Kinder Morgan,Kinder Morgan Tampaplex,Material Losses,0.007782,0,0,0
2,2024,11,Mosaic,Mosaic All,Material Losses,0.185,0,0,0
2,2024,11,ALAFIA PRESERVE,,Non-Point Source,0.0681321171,0.0093929474,1.0300741315,0.1788879388
2,2024,11,BLOOMINGDALE,,Non-Point Source,0.0254914967,0.0048481836,0.8317186337,0.1572144021
2,2024,11,CITY OF PLANT CITY,,Non-Point Source,2.306372547,0.3165840428,75.106853028,12.420919751
2,2024,11,Conservation,,Non-Point Source,11.796101767,1.6351443278,141.59179052,39.54656286
2,2024,11,DONALDSON KNOLL,,Non-Point Source,0.009823613,0.001346559,0.2786084967,0.0395461752
2,2024,11,EAGLE RIDGE,,Non-Point Source,0.1492327411,0.0321947615,2.3678998582,0.3869750676
2,2024,11,FDACS (Agriculture),,Non-Point Source,32.343785941,7.2124716148,174.55137267,62.356261713
2,2024,11,HILLSBOROUGH,,Non-Point Source,37.270766181,6.6713540937,935.88996929,183.05984159
2,2024,11,LAKE ST. CHARLES,,Non-Point Source,0.0793956657,0.0158254306,2.5850098416,0.4690371411
2,2024,11,LIVE OAK I,,Non-Point Source,0.0733112672,0.008702305,2.1569048604,0.4655157228
2,2024,11,LIVE OAK II,,Non-Point Source,0.0637293083,0.0079152201,2.159047311,0.4347428402
2,2024,11,Lakeland,,Non-Point Source,2.8066819994,0.396113743,86.662557684,14.162795675
2,2024,11,MAGNOLIA PARK,,Non-Point Source,0.0774342688,0.0153932371,2.6751626057,0.4776480068
2,2024,11,MSGP COT,,Non-Point Source,1.2816607789,0.1641112936,41.57700266,9.4450119007
2,2024,11,MacDill AFB,,Non-Point Source,0.1511704984,0.0224248137,3.1121817835,1.2154171348
2,2024,11,Mulberry,,Non-Point Source,0.3429632735,0.0540936617,7.7683571011,1.0042235218
2,2024,11,None,,Non-Point Source,0.0043193634,0.0003675042,0.0685898146,0.0215140584
2,2024,11,PALM RIVER,,Non-Point Source,0.008617796,0.0017490403,0.3150578541,0.0575572078
2,2024,11,PANTHER TRACE,,Non-Point Source,0.0764876992,0.0153255072,2.6120880646,0.4616757947
2,2024,11,PANTHER TRACE II,,Non-Point Source,0.0796553192,0.0111194189,1.4908106515,0.3259703232
2,2024,11,PASCO,,Non-Point Source,11.725809671,1.3914489213,300.09090038,69.415760318
2,2024,11,POLK,,Non-Point Source,13.519524213,1.9842123977,262.78871432,44.67064511
2,2024,11,RIVERCREST,,Non-Point Source,0.0923961025,0.0206853114,2.9711900451,0.5509401125
2,2024,11,SAN ANTONIO,,Non-Point Source,0.0860126253,0.0103297151,2.4857690427,0.5051543049
2,2024,11,SPRING LAKE,,Non-Point Source,0.0712122411,0.0159335152,2.5482781387,0.4447005933
2,2024,11,ST. LEO,,Non-Point Source,0.0018856505,0.0002110615,0.0935645727,0.0216171494
2,2024,11,STONE CREST,,Non-Point Source,0.0072330181,0.0014383972,0.2405497635,0.0425895779
2,2024,11,STONE DAIRY CREEK,,Non-Point Source,0.053201062,0.0107343582,1.8808353505,0.3302892452
2,2024,11,STONELAKE RANCH,,Non-Point Source,0.0699749998,0.0090302505,1.0864370138,0.2587378713
2,2024,11,TEMPLE TERRACE,,Non-Point Source,0.5361311695,0.0655150375,19.275160848,3.7813951702
2,2024,11,Tampa,,Non-Point Source,10.24911109,1.8412212145,401.36119569,75.714180762
2,2024,11,ZEPHYRHILLS,,Non-Point Source,0.4867168546,0.0593868851,19.800534027,3.92186429
2,2024,11,Lakeland,City of Lakeland,PS - Domestic - REUSE,0,0,0,0
2,2024,11,Zephyrhills,City of Zephyrhills WWTF,PS - Domestic - REUSE,0.0631538512,0.0505230809,0.0151569243,0.0378923107
2,2024,11,Hillsborough Co.,Falkenburg AWTP,PS - Domestic - REUSE,0.1904727161,0.0061910219,0.0044786116,0.0079034322
2,2024,11,Tampa,Howard F. Curren,PS - Domestic - REUSE,0.3575922522,0.0539843376,0.0107968675,0.0453468436
2,2024,11,Polk Co.,NW Regional WWTP,PS - Domestic - REUSE,0.0131004496,0.0025664624,0.0016471326,0.0022983245
2,2024,11,Pasco Co.,Pasco Reuse,PS - Domestic - REUSE,0.107762749,0,0,0
2,2024,11,Plant City,Plant City WRF,PS - Domestic - REUSE,0.1179738976,0.0028774121,0.0263762779,0.0263762779
2,2024,11,Polk Co.,Southwest Regional WWTF,PS - Domestic - REUSE,0.0793507798,0.0140783642,0.0075724534,0.0123718958
2,2024,11,Hillsborough Co.,Valrico AWTP,PS - Domestic - REUSE,0.7478342318,0.0187145704,0.020211736,0.0501550486
2,2024,11,Lakeland,City of Lakeland,PS - Domestic - SW,3.6482869214,4.6547108997,9.0787829709,4.7176123983
2,2024,11,Mulberry,City of Mulberry,PS - Domestic - SW,0.1164935062,0.070602125,0.042361275,0.0176505312
2,2024,11,Hillsborough Co.,Falkenburg AWTP,PS - Domestic - SW,0.8445366105,0.1555725335,0.1444602097,0.3592984702
2,2024,11,Tampa,Howard F. Curren,PS - Domestic - SW,20.937285493,18.964932511,3.7929865023,15.93054331
2,2024,11,Plant City,Plant City WRF,PS - Domestic - SW,0.1790189484,0.0261978949,0.2401473698,0.2401473698
2,2024,11,Hillsborough Co.,Valrico AWTP,PS - Domestic - SW,0.9995207929,0.253724509,0.1883712264,0.5497364361
2,2024,11,Alpha/Owens Corning,Alpha/Owens Corning,PS - Industrial,0,0,0,0
2,2024,11,Cytech Brewster,Brewster Phosphogypsum,PS - Industrial,0.0195019593,0.0975097966,0.2239113847,0.6934029978
2,2024,11,Busch Gardens,Busch Gardens,PS - Industrial,0,0,0,0
2,2024,11,CSX,CSX - Rockport Newport,PS - Industrial,0.3052412773,0,0,0.1075555776
2,2024,11,CSX,CSX Winston Yard,PS - Industrial,0.0015272091,0,0,0.7330603616
2,2024,11,Coronet,Coronet Industries,PS - Industrial,0.7697884884,2.7740125706,4.5077704273,6.6576301696
2,2024,11,Estech Agricola,Estech Agricola,PS - Industrial,0.2865983105,0.3463484883,0.9620791341,0.9722062829
2,2024,11,Kerry,Kerry I and F,PS - Industrial,0.0350507004,0.0050072429,0,0.2503621454
2,2024,11,Kinder Morgan,Kinder Morgan Port Sutton,PS - Industrial,0.4844507513,0.0109808837,0.1453352254,0.129186867
2,2024,11,Kinder Morgan,Kinder Morgan Tampaplex,PS - Industrial,0,0,0,0
2,2024,11,Lowry Park Zoo,Lowry Park Zoo,PS - Industrial,0.0219918108,0.0036653018,0.0600869149,0.1153668766
2,2024,11,Mosaic,Mosaic - Bartow,PS - Industrial,1.2194639376,0.5320696313,2.7694059072,3.1725891061
2,2024,11,Mosaic,Mosaic - Black Point,PS - Industrial,0,0,0,0
2,2024,11,Mosaic,Mosaic - Bonnie,PS - Industrial,0.3442479499,0.7917702847,2.2651515102,3.3047803188
2,2024,11,Mosaic,Mosaic - Ft. Lonesome,PS - Industrial,2.2242673719,0.0348904686,5.2335702867,20.934281147
2,2024,11,Mosaic,Mosaic - Green Bay,PS - Industrial,1.175275019,3.1665053059,5.9138042357,7.1863950206
2,2024,11,Mosaic,Mosaic - Hookers Prairie,PS - Industrial,0,0,0,0
2,2024,11,Mosaic,Mosaic - Mulberry Phospho Stack,PS - Industrial,0,0,0,0
2,2024,11,Mosaic,Mosaic - Mulberry Plant,PS - Industrial,0,0,0,0
2,2024,11,Mosaic,Mosaic - New Wales Chemical Plant,PS - Industrial,0,0,0,0
2,2024,11,Mosaic,Mosaic - Nichols Mine,PS - Industrial,0,0,0,0
2,2024,11,Mosaic,Mosaic - Plant City,PS - Industrial,1.9941344878,0.5492319564,10.139666887,8.1117335098
2,2024,11,Mosaic,Mosaic - Port Sutton,PS - Industrial,0,0,0,0
2,2024,11,Mosaic,Mosaic - Riverview,PS - Industrial,0.3062805305,0.8665659756,0.9349148413,0.146461855
2,2024,11,Mosaic,Mosaic - Riverview Stack Closure,PS - Industrial,0,0,0,0
2,2024,11,Mosaic,Mosaic - South Pierce,PS - Industrial,0,0,0,0
2,2024,11,Mosaic,Mosaic - Tampa Ammonia Terminal,PS - Industrial,0,0,0,0
2,2024,11,Mosaic,Mosaic - Tampa Marine Terminal,PS - Industrial,0.2586741686,0.6650870392,0.2452672757,0.2523650425
2,2024,11,TECO,TECO - Bayside (fka Gannon),PS - Industrial,0.0153972719,0.0093885805,0.1216760026,0.0901303723
2,2024,11,Trademark Nitrogen,Trademark Nitrogen Corporation,PS - Industrial,0.0122236814,0.0022698934,0.0170246259,0.0186986573
2,2024,11,Springs,,Springs,16.533169003,0.902918389,43.002376763,0
2,2024,12,Atmospheric Deposition,,Atmospheric Deposition,0.728933924,0.0146544959,0,0
2,2024,12,Ground Water,,Ground Water,1.7256819188,0.2053736832,0,0
2,2024,12,CSX,CSX Newport,Material Losses,0.0888935833,0,0,0
2,2024,12,CSX,CSX Rockport,Material Losses,0.03570925,0,0,0
2,2024,12,Kinder Morgan,Kinder Morgan Port Sutton,Material Losses,0.011792,0,0,0
2,2024,12,Kinder Morgan,Kinder Morgan Tampaplex,Material Losses,0.007782,0,0,0
2,2024,12,Mosaic,Mosaic All,Material Losses,0.185,0,0,0
2,2024,12,ALAFIA PRESERVE,,Non-Point Source,0.0236909036,0,0.3367550577,0.0425802451
2,2024,12,BLOOMINGDALE,,Non-Point Source,0.0060526509,0.0011514156,0.1975283654,0.0373375113
2,2024,12,CITY OF PLANT CITY,,Non-Point Source,0.504000614,0,17.92156457,2.4093495027
2,2024,12,Conservation,,Non-Point Source,2.4902002741,0.0568270318,36.463799189,8.4298769837
2,2024,12,DONALDSON KNOLL,,Non-Point Source,0.0034158673,0,0.0910835614,0.0094130764
2,2024,12,EAGLE RIDGE,,Non-Point Source,0.0518912172,0,0.7741212297,0.0921106998
2,2024,12,FDACS (Agriculture),,Non-Point Source,6.9587811274,0,41.829247994,12.854572268
2,2024,12,HILLSBOROUGH,,Non-Point Source,8.7699607489,0.4911928127,227.11800878,39.928591401
2,2024,12,LAKE ST. CHARLES,,Non-Point Source,0.018849604,0.0037581368,0.613867296,0.1113821736
2,2024,12,LIVE OAK I,,Non-Point Source,0.0077789224,0.0004762315,0.428833148,0.0839805323
2,2024,12,LIVE OAK II,,Non-Point Source,0.0067621986,0.0004331584,0.4292591074,0.0784290054
2,2024,12,Lakeland,,Non-Point Source,0.6907343097,0,21.511671658,2.8410921494
2,2024,12,MAGNOLIA PARK,,Non-Point Source,0.0183858408,0.0036558048,0.6353356474,0.1134386392
2,2024,12,MSGP COT,,Non-Point Source,0.1724151667,0.0166745092,8.526393779,1.8307102237
2,2024,12,MacDill AFB,,Non-Point Source,0.0358936264,0.0053257636,0.7391251747,0.2886545403
2,2024,12,Mulberry,,Non-Point Source,0.1192552089,0,2.5396556071,0.2390327933
2,2024,12,None,,Non-Point Source,0.0010255812,0.0000872801,0.0162896843,0.0051094644
2,2024,12,PALM RIVER,,Non-Point Source,0.001330787,0.0002701663,0.0486655518,0.0088905998
2,2024,12,PANTHER TRACE,,Non-Point Source,0.0181610892,0.0036397193,0.6203558087,0.1096453312
2,2024,12,PANTHER TRACE II,,Non-Point Source,0.0210224638,0.0039550906,0.7256227675,0.1454505497
2,2024,12,PASCO,,Non-Point Source,1.2442038904,0.0761466946,59.663700456,12.522826229
2,2024,12,POLK,,Non-Point Source,3.8517422739,0,74.957071855,9.5625790297
2,2024,12,RIVERCREST,,Non-Point Source,0.0219223072,0.004909831,0.7052578582,0.1307760807
2,2024,12,SAN ANTONIO,,Non-Point Source,0.0091266399,0.0005652911,0.4942175167,0.0911314599
2,2024,12,SPRING LAKE,,Non-Point Source,0.0171178562,0.003928776,0.6533912844,0.1136133188
2,2024,12,ST. LEO,,Non-Point Source,0.0002000829,0.0000115503,0.0186023923,0.0038998032
2,2024,12,STONE CREST,,Non-Point Source,0.0017173936,0.000341611,0.0571291776,0.0101147784
2,2024,12,STONE DAIRY CREEK,,Non-Point Source,0.0126319557,0.002549348,0.4466875182,0.0784417856
2,2024,12,STONELAKE RANCH,,Non-Point Source,0.0074249173,0.0004941782,0.216004059,0.0466771434
2,2024,12,TEMPLE TERRACE,,Non-Point Source,0.0568426673,0.0035797257,3.8288083912,0.6816385781
2,2024,12,Tampa,,Non-Point Source,2.0344624619,0.3654351221,84.489769538,15.690163834
2,2024,12,ZEPHYRHILLS,,Non-Point Source,0.0516446216,0.0032499324,3.9367176064,0.7075169208
2,2024,12,Lakeland,City of Lakeland,PS - Domestic - REUSE,0,0,0,0
2,2024,12,Zephyrhills,City of Zephyrhills WWTF,PS - Domestic - REUSE,0.0651360935,0.0470427342,0.0120622395,0.0241244791
2,2024,12,Hillsborough Co.,Falkenburg AWTP,PS - Domestic - REUSE,0,0,0,0
2,2024,12,Tampa,Howard F. Curren,PS - Domestic - REUSE,0.4006461541,0.0687709345,0.0177473379,0.0488051793
2,2024,12,Polk Co.,NW Regional WWTP,PS - Domestic - REUSE,0.0184930625,0.0010502233,0.0014840112,0.0025114035
2,2024,12,Pasco Co.,Pasco Reuse,PS - Domestic - REUSE,0.107762749,0,0,0
2,2024,12,Plant City,Plant City WRF,PS - Domestic - REUSE,0.1659757691,0.0039168323,0.0367203029,0.0318242625
2,2024,12,Polk Co.,Southwest Regional WWTF,PS - Domestic - REUSE,0.0846532497,0.0091830832,0.0061220555,0.0124552163
2,2024,12,Hillsborough Co.,Valrico AWTP,PS - Domestic - REUSE,2.0966371315,0.00702391,0.0380461791,0.0854575715
2,2024,12,Lakeland,City of Lakeland,PS - Domestic - SW,0.7899139621,1.007821262,1.9657054344,1.0214404682
2,2024,12,Mulberry,City of Mulberry,PS - Domestic - SW,0.093406361,0.109510906,0.077301816,0.025767272
2,2024,12,Hillsborough Co.,Falkenburg AWTP,PS - Domestic - SW,1.7066212706,0.2543522086,0.4266553177,1.0256137444
2,2024,12,Tampa,Howard F. Curren,PS - Domestic - SW,21.23930778,21.874370139,5.6449987456,15.52374655
2,2024,12,Plant City,Plant City WRF,PS - Domestic - SW,0.1751113795,0.0247945316,0.2324487339,0.2014555693
2,2024,12,Hillsborough Co.,Valrico AWTP,PS - Domestic - SW,0,0,0,0
2,2024,12,Alpha/Owens Corning,Alpha/Owens Corning,PS - Industrial,0.0013038861,0.0054328586,0.0108657171,0.0325971513
2,2024,12,Cytech Brewster,Brewster Phosphogypsum,PS - Industrial,0.0529470872,0.0784401292,0.2745404523,0.9412815507
2,2024,12,Busch Gardens,Busch Gardens,PS - Industrial,1.2164429011,0.1267666996,0.2587075502,0.4967184964
2,2024,12,CSX,CSX - Rockport Newport,PS - Industrial,0,0,0,0
2,2024,12,CSX,CSX Winston Yard,PS - Industrial,0.0015781161,0,0,0.757495707
2,2024,12,Coronet,Coronet Industries,PS - Industrial,0,0,0,0
2,2024,12,Estech Agricola,Estech Agricola,PS - Industrial,0.2961515875,0.3578934379,0.9941484386,1.004613159
2,2024,12,Kerry,Kerry I and F,PS - Industrial,0.0543285855,0.0232836795,0,0.2587075502
2,2024,12,Kinder Morgan,Kinder Morgan Port Sutton,PS - Industrial,0.0532161431,0.0045959396,0.0290269871,0.0290269871
2,2024,12,Kinder Morgan,Kinder Morgan Tampaplex,PS - Industrial,0,0,0,0
2,2024,12,Lowry Park Zoo,Lowry Park Zoo,PS - Industrial,0.010141336,0.0016557283,0.05174151,0.0993436993
2,2024,12,Mosaic,Mosaic - Bartow,PS - Industrial,0.4151221351,0.235333323,1.224902638,1.4032297523
2,2024,12,Mosaic,Mosaic - Black Point,PS - Industrial,0.0012314479,0.0001448762,0.0021214019,0.0006338335
2,2024,12,Mosaic,Mosaic - Bonnie,PS - Industrial,0.1684703567,0.5236240816,1.4980201987,2.1855613842
2,2024,12,Mosaic,Mosaic - Ft. Lonesome,PS - Industrial,0,0,0,0
2,2024,12,Mosaic,Mosaic - Green Bay,PS - Industrial,0.8157437119,2.3473441507,4.3839287921,5.3273058739
2,2024,12,Mosaic,Mosaic - Hookers Prairie,PS - Industrial,0,0,0,0
2,2024,12,Mosaic,Mosaic - Mulberry Phospho Stack,PS - Industrial,0,0,0,0
2,2024,12,Mosaic,Mosaic - Mulberry Plant,PS - Industrial,0,0,0,0
2,2024,12,Mosaic,Mosaic - New Wales Chemical Plant,PS - Industrial,0.2880967279,0.134113994,2.4339206324,4.7684975655
2,2024,12,Mosaic,Mosaic - Nichols Mine,PS - Industrial,0,0,0,0
2,2024,12,Mosaic,Mosaic - Plant City,PS - Industrial,2.0060830212,0.5322261077,9.825712757,7.8605702056
2,2024,12,Mosaic,Mosaic - Port Sutton,PS - Industrial,0,0,0,0
2,2024,12,Mosaic,Mosaic - Riverview,PS - Industrial,0.2466517784,0.578599436,0.6242354479,0.097791454
2,2024,12,Mosaic,Mosaic - Riverview Stack Closure,PS - Industrial,0,0,0,0
2,2024,12,Mosaic,Mosaic - South Pierce,PS - Industrial,0.2053103118,0.9623920868,2.2969091138,6.1593093554
2,2024,12,Mosaic,Mosaic - Tampa Ammonia Terminal,PS - Industrial,0,0,0,0
2,2024,12,Mosaic,Mosaic - Tampa Marine Terminal,PS - Industrial,0,0,0,0
2,2024,12,TECO,TECO - Bayside (fka Gannon),PS - Industrial,0.048895727,0.0045273821,0.0586748724,0.0434628684
2,2024,12,Trademark Nitrogen,Trademark Nitrogen Corporation,PS - Industrial,0.0133353394,0.0024490369,0.0284707659,0.0201743847
2,2024,12,Springs,,Springs,14.986025418,0.7634993769,37.340421527,0
3,2022,1,Atmospheric Deposition,,Atmospheric Deposition,2.4729209686,0.0472208189,0,0
3,2022,1,Ground Water,,Ground Water,0.0227613533,0.1291851126,0,0
3,2022,1,Conservation,,Non-Point Source,0.6217470638,0.0921019819,6.9890290138,2.0563002374
3,2022,1,FDACS (Agriculture),,Non-Point Source,3.2536411746,0.8529233534,21.347275777,8.7275538775
3,2022,1,HARBOR BAY,,Non-Point Source,0.0288833802,0.0062314597,0.7473843093,0.1445405266
3,2022,1,HILLSBOROUGH,,Non-Point Source,1.9060886123,0.3976631772,79.019390265,16.80468002
3,2022,1,MANATEE,,Non-Point Source,0.5207131044,0.0884635037,13.668759951,3.7164462847
3,2022,1,MSGP PINELLAS,,Non-Point Source,0.0346591035,0.0061963322,1.1994930872,0.2253478657
3,2022,1,MacDill AFB,,Non-Point Source,0.1290542986,0.0197000854,2.5343289386,1.0072451464
3,2022,1,None,,Non-Point Source,0.0001463876,6.1481982E-6,0.0023802744,0.0004362228
3,2022,1,PINELLAS,,Non-Point Source,0.0268150984,0.0103087203,1.8109127845,0.3403795108
3,2022,1,PINELLAS PARK,,Non-Point Source,0.0569142127,0.0120871199,2.579037276,0.477903646
3,2022,1,POLK,,Non-Point Source,6.4273103E-7,7.9952253E-8,0.0000417034,7.8992668E-6
3,2022,1,PORT MANATEE,,Non-Point Source,0.0007382265,0.0001295155,0.0157997055,0.0062413141
3,2022,1,ST PETERSBURG,,Non-Point Source,0.4152245688,0.1100388498,20.142794572,3.7195292444
3,2022,1,MacDill,MacDill AFB WWTP,PS - Domestic - REUSE,0.029536641,0.0105488004,0.00428161,0.0049115628
3,2022,1,Hillsborough Co.,South County Regional WWTP,PS - Domestic - REUSE,0.2538689429,0.0130493382,0.0237260694,0.0711782083
3,2022,1,St. Petersburg,St Pete Facilities,PS - Domestic - REUSE,1.7649688812,0.0751120777,0.0797347206,0.1692477561
3,2022,1,Hillsborough Co.,South County Regional WWTP,PS - Domestic - SW,0,0,0,0
3,2022,1,Mosaic,Mosaic - Four Corners,PS - Industrial,0,0,0,0
3,2022,1,TECO,TECO - Big Bend,PS - Industrial,2.0384085296,0.0599735843,0.41981509,0.3328013926
3,2022,2,Atmospheric Deposition,,Atmospheric Deposition,2.8332337277,0.0492015961,0,0
3,2022,2,Ground Water,,Ground Water,0.0227613533,0.1291851126,0,0
3,2022,2,Conservation,,Non-Point Source,0.489377626,0.0895175488,6.1680492369,1.8356638708
3,2022,2,FDACS (Agriculture),,Non-Point Source,2.5545030606,0.8353353642,19.309821086,7.9580826061
3,2022,2,HARBOR BAY,,Non-Point Source,0.0231525835,0.0048731422,0.5844714044,0.1130339553
3,2022,2,HILLSBOROUGH,,Non-Point Source,1.4831449914,0.3595593849,69.932498413,14.868469426
3,2022,2,MANATEE,,Non-Point Source,0.4115275691,0.0843522509,12.444215603,3.3752606899
3,2022,2,MSGP PINELLAS,,Non-Point Source,0.0270513208,0.0048155939,0.932203978,0.1751343409
3,2022,2,MacDill AFB,,Non-Point Source,0.101546785,0.0154684446,1.9899470437,0.790885694
3,2022,2,None,,Non-Point Source,0.0001151856,4.8275457E-6,0.0018689839,0.0003425208
3,2022,2,PINELLAS,,Non-Point Source,0.0209337665,0.008013935,1.4077788382,0.2646007964
3,2022,2,PINELLAS PARK,,Non-Point Source,0.0444207333,0.0093936011,2.0043192764,0.3714066093
3,2022,2,POLK,,Non-Point Source,4.9951853E-7,8.383834E-8,0.000039319,7.4476243E-6
3,2022,2,PORT MANATEE,,Non-Point Source,0.0005917538,0.000101284,0.0123557264,0.0048808486
3,2022,2,ST PETERSBURG,,Non-Point Source,0.3240814825,0.0855191145,15.654397582,2.8907079417
3,2022,2,MacDill,MacDill AFB WWTP,PS - Domestic - REUSE,0.0046360393,0.010141336,0.0049713577,0.003570498
3,2022,2,Hillsborough Co.,South County Regional WWTP,PS - Domestic - REUSE,0.2381432209,0.0105841431,0.0306940151,0.0915528382
3,2022,2,St. Petersburg,St Pete Facilities,PS - Domestic - REUSE,1.7095732369,0.0806225177,0.0507443903,0.1539222069
3,2022,2,Hillsborough Co.,South County Regional WWTP,PS - Domestic - SW,0,0,0,0
3,2022,2,Mosaic,Mosaic - Four Corners,PS - Industrial,0,0,0,0
3,2022,2,TECO,TECO - Big Bend,PS - Industrial,1.63504507,0.0481059179,0.3367414251,0.2669461339
3,2022,3,Atmospheric Deposition,,Atmospheric Deposition,6.6313485448,0.1205079881,0,0
3,2022,3,Ground Water,,Ground Water,0.0227613533,0.1291851126,0,0
3,2022,3,Conservation,,Non-Point Source,0.4553537736,0.1259120871,6.29275793,1.842729497
3,2022,3,FDACS (Agriculture),,Non-Point Source,2.2862412469,1.1815217484,19.092155589,7.7696003031
3,2022,3,HARBOR BAY,,Non-Point Source,0.0279216607,0.0059560127,0.7143479474,0.1381514533
3,2022,3,HILLSBOROUGH,,Non-Point Source,1.4205066363,0.486286181,71.719416226,15.147732949
3,2022,3,MANATEE,,Non-Point Source,0.3752581524,0.1172449008,12.191188184,3.3204651947
3,2022,3,MSGP PINELLAS,,Non-Point Source,0.0306303634,0.0054653117,1.0579613165,0.1987673184
3,2022,3,MacDill AFB,,Non-Point Source,0.1188606779,0.0181265949,2.331906335,0.9267941908
3,2022,3,None,,Non-Point Source,0.0001348249,5.6571276E-6,0.0021901565,0.0004013807
3,2022,3,PINELLAS,,Non-Point Source,0.0237254882,0.0091035597,1.5991405442,0.3005482705
3,2022,3,PINELLAS PARK,,Non-Point Source,0.0502948686,0.0106605223,2.2746431382,0.4214984635
3,2022,3,POLK,,Non-Point Source,4.0380685E-7,1.2322221E-7,0.0000363978,6.894303E-6
3,2022,3,PORT MANATEE,,Non-Point Source,0.000713646,0.0001237906,0.0151013167,0.0059654316
3,2022,3,ST PETERSBURG,,Non-Point Source,0.36695938,0.0970587294,17.766673511,3.2807467778
3,2022,3,MacDill,MacDill AFB WWTP,PS - Domestic - REUSE,0.0241684593,0.0117485566,0.0038916083,0.0057737058
3,2022,3,Hillsborough Co.,South County Regional WWTP,PS - Domestic - REUSE,0.2677611503,0.0133301006,0.0208645052,0.1616999154
3,2022,3,St. Petersburg,St Pete Facilities,PS - Domestic - REUSE,2.0741675089,0.1299967451,0.0734900623,0.1792512236
3,2022,3,Hillsborough Co.,South County Regional WWTP,PS - Domestic - SW,0,0,0,0
3,2022,3,Mosaic,Mosaic - Four Corners,PS - Industrial,0,0,0,0
3,2022,3,TECO,TECO - Big Bend,PS - Industrial,0.6344802669,0.0487844827,0.3414913792,0.2707115805
3,2022,4,Atmospheric Deposition,,Atmospheric Deposition,33.692855009,0.5052326366,0,0
3,2022,4,Ground Water,,Ground Water,0.0227613533,0.1291851126,0,0
3,2022,4,Conservation,,Non-Point Source,0.4085761497,0.0786984153,6.3206322963,1.7286490853
3,2022,4,FDACS (Agriculture),,Non-Point Source,1.686169882,0.7057496087,16.405690359,6.307060529
3,2022,4,HARBOR BAY,,Non-Point Source,0.0503348487,0.0097088141,1.1644487319,0.2251987777
3,2022,4,HILLSBOROUGH,,Non-Point Source,1.5714040632,0.4431214705,70.747359353,14.892493424
3,2022,4,MANATEE,,Non-Point Source,0.3025189537,0.0804585348,10.002018175,2.7680788533
3,2022,4,MSGP PINELLAS,,Non-Point Source,0.0531369295,0.0093109186,1.8023853173,0.338627488
3,2022,4,MacDill AFB,,Non-Point Source,0.2040525009,0.0308403457,3.9674741996,1.5768352207
3,2022,4,None,,Non-Point Source,0.0002314589,9.6249612E-6,0.003726303,0.0006829038
3,2022,4,PINELLAS,,Non-Point Source,0.0411462922,0.0155085803,2.724256451,0.5120080715
3,2022,4,PINELLAS PARK,,Non-Point Source,0.0872521589,0.0181617151,3.8751779198,0.7180825474
3,2022,4,POLK,,Non-Point Source,1.102283E-7,4.7230767E-8,0.0000221506,4.1956581E-6
3,2022,4,PORT MANATEE,,Non-Point Source,0.0012865017,0.0002017893,0.024616448,0.0097241677
3,2022,4,ST PETERSBURG,,Non-Point Source,0.6365935978,0.1653529421,30.267985392,5.5892065351
3,2022,4,MacDill,MacDill AFB WWTP,PS - Domestic - REUSE,0.0059035394,0.0114791044,0.0029417552,0.0049621777
3,2022,4,Hillsborough Co.,South County Regional WWTP,PS - Domestic - REUSE,0.2303619654,0.0116850272,0.0172493259,0.0779001815
3,2022,4,St. Petersburg,St Pete Facilities,PS - Domestic - REUSE,1.7348745328,0.107946521,0.0617794531,0.2036646011
3,2022,4,Hillsborough Co.,South County Regional WWTP,PS - Domestic - SW,0,0,0,0
3,2022,4,Mosaic,Mosaic - Four Corners,PS - Industrial,0,0,0,0
3,2022,4,TECO,TECO - Big Bend,PS - Industrial,0.227917179,0.0257710274,0.180397192,0.1430068574
3,2022,5,Atmospheric Deposition,,Atmospheric Deposition,13.885218304,0.242374677,0,0
3,2022,5,Ground Water,,Ground Water,0.0227613533,0.1291851126,0,0
3,2022,5,Conservation,,Non-Point Source,0.5438637889,0.1100589977,8.0385341585,2.1140952757
3,2022,5,FDACS (Agriculture),,Non-Point Source,2.1804121082,0.9848415869,19.077616414,7.0159160935
3,2022,5,HARBOR BAY,,Non-Point Source,0.0705701635,0.0148787951,1.7845221781,0.3451179964
3,2022,5,HILLSBOROUGH,,Non-Point Source,2.1752212125,0.6617351699,89.618534047,18.759364555
3,2022,5,MANATEE,,Non-Point Source,0.3920423309,0.1163029404,11.282447618,3.1758039518
3,2022,5,MSGP PINELLAS,,Non-Point Source,0.0779068365,0.0138727739,2.6854815017,0.5045309863
3,2022,5,MacDill AFB,,Non-Point Source,0.2959061746,0.0450814635,5.7995310798,2.3049689576
3,2022,5,None,,Non-Point Source,0.0003356494,0.0000140695,0.0054469944,0.0009982476
3,2022,5,PINELLAS,,Non-Point Source,0.060308155,0.0230941981,4.0568295204,0.7624880203
3,2022,5,PINELLAS PARK,,Non-Point Source,0.1279274699,0.0270606895,5.7739583274,1.0699324754
3,2022,5,POLK,,Non-Point Source,1.0938308E-7,5.7863891E-8,0.0000173801,3.2920587E-6
3,2022,5,PORT MANATEE,,Non-Point Source,0.0018036934,0.0003092429,0.0377248016,0.0149023245
3,2022,5,ST PETERSBURG,,Non-Point Source,0.933343157,0.2463649472,45.097398642,8.3275815221
3,2022,5,MacDill,MacDill AFB WWTP,PS - Domestic - REUSE,0.0064146537,0.0124729378,0.0023555322,0.0052478827
3,2022,5,Hillsborough Co.,South County Regional WWTP,PS - Domestic - REUSE,0.19337665,0.0104379442,0.014832868,0.1098730966
3,2022,5,St. Petersburg,St Pete Facilities,PS - Domestic - REUSE,2.2385563724,0.1197906404,0.141547116,0.2255959609
3,2022,5,Hillsborough Co.,South County Regional WWTP,PS - Domestic - SW,0,0,0,0
3,2022,5,Mosaic,Mosaic - Four Corners,PS - Industrial,0,0,0,0
3,2022,5,TECO,TECO - Big Bend,PS - Industrial,0.2335353056,0.0684773015,0.4793411103,0.3799896497
3,2022,6,Atmospheric Deposition,,Atmospheric Deposition,40.127192203,0.6220303429,0,0
3,2022,6,Ground Water,,Ground Water,0.0227613533,0.1291851126,0,0
3,2022,6,Conservation,,Non-Point Source,2.2598580255,0.3235780395,20.584500985,5.778879247
3,2022,6,FDACS (Agriculture),,Non-Point Source,11.616575434,3.0118814649,57.473690049,22.557885618
3,2022,6,HARBOR BAY,,Non-Point Source,0.1374140717,0.0273079177,3.275237312,0.6334151251
3,2022,6,HILLSBOROUGH,,Non-Point Source,8.0978990117,1.5935014953,234.89256172,49.750954093
3,2022,6,MANATEE,,Non-Point Source,1.9245514319,0.330567572,35.914748983,9.9502849786
3,2022,6,MSGP PINELLAS,,Non-Point Source,0.1227301915,0.0216242217,4.1858923615,0.786467043
3,2022,6,MacDill AFB,,Non-Point Source,0.4906041767,0.0743536728,9.5652714542,3.8016269711
3,2022,6,None,,Non-Point Source,0.0005564974,0.000023205,0.0089838264,0.0016464278
3,2022,6,PINELLAS,,Non-Point Source,0.095145283,0.0360581014,6.3337783442,1.1903004385
3,2022,6,PINELLAS PARK,,Non-Point Source,0.2015111999,0.0421776347,8.9994715552,1.6676301303
3,2022,6,POLK,,Non-Point Source,1.965325E-6,2.4747011E-7,0.0000856365,0.0000162209
3,2022,6,PORT MANATEE,,Non-Point Source,0.003512148,0.0005675714,0.0692385219,0.0273511026
3,2022,6,ST PETERSBURG,,Non-Point Source,1.4703385722,0.3840320914,70.297053412,12.980823197
3,2022,6,MacDill,MacDill AFB WWTP,PS - Domestic - REUSE,0.0124379914,0.0120924916,0.0030894689,0.0031808511
3,2022,6,Hillsborough Co.,South County Regional WWTP,PS - Domestic - REUSE,0.1922749981,0.0109871427,0.0164807141,0.0692189993
3,2022,6,St. Petersburg,St Pete Facilities,PS - Domestic - REUSE,1.8701093901,0.1457974414,0.0850905285,0.1950422102
3,2022,6,Hillsborough Co.,South County Regional WWTP,PS - Domestic - SW,0,0,0,0
3,2022,6,Mosaic,Mosaic - Four Corners,PS - Industrial,0,0,0,0
3,2022,6,TECO,TECO - Big Bend,PS - Industrial,1.1867290871,0.0439623409,0.3077363864,0.2439528744
3,2022,7,Atmospheric Deposition,,Atmospheric Deposition,24.703899247,0.4246835873,0,0
3,2022,7,Ground Water,,Ground Water,0.0260606231,0.1472651113,0,0
3,2022,7,Conservation,,Non-Point Source,3.5971391987,0.5671950518,30.572593926,8.7723628895
3,2022,7,FDACS (Agriculture),,Non-Point Source,18.365319776,5.1698729055,83.807576462,33.800321286
3,2022,7,HARBOR BAY,,Non-Point Source,0.1602925657,0.0330127468,3.9083878209,0.7544633925
3,2022,7,HILLSBOROUGH,,Non-Point Source,11.974295994,2.4437786497,333.50125827,71.948017128
3,2022,7,MANATEE,,Non-Point Source,2.9414179102,0.5352348665,51.897822134,14.616018516
3,2022,7,MSGP PINELLAS,,Non-Point Source,0.305696704,0.0543161558,10.392768862,1.9407946792
3,2022,7,MacDill AFB,,Non-Point Source,0.8835541677,0.1342127095,17.327323305,6.8631411681
3,2022,7,None,,Non-Point Source,0.0010171613,0.0000435123,0.0167930369,0.0030738322
3,2022,7,PINELLAS,,Non-Point Source,0.2309078884,0.0881414402,15.328209698,2.8679379973
3,2022,7,PINELLAS PARK,,Non-Point Source,0.495141084,0.1043199838,22.121338315,4.0799842869
3,2022,7,POLK,,Non-Point Source,3.4759583E-6,4.9538238E-7,0.0001365975,0.0000268628
3,2022,7,PORT MANATEE,,Non-Point Source,0.0041133509,0.0006890818,0.0830837517,0.0327454659
3,2022,7,ST PETERSBURG,,Non-Point Source,3.6274354099,0.9548186511,172.92849355,31.754435736
3,2022,7,MacDill,MacDill AFB WWTP,PS - Domestic - REUSE,0.0111761662,0.0130388605,0.0036801149,0.0055880831
3,2022,7,Hillsborough Co.,South County Regional WWTP,PS - Domestic - REUSE,0.2316241035,0.0224347954,0.0315299827,0.0485076657
3,2022,7,St. Petersburg,St Pete Facilities,PS - Domestic - REUSE,1.9173973761,0.1200409219,0.0804239349,0.1957854902
3,2022,7,Hillsborough Co.,South County Regional WWTP,PS - Domestic - SW,0,0,0,0
3,2022,7,Mosaic,Mosaic - Four Corners,PS - Industrial,0,0,0,0
3,2022,7,TECO,TECO - Big Bend,PS - Industrial,0.5474251762,0.0257349336,0.1801445349,0.1428065677
3,2022,8,Atmospheric Deposition,,Atmospheric Deposition,14.689949674,0.2666818504,0,0
3,2022,8,Ground Water,,Ground Water,0.0260606231,0.1472651113,0,0
3,2022,8,Conservation,,Non-Point Source,2.8812582535,0.2670580322,23.412748236,6.1398661864
3,2022,8,FDACS (Agriculture),,Non-Point Source,14.472964173,2.3271412147,60.773972729,21.826254462
3,2022,8,HARBOR BAY,,Non-Point Source,0.1388313084,0.0290195031,3.435626643,0.6632030011
3,2022,8,HILLSBOROUGH,,Non-Point Source,9.6526533291,1.5095203146,252.72843177,51.022346222
3,2022,8,MANATEE,,Non-Point Source,2.3532955721,0.2797945019,36.995264979,9.6963090455
3,2022,8,MSGP PINELLAS,,Non-Point Source,0.2669950029,0.0475631005,9.1007592878,1.6994676087
3,2022,8,MacDill AFB,,Non-Point Source,0.744820693,0.1132913043,14.626297791,5.7932979455
3,2022,8,None,,Non-Point Source,0.0008574492,0.0000367295,0.0141752972,0.0025946757
3,2022,8,PINELLAS,,Non-Point Source,0.2015208935,0.0771204168,13.411812565,2.5095243325
3,2022,8,PINELLAS PARK,,Non-Point Source,0.4324760397,0.0913534174,19.371742396,3.5728581815
3,2022,8,POLK,,Non-Point Source,2.606993E-6,1.4244986E-7,0.0000830336,0.0000141137
3,2022,8,PORT MANATEE,,Non-Point Source,0.0035626224,0.00060573,0.0730338861,0.0287845527
3,2022,8,ST PETERSBURG,,Non-Point Source,3.1681966398,0.8360970694,151.42706345,27.80624902
3,2022,8,MacDill,MacDill AFB WWTP,PS - Domestic - REUSE,0.0055259933,0.0120881103,0.0023555322,0.0034537458
3,2022,8,Hillsborough Co.,South County Regional WWTP,PS - Domestic - REUSE,0.2468591325,0.0389137549,0.0158087129,0.1307258953
3,2022,8,St. Petersburg,St Pete Facilities,PS - Domestic - REUSE,1.6033664981,0.0892220339,0.1328409123,0.1850533723
3,2022,8,Hillsborough Co.,South County Regional WWTP,PS - Domestic - SW,0,0,0,0
3,2022,8,Mosaic,Mosaic - Four Corners,PS - Industrial,1.2687535677,1.1459709644,12.994492186,9.8226082664
3,2022,8,TECO,TECO - Big Bend,PS - Industrial,0.4250759081,0.0512460851,0.3587225956,0.2843713392
3,2022,9,Atmospheric Deposition,,Atmospheric Deposition,13.781012781,0.3742747484,0,0
3,2022,9,Ground Water,,Ground Water,0.0260606231,0.1472651113,0,0
3,2022,9,Conservation,,Non-Point Source,13.005807238,1.2523012939,115.26061639,29.965056085
3,2022,9,FDACS (Agriculture),,Non-Point Source,64.756752775,10.952917053,301.36710764,106.13864926
3,2022,9,HARBOR BAY,,Non-Point Source,0.6091198974,0.133165259,15.765470207,3.0433188008
3,2022,9,HILLSBOROUGH,,Non-Point Source,44.43128293,7.6025771285,1242.8497608,249.31693937
3,2022,9,MANATEE,,Non-Point Source,10.766199508,1.4101515034,183.94834124,48.216341085
3,2022,9,MSGP PINELLAS,,Non-Point Source,1.3243845342,0.2377458799,45.491733577,8.494498095
3,2022,9,MacDill AFB,,Non-Point Source,3.3895767349,0.5176219835,66.826781827,26.469272225
3,2022,9,None,,Non-Point Source,0.0039021335,0.0001678152,0.064766184,0.0118549361
3,2022,9,PINELLAS,,Non-Point Source,0.9978669973,0.3847707515,66.916909112,12.522724888
3,2022,9,PINELLAS PARK,,Non-Point Source,2.1454598901,0.4566724175,96.838637083,17.860588362
3,2022,9,POLK,,Non-Point Source,0.0000110616,5.5351845E-7,0.000381447,0.000062774
3,2022,9,PORT MANATEE,,Non-Point Source,0.0156309426,0.0027795855,0.3351393136,0.1320871138
3,2022,9,ST PETERSBURG,,Non-Point Source,15.715320502,4.179143668,756.89687056,138.98824375
3,2022,9,MacDill,MacDill AFB WWTP,PS - Domestic - REUSE,0.0064493289,0.0141079069,0.0047362259,0.0040308305
3,2022,9,Hillsborough Co.,South County Regional WWTP,PS - Domestic - REUSE,0.252186284,0.0142864151,0.019255603,0.1000049057
3,2022,9,St. Petersburg,St Pete Facilities,PS - Domestic - REUSE,0.8355745587,0.0558316897,0.0631932945,0.1458044973
3,2022,9,Hillsborough Co.,South County Regional WWTP,PS - Domestic - SW,0,0,0,0
3,2022,9,Mosaic,Mosaic - Four Corners,PS - Industrial,5.9923678769,6.3315585114,71.795350978,54.270501527
3,2022,9,TECO,TECO - Big Bend,PS - Industrial,1.9176738886,0.0675677358,0.4729741505,0.3749423489
3,2022,10,Atmospheric Deposition,,Atmospheric Deposition,0.8310151618,0.0165458986,0,0
3,2022,10,Ground Water,,Ground Water,0.0260606231,0.1472651113,0,0
3,2022,10,Conservation,,Non-Point Source,4.0055700682,0,28.169011797,5.6734007001
3,2022,10,FDACS (Agriculture),,Non-Point Source,22.645729214,0,92.066303223,24.188466872
3,2022,10,HARBOR BAY,,Non-Point Source,0.0554128444,0.0117839006,1.3950991019,0.2693057213
3,2022,10,HILLSBOROUGH,,Non-Point Source,11.922804604,0.1894042094,310.68290699,44.195131195
3,2022,10,MANATEE,,Non-Point Source,3.4847120317,0,60.187835194,10.224811303
3,2022,10,MSGP PINELLAS,,Non-Point Source,0.1389851214,0.0248335147,4.7518203415,0.887277386
3,2022,10,MacDill AFB,,Non-Point Source,0.3484292397,0.0530797187,6.8527746041,2.7143003379
3,2022,10,None,,Non-Point Source,0.0004011172,0.0000172087,0.0066414699,0.0012156684
3,2022,10,PINELLAS,,Non-Point Source,0.1046776815,0.0401762701,6.9872534549,1.3076182121
3,2022,10,PINELLAS PARK,,Non-Point Source,0.2251569681,0.047702066,10.115353769,1.8656413933
3,2022,10,POLK,,Non-Point Source,5.2998272E-6,0,0.0002092609,0.0000231467
3,2022,10,PORT MANATEE,,Non-Point Source,0.0014219778,0.0002459677,0.0296567466,0.0116884946
3,2022,10,ST PETERSBURG,,Non-Point Source,1.6492157975,0.436525996,79.060585687,14.517835165
3,2022,10,MacDill,MacDill AFB WWTP,PS - Domestic - REUSE,0.0231517387,0.0142159799,0.0048435228,0.0040617085
3,2022,10,Hillsborough Co.,South County Regional WWTP,PS - Domestic - REUSE,0.1890116068,0.0192623294,0.0186603816,0.0764473696
3,2022,10,St. Petersburg,St Pete Facilities,PS - Domestic - REUSE,1.3404809213,0.0563489843,0.077136066,0.1865088389
3,2022,10,Hillsborough Co.,South County Regional WWTP,PS - Domestic - SW,0,0,0,0
3,2022,10,Mosaic,Mosaic - Four Corners,PS - Industrial,11.060485088,9.3140927057,105.61515836,79.835080335
3,2022,10,TECO,TECO - Big Bend,PS - Industrial,0.9196277287,0.0646730069,0.4527110486,0.3588791137
3,2022,11,Atmospheric Deposition,,Atmospheric Deposition,8.9268750227,0.1759667004,0,0
3,2022,11,Ground Water,,Ground Water,0.0227613533,0.1291851126,0,0
3,2022,11,Conservation,,Non-Point Source,2.2021992118,0.3092805584,21.828676091,6.2644041462
3,2022,11,FDACS (Agriculture),,Non-Point Source,11.61506216,2.889090161,64.66125854,25.756580075
3,2022,11,HARBOR BAY,,Non-Point Source,0.1074507936,0.0233213097,2.7970944029,0.5409445889
3,2022,11,HILLSBOROUGH,,Non-Point Source,7.5088017272,1.4597999966,251.18658549,53.131296775
3,2022,11,MANATEE,,Non-Point Source,1.8854301586,0.3147002173,41.001951926,11.211832684
3,2022,11,MSGP PINELLAS,,Non-Point Source,0.1086814887,0.0194493926,3.7649418558,0.7073586729
3,2022,11,MacDill AFB,,Non-Point Source,0.4279508044,0.0653594252,8.4082012395,3.3417603216
3,2022,11,None,,Non-Point Source,0.000485429,0.000020398,0.0078970911,0.0014472664
3,2022,11,PINELLAS,,Non-Point Source,0.0842172251,0.0324093353,5.6929841406,1.0699300319
3,2022,11,PINELLAS PARK,,Non-Point Source,0.1784495654,0.0379368913,8.0946211514,1.4999585301
3,2022,11,POLK,,Non-Point Source,2.1757675E-6,2.4644596E-7,0.0001110215,0.0000208436
3,2022,11,PORT MANATEE,,Non-Point Source,0.0027463205,0.0004847132,0.05913058,0.0233581902
3,2022,11,ST PETERSBURG,,Non-Point Source,1.3020314338,0.3454047915,63.226506838,11.67522467
3,2022,11,MacDill,MacDill AFB WWTP,PS - Domestic - REUSE,0.0077881404,0.0118515181,0.005614997,0.003386148
3,2022,11,Hillsborough Co.,South County Regional WWTP,PS - Domestic - REUSE,0.2584465894,0.0415151761,0.0216346692,0.0947247681
3,2022,11,St. Petersburg,St Pete Facilities,PS - Domestic - REUSE,1.1665422162,0.06430675,0.0760092826,0.1546421152
3,2022,11,Hillsborough Co.,South County Regional WWTP,PS - Domestic - SW,0,0,0,0
3,2022,11,Mosaic,Mosaic - Four Corners,PS - Industrial,0.1157424198,0.0939358769,1.0651657475,0.8051646595
3,2022,11,TECO,TECO - Big Bend,PS - Industrial,0.5078846481,0.0597714586,0.4184002101,0.3316797702
3,2022,12,Atmospheric Deposition,,Atmospheric Deposition,6.2672389958,0.1195069193,0,0
3,2022,12,Ground Water,,Ground Water,0.0227613533,0.1291851126,0,0
3,2022,12,Conservation,,Non-Point Source,1.2614658763,0.1732861474,11.792568337,3.5330267268
3,2022,12,FDACS (Agriculture),,Non-Point Source,6.9332688433,1.6225599268,37.499818308,15.524598825
3,2022,12,HARBOR BAY,,Non-Point Source,0.0406970712,0.0087777198,1.0527758241,0.203601775
3,2022,12,HILLSBOROUGH,,Non-Point Source,3.9397795561,0.696145457,134.8087975,28.816081955
3,2022,12,MANATEE,,Non-Point Source,1.0863419843,0.1622199152,24.241715959,6.5649237729
3,2022,12,MSGP PINELLAS,,Non-Point Source,0.0451649376,0.0080739554,1.5629238806,0.2936439181
3,2022,12,MacDill AFB,,Non-Point Source,0.178408657,0.0272333563,3.5034509558,1.3924135566
3,2022,12,None,,Non-Point Source,0.0002023708,8.4992561E-6,0.0032904864,0.0006030335
3,2022,12,PINELLAS,,Non-Point Source,0.0350014964,0.0134554515,2.3635595218,0.4441999144
3,2022,12,PINELLAS PARK,,Non-Point Source,0.0741581338,0.015748522,3.3602732085,0.6226690994
3,2022,12,POLK,,Non-Point Source,1.4923978E-6,1.6634885E-7,0.0000780153,0.0000147773
3,2022,12,PORT MANATEE,,Non-Point Source,0.001040171,0.0001824373,0.0222556826,0.008791601
3,2022,12,ST PETERSBURG,,Non-Point Source,0.5410872688,0.14338688,26.247022822,4.8466979559
3,2022,12,MacDill,MacDill AFB WWTP,PS - Domestic - REUSE,0.0060653985,0.0117938304,0.0062587824,0.0033696658
3,2022,12,Hillsborough Co.,South County Regional WWTP,PS - Domestic - REUSE,0.2246930696,0.0072094033,0.0270352624,0.0330430985
3,2022,12,St. Petersburg,St Pete Facilities,PS - Domestic - REUSE,1.3188447257,0.0684853479,0.0697688549,0.1572413023
3,2022,12,Hillsborough Co.,South County Regional WWTP,PS - Domestic - SW,0,0,0,0
3,2022,12,Mosaic,Mosaic - Four Corners,PS - Industrial,0,0,0,0
3,2022,12,TECO,TECO - Big Bend,PS - Industrial,1.7253206524,0.0255111515,0.1785780607,0.1415647715
3,2023,1,Atmospheric Deposition,,Atmospheric Deposition,4.8463449157,0.0850558948,0,0
3,2023,1,Ground Water,,Ground Water,0.0227613533,0.1291851126,0,0
3,2023,1,Conservation,,Non-Point Source,0.9247232161,0.1431365864,9.5575593041,2.822717588
3,2023,1,FDACS (Agriculture),,Non-Point Source,4.8600250127,1.3340102394,29.467950357,12.078758159
3,2023,1,HARBOR BAY,,Non-Point Source,0.0391968831,0.0082784721,0.9928974102,0.1920215781
3,2023,1,HILLSBOROUGH,,Non-Point Source,2.6435738864,0.5945827397,108.60014009,23.143177302
3,2023,1,MANATEE,,Non-Point Source,0.6783816737,0.1354218146,18.906674504,5.1368182225
3,2023,1,MSGP PINELLAS,,Non-Point Source,0.0443405167,0.0078980424,1.528897302,0.2872393882
3,2023,1,MacDill AFB,,Non-Point Source,0.1477354758,0.0256657616,3.3017868173,1.3122640458
3,2023,1,None,,Non-Point Source,0.0001910633,8.0100256E-6,0.0031010808,0.0005683219
3,2023,1,PINELLAS,,Non-Point Source,0,0.01314798,2.3096326317,0.4340993882
3,2023,1,PINELLAS PARK,,Non-Point Source,0.0581838439,0.0154061814,3.2872277477,0.6091335479
3,2023,1,POLK,,Non-Point Source,9.9546216E-7,1.3190013E-7,0.0000582807,0.0000110393
3,2023,1,PORT MANATEE,,Non-Point Source,0.0010018279,0.0001720609,0.0209898528,0.0082915638
3,2023,1,ST PETERSBURG,,Non-Point Source,0.310963389,0.1402603975,25.674833755,4.7410555287
3,2023,1,MacDill,MacDill AFB WWTP,PS - Domestic - REUSE,0.0061735383,0.0110241755,0.0027226383,0.0038127025
3,2023,1,Hillsborough Co.,South County Regional WWTP,PS - Domestic - REUSE,0.2501470467,0.0099561014,0.0317350731,0.0584920955
3,2023,1,St. Petersburg,St Pete Facilities,PS - Domestic - REUSE,2.288664046,0.106346191,0.0659316321,0.1883760917
3,2023,1,Hillsborough Co.,South County Regional WWTP,PS - Domestic - SW,0,0,0,0
3,2023,1,Mosaic,Mosaic - Four Corners,PS - Industrial,0,0,0,0
3,2023,1,TECO,TECO - Big Bend,PS - Industrial,1.2223931747,0.0559455077,0.3916185541,0.3104490603
3,2023,2,Atmospheric Deposition,,Atmospheric Deposition,1.1101391293,0.0186080168,0,0
3,2023,2,Ground Water,,Ground Water,0.0227613533,0.1291851126,0,0
3,2023,2,Conservation,,Non-Point Source,0.5411277179,0.1051804902,6.0600131017,1.7810000044
3,2023,2,FDACS (Agriculture),,Non-Point Source,2.7750224324,0.98150255,18.452120761,7.5425413634
3,2023,2,HARBOR BAY,,Non-Point Source,0.0264020368,0.0054839931,0.6577352011,0.1272028208
3,2023,2,HILLSBOROUGH,,Non-Point Source,1.4834180294,0.419397888,68.362562167,14.548994831
3,2023,2,MANATEE,,Non-Point Source,0.3921961981,0.0980867146,11.810695711,3.2104599366
3,2023,2,MSGP PINELLAS,,Non-Point Source,0.0306072026,0.0054360074,1.052314018,0.1976950084
3,2023,2,MacDill AFB,,Non-Point Source,0.0984439416,0.0170777729,2.1969800201,0.8731689989
3,2023,2,None,,Non-Point Source,0.0001273156,5.3298009E-6,0.002063432,0.0003781564
3,2023,2,PINELLAS,,Non-Point Source,0,0.0090407718,1.5881922316,0.2985241477
3,2023,2,PINELLAS PARK,,Non-Point Source,0.0401653946,0.0106041274,2.262610117,0.4192687072
3,2023,2,POLK,,Non-Point Source,5.4749599E-7,1.0033619E-7,0.0000360028,6.8194804E-6
3,2023,2,PORT MANATEE,,Non-Point Source,0.0006748061,0.00011398,0.0139045232,0.0054926655
3,2023,2,ST PETERSBURG,,Non-Point Source,0.2146505686,0.0965359584,17.671091975,3.2631128874
3,2023,2,MacDill,MacDill AFB WWTP,PS - Domestic - REUSE,0.0050304765,0.0095688412,0.0027991489,0.0027339546
3,2023,2,Hillsborough Co.,South County Regional WWTP,PS - Domestic - REUSE,0.2689580441,0.0053364691,0.0288169333,0.0496291629
3,2023,2,St. Petersburg,St Pete Facilities,PS - Domestic - REUSE,2.2436849806,0.1247500535,0.0605045996,0.1548744124
3,2023,2,Hillsborough Co.,South County Regional WWTP,PS - Domestic - SW,0,0,0,0
3,2023,2,Mosaic,Mosaic - Four Corners,PS - Industrial,0,0,0,0
3,2023,2,TECO,TECO - Big Bend,PS - Industrial,0.5738968004,0.0620525915,0.4343681408,0.3443380802
3,2023,3,Atmospheric Deposition,,Atmospheric Deposition,0.7267985276,0.0121755197,0,0
3,2023,3,Ground Water,,Ground Water,0.0227613533,0.1291851126,0,0
3,2023,3,Conservation,,Non-Point Source,0.2690775159,0.0569973739,3.5837415209,1.0187699595
3,2023,3,FDACS (Agriculture),,Non-Point Source,1.246734396,0.5257349461,10.152571324,4.0411923409
3,2023,3,HARBOR BAY,,Non-Point Source,0.0205451311,0.0042664234,0.5117032074,0.0989609364
3,2023,3,HILLSBOROUGH,,Non-Point Source,0.655865369,0.2527821784,40.119850076,8.4651078624
3,2023,3,MANATEE,,Non-Point Source,0.1865589015,0.0551681091,6.3715610367,1.7473189317
3,2023,3,MSGP PINELLAS,,Non-Point Source,0.0237523872,0.0042183915,0.8166084999,0.1534123115
3,2023,3,MacDill AFB,,Non-Point Source,0.0757042995,0.0131326893,1.6894624439,0.6714609224
3,2023,3,None,,Non-Point Source,0.0000979069,4.09858E-6,0.0015867649,0.0002907997
3,2023,3,PINELLAS,,Non-Point Source,0,0.0070139619,1.2321528062,0.2316055175
3,2023,3,PINELLAS PARK,,Non-Point Source,0.0311704026,0.0082289963,1.7558267195,0.325360164
3,2023,3,POLK,,Non-Point Source,1.9713285E-7,4.7574498E-8,0.0000170707,3.233463E-6
3,2023,3,PORT MANATEE,,Non-Point Source,0.0005251103,0.0000886739,0.0108174066,0.0042731703
3,2023,3,ST PETERSBURG,,Non-Point Source,0.1665772327,0.0749124907,13.712888924,2.5322000535
3,2023,3,MacDill,MacDill AFB WWTP,PS - Domestic - REUSE,0.0063156981,0.0105261634,0.0040912012,0.003170461
3,2023,3,Hillsborough Co.,South County Regional WWTP,PS - Domestic - REUSE,0.343257705,0.009635304,0.0403478355,0.07226478
3,2023,3,St. Petersburg,St Pete Facilities,PS - Domestic - REUSE,1.9775637735,0.0813146402,0.0529690825,0.1408858737
3,2023,3,Hillsborough Co.,South County Regional WWTP,PS - Domestic - SW,0,0,0,0
3,2023,3,Mosaic,Mosaic - Four Corners,PS - Industrial,0,0,0,0
3,2023,3,TECO,TECO - Big Bend,PS - Industrial,0.77301816,0.0402807656,0.281965359,0.2235233234
3,2023,4,Atmospheric Deposition,,Atmospheric Deposition,6.5555580837,0.1045375403,0,0
3,2023,4,Ground Water,,Ground Water,0.0227613533,0.1291851126,0,0
3,2023,4,Conservation,,Non-Point Source,0.4425014713,0.0840225689,4.9615069658,1.4472486464
3,2023,4,FDACS (Agriculture),,Non-Point Source,2.2497786798,0.7871727903,14.969981005,6.0728182499
3,2023,4,HARBOR BAY,,Non-Point Source,0.0242365166,0.0049097953,0.5888674888,0.1138841368
3,2023,4,HILLSBOROUGH,,Non-Point Source,1.2341825682,0.3519082791,56.673804544,12.043049855
3,2023,4,MANATEE,,Non-Point Source,0.325158316,0.080663366,9.5527782851,2.6092167026
3,2023,4,MSGP PINELLAS,,Non-Point Source,0.0234766866,0.0041509411,0.8035298984,0.1509648247
3,2023,4,MacDill AFB,,Non-Point Source,0.0792888075,0.0137244424,1.7655888684,0.7017166522
3,2023,4,None,,Non-Point Source,0.0001025426,4.2832602E-6,0.0016582639,0.000303903
3,2023,4,PINELLAS,,Non-Point Source,0,0.006913586,1.2144511917,0.2282498687
3,2023,4,PINELLAS PARK,,Non-Point Source,0.0308054761,0.0080967731,1.7276141597,0.3201322887
3,2023,4,POLK,,Non-Point Source,4.1825962E-7,7.680268E-8,0.0000277447,5.2552648E-6
3,2023,4,PORT MANATEE,,Non-Point Source,0.0006194579,0.0001020458,0.0124486596,0.0049175597
3,2023,4,ST PETERSBURG,,Non-Point Source,0.1646437903,0.0737166538,13.493894041,2.4917473782
3,2023,4,MacDill,MacDill AFB WWTP,PS - Domestic - REUSE,0.0039041473,0.0099018228,0.0048935785,0.0050876717
3,2023,4,Hillsborough Co.,South County Regional WWTP,PS - Domestic - REUSE,0.2663515238,0.0069483006,0.044584929,0.0486381043
3,2023,4,St. Petersburg,St Pete Facilities,PS - Domestic - REUSE,1.3937054287,0.0904656551,0.051800023,0.130595718
3,2023,4,Hillsborough Co.,South County Regional WWTP,PS - Domestic - SW,0,0,0,0
3,2023,4,Mosaic,Mosaic - Four Corners,PS - Industrial,0,0,0,0
3,2023,4,TECO,TECO - Big Bend,PS - Industrial,0.9258266955,0.0192741298,0.1349189083,0.1069547085
3,2023,5,Atmospheric Deposition,,Atmospheric Deposition,42.176262704,0.6228863495,0,0
3,2023,5,Ground Water,,Ground Water,0.0227613533,0.1291851126,0,0
3,2023,5,Conservation,,Non-Point Source,0.575473954,0.1805234872,6.2814740133,1.6884390774
3,2023,5,FDACS (Agriculture),,Non-Point Source,2.6053405165,1.6965107838,15.96849805,5.9934543793
3,2023,5,HARBOR BAY,,Non-Point Source,0.0559210934,0.0105992481,1.2712449675,0.2458526554
3,2023,5,HILLSBOROUGH,,Non-Point Source,1.8779579175,0.7708237957,71.789154854,15.152611531
3,2023,5,MANATEE,,Non-Point Source,0.4150970425,0.1754778722,9.6793097692,2.7292559145
3,2023,5,MSGP PINELLAS,,Non-Point Source,0.0479914157,0.0083815637,1.6224825911,0.3048280267
3,2023,5,MacDill AFB,,Non-Point Source,0.1614687157,0.0277786596,3.5736018047,1.4202943502
3,2023,5,None,,Non-Point Source,0.0002088243,8.6694398E-6,0.0033563729,0.0006151082
3,2023,5,PINELLAS,,Non-Point Source,0,0.0139608593,2.4523804326,0.4609099785
3,2023,5,PINELLAS PARK,,Non-Point Source,0.0629734737,0.0163489185,3.4883802213,0.6464077282
3,2023,5,POLK,,Non-Point Source,2.7303665E-7,1.6332464E-7,0.000016538,3.132548E-6
3,2023,5,PORT MANATEE,,Non-Point Source,0.0014292798,0.0002202962,0.0268741206,0.0106160099
3,2023,5,ST PETERSBURG,,Non-Point Source,0.3365674427,0.1488485367,27.246839119,5.0313293362
3,2023,5,MacDill,MacDill AFB WWTP,PS - Domestic - REUSE,0.0280794707,0.0103450682,0.0059705822,0.0062930612
3,2023,5,Hillsborough Co.,South County Regional WWTP,PS - Domestic - REUSE,0.4037692716,0.0064933655,0.0442729465,0
3,2023,5,St. Petersburg,St Pete Facilities,PS - Domestic - REUSE,1.429436303,0.1393771225,0.0774873223,0.1838446104
3,2023,5,Hillsborough Co.,South County Regional WWTP,PS - Domestic - SW,0,0,0,0
3,2023,5,Mosaic,Mosaic - Four Corners,PS - Industrial,0,0,0,0
3,2023,5,TECO,TECO - Big Bend,PS - Industrial,0,0,0,0
3,2023,6,Atmospheric Deposition,,Atmospheric Deposition,23.456795307,0.405822522,0,0
3,2023,6,Ground Water,,Ground Water,0.0227613533,0.1291851126,0,0
3,2023,6,Conservation,,Non-Point Source,1.6039743388,0.308541356,16.866538259,4.6853545516
3,2023,6,FDACS (Agriculture),,Non-Point Source,7.8434724853,2.869137087,45.921401648,17.826416862
3,2023,6,HARBOR BAY,,Non-Point Source,0.1114030781,0.0234183193,2.8087294657,0.543194754
3,2023,6,HILLSBOROUGH,,Non-Point Source,5.2080172441,1.4686572451,192.07167445,40.702650657
3,2023,6,MANATEE,,Non-Point Source,1.1528696091,0.3094667959,28.430477502,7.9061048601
3,2023,6,MSGP PINELLAS,,Non-Point Source,0.1149903001,0.0204657761,3.9617879526,0.7442983335
3,2023,6,MacDill AFB,,Non-Point Source,0.3747860442,0.0650844147,8.3728223558,3.3276993178
3,2023,6,None,,Non-Point Source,0.0004847033,0.0000203122,0.0078638628,0.0014411768
3,2023,6,PINELLAS,,Non-Point Source,0,0.0340487774,5.9812808343,1.1242420711
3,2023,6,PINELLAS PARK,,Non-Point Source,0.1508966744,0.0399223602,8.5182620455,1.5784605083
3,2023,6,POLK,,Non-Point Source,1.239892E-6,2.4813729E-7,0.000063935,0.0000121103
3,2023,6,PORT MANATEE,,Non-Point Source,0.0028473364,0.0004867295,0.0593765453,0.0234553532
3,2023,6,ST PETERSBURG,,Non-Point Source,0.8064355263,0.3634457724,66.529351397,12.285180262
3,2023,6,MacDill,MacDill AFB WWTP,PS - Domestic - REUSE,0.0058866399,0.0108438104,0.0095478108,0.0030982315
3,2023,6,Hillsborough Co.,South County Regional WWTP,PS - Domestic - REUSE,0.29374978,0.0064367482,0.0415462836,0
3,2023,6,St. Petersburg,St Pete Facilities,PS - Domestic - REUSE,1.9167306089,0.1241674438,0.0851686315,0.1930164143
3,2023,6,Hillsborough Co.,South County Regional WWTP,PS - Domestic - SW,0,0,0,0
3,2023,6,Mosaic,Mosaic - Four Corners,PS - Industrial,0,0,0,0
3,2023,6,TECO,TECO - Big Bend,PS - Industrial,0,0,0,0
3,2023,7,Atmospheric Deposition,,Atmospheric Deposition,14.458961785,0.2526209883,0,0
3,2023,7,Ground Water,,Ground Water,0.0260606231,0.1472651113,0,0
3,2023,7,Conservation,,Non-Point Source,1.1816850742,0.2079228386,12.801205068,3.3612362729
3,2023,7,FDACS (Agriculture),,Non-Point Source,4.7494845748,1.7465756131,27.452882619,9.9704700823
3,2023,7,HARBOR BAY,,Non-Point Source,0.0845845391,0.017506016,2.0725418626,0.4000772278
3,2023,7,HILLSBOROUGH,,Non-Point Source,3.3779070059,1.0269186138,122.26647417,25.865170211
3,2023,7,MANATEE,,Non-Point Source,0.7031867183,0.1965443969,15.570682322,4.453634391
3,2023,7,MSGP PINELLAS,,Non-Point Source,0.2592168978,0.0461010228,8.821620205,1.647054029
3,2023,7,MacDill AFB,,Non-Point Source,0.4963104678,0.0859941139,11.102136441,4.3974206702
3,2023,7,None,,Non-Point Source,0.0006514345,0.0000278797,0.0107598031,0.0019694966
3,2023,7,PINELLAS,,Non-Point Source,0,0.0743982046,12.939584406,2.4219971508
3,2023,7,PINELLAS PARK,,Non-Point Source,0.3356298454,0.0885643461,18.780312196,3.46377681
3,2023,7,POLK,,Non-Point Source,5.8301094E-7,1.3322505E-7,0.0000253301,4.9813341E-6
3,2023,7,PORT MANATEE,,Non-Point Source,0.0021705679,0.0003654066,0.0440576937,0.0173642821
3,2023,7,ST PETERSBURG,,Non-Point Source,1.8005924402,0.8103380133,146.76401893,26.950367172
3,2023,7,MacDill,MacDill AFB WWTP,PS - Domestic - REUSE,0.0063621361,0.0105035265,0.0031149683,0.0077689877
3,2023,7,Hillsborough Co.,South County Regional WWTP,PS - Domestic - REUSE,0.4034735689,0.006226444,0.0261510647,0.0454530409
3,2023,7,St. Petersburg,St Pete Facilities,PS - Domestic - REUSE,2.0528896773,0.0940069609,0.0978808226,0.237306644
3,2023,7,Hillsborough Co.,South County Regional WWTP,PS - Domestic - SW,0,0,0,0
3,2023,7,Mosaic,Mosaic - Four Corners,PS - Industrial,0,0,0,0
3,2023,7,TECO,TECO - Big Bend,PS - Industrial,11.369420709,0.1725359458,1.2077516209,0.9574249018
3,2023,8,Atmospheric Deposition,,Atmospheric Deposition,33.71681347,0.5320670101,0,0
3,2023,8,Ground Water,,Ground Water,0.0260606231,0.1472651113,0,0
3,2023,8,Conservation,,Non-Point Source,2.0224139023,0.3089814104,21.434271079,5.6419226083
3,2023,8,FDACS (Agriculture),,Non-Point Source,8.5767989797,2.6608432582,48.858448965,17.660263005
3,2023,8,HARBOR BAY,,Non-Point Source,0.162505479,0.0322521535,3.8183409783,0.7370810217
3,2023,8,HILLSBOROUGH,,Non-Point Source,6.8319505132,1.7778342855,227.87315023,48.075611541
3,2023,8,MANATEE,,Non-Point Source,1.3272865971,0.3227436294,28.072254321,8.090019224
3,2023,8,MSGP PINELLAS,,Non-Point Source,0.3442342574,0.0607625801,11.62653294,2.1710464961
3,2023,8,MacDill AFB,,Non-Point Source,0.7992855109,0.1379520145,17.810080457,7.054355381
3,2023,8,None,,Non-Point Source,0.0010491058,0.0000447246,0.0172609082,0.0031594723
3,2023,8,PINELLAS,,Non-Point Source,0,0.0984224224,17.116726619,3.2029989595
3,2023,8,PINELLAS PARK,,Non-Point Source,0.4456109188,0.116710812,24.748847377,4.5645931081
3,2023,8,POLK,,Non-Point Source,8.8521256E-7,1.6077109E-7,0.0000388569,7.6414711E-6
3,2023,8,PORT MANATEE,,Non-Point Source,0.0041701376,0.0006732057,0.0811695533,0.0319910306
3,2023,8,ST PETERSBURG,,Non-Point Source,2.3911449683,1.0681102386,193.44802462,35.522583365
3,2023,8,MacDill,MacDill AFB WWTP,PS - Domestic - REUSE,0.0026718022,0.0115448244,0.0045559693,0.0147854599
3,2023,8,Hillsborough Co.,South County Regional WWTP,PS - Domestic - REUSE,0.4111009143,0.0471446003,0.0320583282,0.0880032538
3,2023,8,St. Petersburg,St Pete Facilities,PS - Domestic - REUSE,2.4126758607,0.3529132533,0.1594754024,0.2446147009
3,2023,8,Hillsborough Co.,South County Regional WWTP,PS - Domestic - SW,0,0,0,0
3,2023,8,Mosaic,Mosaic - Four Corners,PS - Industrial,0,0,0,0
3,2023,8,TECO,TECO - Big Bend,PS - Industrial,0.7900023107,0.0351337789,0.245936452,0.1949620098
3,2023,9,Atmospheric Deposition,,Atmospheric Deposition,9.318413456,0.1808481298,0,0
3,2023,9,Ground Water,,Ground Water,0.0260606231,0.1472651113,0,0
3,2023,9,Conservation,,Non-Point Source,2.1720325983,0.4356357772,19.802056413,5.7617082772
3,2023,9,FDACS (Agriculture),,Non-Point Source,10.885981988,3.9988240059,55.382524871,22.624924862
3,2023,9,HARBOR BAY,,Non-Point Source,0.0860278402,0.0182205312,2.1571335044,0.4164065431
3,2023,9,HILLSBOROUGH,,Non-Point Source,6.1499569564,1.6805652927,212.52546975,46.023867607
3,2023,9,MANATEE,,Non-Point Source,1.525461641,0.3997654741,34.552783642,9.7138375466
3,2023,9,MSGP PINELLAS,,Non-Point Source,0.2046482929,0.0365405258,6.9918885949,1.305567066
3,2023,9,MacDill AFB,,Non-Point Source,0.4574119704,0.0794192777,10.253302435,4.0612078862
3,2023,9,None,,Non-Point Source,0.0006003781,0.0000257481,0.0099371428,0.0018189151
3,2023,9,PINELLAS,,Non-Point Source,0,0.0591355977,10.28449806,1.9246295553
3,2023,9,PINELLAS PARK,,Non-Point Source,0.2649294428,0.070188709,14.883708013,2.7451004075
3,2023,9,POLK,,Non-Point Source,2.1529613E-6,4.170739E-7,0.0000970435,0.0000190842
3,2023,9,PORT MANATEE,,Non-Point Source,0.0022076052,0.0003803208,0.0458559264,0.0180730124
3,2023,9,ST PETERSBURG,,Non-Point Source,1.4215430227,0.6423161914,116.3317673,21.361892656
3,2023,9,MacDill,MacDill AFB WWTP,PS - Domestic - REUSE,0.0087708119,0.0113695709,0.0033902164,0.0041760406
3,2023,9,Hillsborough Co.,South County Regional WWTP,PS - Domestic - REUSE,0.4195225836,0.0247844754,0.0247844754,0.0683084322
3,2023,9,St. Petersburg,St Pete Facilities,PS - Domestic - REUSE,1.7735510373,0.106256346,0.1287500915,0.2285222042
3,2023,9,Hillsborough Co.,South County Regional WWTP,PS - Domestic - SW,0,0,0,0
3,2023,9,Mosaic,Mosaic - Four Corners,PS - Industrial,0,0,0,0
3,2023,9,TECO,TECO - Big Bend,PS - Industrial,0.2536669257,0.0322679251,0.2258754757,0.1790590064
3,2023,10,Atmospheric Deposition,,Atmospheric Deposition,0.6988906763,0.0160582994,0,0
3,2023,10,Ground Water,,Ground Water,0.0260606231,0.1472651113,0,0
3,2023,10,Conservation,,Non-Point Source,2.3834443277,0.3113760012,15.023456757,4.6016132151
3,2023,10,FDACS (Agriculture),,Non-Point Source,13.073723328,2.8970329384,46.52903833,19.853877263
3,2023,10,HARBOR BAY,,Non-Point Source,0.0408870343,0.0088380449,1.0463384681,0.2019820209
3,2023,10,HILLSBOROUGH,,Non-Point Source,6.2913104887,1.0791428577,163.58667688,35.94603411
3,2023,10,MANATEE,,Non-Point Source,1.7746679354,0.2790859836,29.964791623,8.3628057556
3,2023,10,MSGP PINELLAS,,Non-Point Source,0.1053195674,0.0188704257,3.6107804333,0.6742276795
3,2023,10,MacDill AFB,,Non-Point Source,0.236394146,0.0411184357,5.3085317453,2.1026445991
3,2023,10,None,,Non-Point Source,0.0003102802,0.0000133308,0.0051448436,0.0009417228
3,2023,10,PINELLAS,,Non-Point Source,0,0.0305406169,5.3114303372,0.993971523
3,2023,10,PINELLAS PARK,,Non-Point Source,0.1363417784,0.0362470908,7.6862949038,1.4176340502
3,2023,10,POLK,,Non-Point Source,3.0515761E-6,3.2513843E-7,0.0000983479,0.0000193408
3,2023,10,PORT MANATEE,,Non-Point Source,0.0010492235,0.0001844783,0.0222428606,0.0087664895
3,2023,10,ST PETERSBURG,,Non-Point Source,0.7315785131,0.3317081222,60.076620099,11.031811377
3,2023,10,MacDill,MacDill AFB WWTP,PS - Domestic - REUSE,0.0211978499,0.0107525326,0.0031324957,0.00399936
3,2023,10,Hillsborough Co.,South County Regional WWTP,PS - Domestic - REUSE,0.3831708471,0.016659602,0.0307561884,0
3,2023,10,St. Petersburg,St Pete Facilities,PS - Domestic - REUSE,2.5653358821,0.0887783321,0.0871042244,0.2214427908
3,2023,10,Hillsborough Co.,South County Regional WWTP,PS - Domestic - SW,0,0,0,0
3,2023,10,Mosaic,Mosaic - Four Corners,PS - Industrial,0,0,0,0
3,2023,10,TECO,TECO - Big Bend,PS - Industrial,3.064520286,0.0355813429,0.2490694004,0.1974456023
3,2023,11,Atmospheric Deposition,,Atmospheric Deposition,3.4786549539,0.0749676098,0,0
3,2023,11,Ground Water,,Ground Water,0.0227613533,0.1291851126,0,0
3,2023,11,Conservation,,Non-Point Source,0.5436437967,0.0861445449,5.8470900617,1.6475448663
3,2023,11,FDACS (Agriculture),,Non-Point Source,2.6689738591,0.7937419287,16.318436165,6.4353224669
3,2023,11,HARBOR BAY,,Non-Point Source,0.0338801389,0.0074501456,0.8935501858,0.1728083033
3,2023,11,HILLSBOROUGH,,Non-Point Source,1.4834497437,0.3956554001,66.136192782,13.973882625
3,2023,11,MANATEE,,Non-Point Source,0.3850443254,0.0859202314,10.17792161,2.802986931
3,2023,11,MSGP PINELLAS,,Non-Point Source,0.038771237,0.0069538524,1.3461162016,0.252902101
3,2023,11,MacDill AFB,,Non-Point Source,0.1308145855,0.0228036491,2.9335886958,1.1659271733
3,2023,11,None,,Non-Point Source,0.0001691799,7.1167891E-6,0.0027552644,0.0005049456
3,2023,11,PINELLAS,,Non-Point Source,0,0.0115792017,2.0340364788,0.3822933509
3,2023,11,PINELLAS PARK,,Non-Point Source,0.0508746637,0.0135642475,2.8942130278,0.5363066952
3,2023,11,POLK,,Non-Point Source,4.7728253E-7,6.6349416E-8,0.0000257988,4.886685E-6
3,2023,11,PORT MANATEE,,Non-Point Source,0.000865938,0.0001548448,0.0188896523,0.0074619273
3,2023,11,ST PETERSBURG,,Non-Point Source,0.2719056346,0.12349315,22.60554473,4.1742842493
3,2023,11,MacDill,MacDill AFB WWTP,PS - Domestic - REUSE,0.0230283101,0.0095951292,0.0019347924,0.0033360756
3,2023,11,Hillsborough Co.,South County Regional WWTP,PS - Domestic - REUSE,0.3786489605,0.0334102024,0.0278418353,0.0742448942
3,2023,11,St. Petersburg,St Pete Facilities,PS - Domestic - REUSE,2.4849297511,0.119096475,0.0908475165,0.1989003197
3,2023,11,Hillsborough Co.,South County Regional WWTP,PS - Domestic - SW,0,0,0,0
3,2023,11,Mosaic,Mosaic - Four Corners,PS - Industrial,0,0,0,0
3,2023,11,TECO,TECO - Big Bend,PS - Industrial,1.0641392627,0.0285863498,0.2001044483,0.1586294553
3,2023,12,Atmospheric Deposition,,Atmospheric Deposition,4.8243896089,0.1279654372,0,0
3,2023,12,Ground Water,,Ground Water,0.0227613533,0.1291851126,0,0
3,2023,12,Conservation,,Non-Point Source,0.7149300999,0.1075684566,7.3514119222,2.1089305386
3,2023,12,FDACS (Agriculture),,Non-Point Source,3.6236728589,0.9894463468,21.22437764,8.5155505325
3,2023,12,HARBOR BAY,,Non-Point Source,0.0364832064,0.0081708657,0.9799913952,0.1895256169
3,2023,12,HILLSBOROUGH,,Non-Point Source,1.9581536858,0.4836623023,82.48905992,17.521253977
3,2023,12,MANATEE,,Non-Point Source,0.5087353383,0.1036970986,13.381394424,3.6575532903
3,2023,12,MSGP PINELLAS,,Non-Point Source,0.0460328649,0.0082816712,1.603173217,0.301187925
3,2023,12,MacDill AFB,,Non-Point Source,0.1512874214,0.0264122031,3.397813224,1.3504288359
3,2023,12,None,,Non-Point Source,0.000195657,8.2429825E-6,0.00319127,0.0005848505
3,2023,12,PINELLAS,,Non-Point Source,0,0.013779266,2.4205697753,0.4549678548
3,2023,12,PINELLAS PARK,,Non-Point Source,0.0604060115,0.0161549027,3.4469829472,0.6387366843
3,2023,12,POLK,,Non-Point Source,7.1214203E-7,8.9393935E-8,0.0000374854,7.1003182E-6
3,2023,12,PORT MANATEE,,Non-Point Source,0.0009324694,0.0001698244,0.0207170196,0.0081837872
3,2023,12,ST PETERSBURG,,Non-Point Source,0.3228319234,0.1470719786,26.92176074,4.9713185672
3,2023,12,MacDill,MacDill AFB WWTP,PS - Domestic - REUSE,0.0093405067,0.0100281514,0.0037355883,0.004931548
3,2023,12,Hillsborough Co.,South County Regional WWTP,PS - Domestic - REUSE,0.3391135981,0.014402508,0.0281503566,0.0392795673
3,2023,12,St. Petersburg,St Pete Facilities,PS - Domestic - REUSE,2.3065088746,0.0880380801,0.0713224533,0.2045045336
3,2023,12,Hillsborough Co.,South County Regional WWTP,PS - Domestic - SW,0,0,0,0
3,2023,12,Mosaic,Mosaic - Four Corners,PS - Industrial,0,0,0,0
3,2023,12,TECO,TECO - Big Bend,PS - Industrial,1.9144358716,0.0331197406,0.231838184,0.1837858437
3,2024,1,Atmospheric Deposition,,Atmospheric Deposition,14.244549953,0.2623172185,0,0
3,2024,1,Ground Water,,Ground Water,0.0227613533,0.1291851126,0,0
3,2024,1,Conservation,,Non-Point Source,1.3905071839,0.1834683798,13.97564567,4.0438976506
3,2024,1,FDACS (Agriculture),,Non-Point Source,7.3025027832,1.6946477957,41.263998487,16.679833951
3,2024,1,HARBOR BAY,,Non-Point Source,0.0697509169,0.0149281922,1.7904467388,0.3462637779
3,2024,1,HILLSBOROUGH,,Non-Point Source,4.6112599331,0.8573234937,157.76188157,33.562469783
3,2024,1,MANATEE,,Non-Point Source,1.2116829441,0.1797989583,26.219189015,7.1569528369
3,2024,1,MSGP PINELLAS,,Non-Point Source,0.0735238339,0.0131261452,2.5409115873,0.4773870987
3,2024,1,MacDill AFB,,Non-Point Source,0.3126254244,0.0440838854,5.671197059,2.2539638108
3,2024,1,None,,Non-Point Source,0.0003278015,0.0000137581,0.0053264615,0.000976158
3,2024,1,PINELLAS,,Non-Point Source,0.0987248943,0.021872257,3.8420561164,0.7220706061
3,2024,1,PINELLAS PARK,,Non-Point Source,0.1376900223,0.0256031417,5.4629603351,1.012303578
3,2024,1,POLK,,Non-Point Source,1.4069285E-6,1.483064E-7,0.0000751574,0.000014236
3,2024,1,PORT MANATEE,,Non-Point Source,0.0017827544,0.0003102695,0.0378500468,0.0149517998
3,2024,1,ST PETERSBURG,,Non-Point Source,1.1361794326,0.2331091907,42.670748279,7.8794579333
3,2024,1,MacDill,MacDill AFB WWTP,PS - Domestic - REUSE,0.0338428282,0.0116127352,0.0033511036,0.0074876433
3,2024,1,Hillsborough Co.,South County Regional WWTP,PS - Domestic - REUSE,0.36139996,0.0094749053,0.0324853897,0.0385764002
3,2024,1,St. Petersburg,St Pete Facilities,PS - Domestic - REUSE,1.2995584164,0.0463656476,0.041247394,0.1457800753
3,2024,1,Hillsborough Co.,South County Regional WWTP,PS - Domestic - SW,0,0,0,0
3,2024,1,Mosaic,Mosaic - Four Corners,PS - Industrial,0,0,0,0
3,2024,1,TECO,TECO - Big Bend,PS - Industrial,0,0,0,0
3,2024,2,Atmospheric Deposition,,Atmospheric Deposition,9.5039567775,0.1861192879,0,0
3,2024,2,Ground Water,,Ground Water,0.0227613533,0.1291851126,0,0
3,2024,2,Conservation,,Non-Point Source,1.1977270157,0.1756256255,13.87147087,3.9110002683
3,2024,2,FDACS (Agriculture),,Non-Point Source,5.9562176359,1.6080780027,38.711021735,15.317725709
3,2024,2,HARBOR BAY,,Non-Point Source,0.0824875779,0.0178824096,2.1447675298,0.4147877127
3,2024,2,HILLSBOROUGH,,Non-Point Source,4.2652887691,0.9051769581,155.31701503,32.940689992
3,2024,2,MANATEE,,Non-Point Source,1.0116684161,0.1788463474,24.240576878,6.6710335056
3,2024,2,MSGP PINELLAS,,Non-Point Source,0.0879289555,0.0157325874,3.0454840121,0.5721743375
3,2024,2,MacDill AFB,,Non-Point Source,0.3671712613,0.0518316967,6.667918744,2.6501014487
3,2024,2,None,,Non-Point Source,0.0003849952,0.0000161762,0.0062625953,0.0011477193
3,2024,2,PINELLAS,,Non-Point Source,0.1180064156,0.0262006312,4.6024591426,0.8650151201
3,2024,2,PINELLAS PARK,,Non-Point Source,0.164672302,0.0306879345,6.5479061458,1.2133474185
3,2024,2,POLK,,Non-Point Source,9.8127189E-7,1.2228456E-7,0.000061678,0.0000116828
3,2024,2,PORT MANATEE,,Non-Point Source,0.002108289,0.0003716704,0.0453403889,0.017910689
3,2024,2,ST PETERSBURG,,Non-Point Source,1.3587846597,0.2793949015,51.143488126,9.444026612
3,2024,2,MacDill,MacDill AFB WWTP,PS - Domestic - REUSE,0.0064164688,0.0106941147,0.0042299081,0.0091188883
3,2024,2,Hillsborough Co.,South County Regional WWTP,PS - Domestic - REUSE,0.2164503341,0.0097281049,0.0334403606,0.0255362754
3,2024,2,St. Petersburg,St Pete Facilities,PS - Domestic - REUSE,1.4503350556,0.0412330455,0.0474737691,0.1631871131
3,2024,2,Hillsborough Co.,South County Regional WWTP,PS - Domestic - SW,0,0,0,0
3,2024,2,Mosaic,Mosaic - Four Corners,PS - Industrial,0,0,0,0
3,2024,2,TECO,TECO - Big Bend,PS - Industrial,0,0,0,0
3,2024,3,Atmospheric Deposition,,Atmospheric Deposition,7.2680158726,0.1217557094,0,0
3,2024,3,Ground Water,,Ground Water,0.0227613533,0.1291851126,0,0
3,2024,3,Conservation,,Non-Point Source,0.717418478,0.1131352633,8.9998430038,2.5213707071
3,2024,3,FDACS (Agriculture),,Non-Point Source,3.4074445387,1.0239871648,24.615935387,9.6736112548
3,2024,3,HARBOR BAY,,Non-Point Source,0.0559052446,0.0116093415,1.3923928214,0.269282067
3,2024,3,HILLSBOROUGH,,Non-Point Source,2.5533516113,0.5834540838,99.695061436,21.115820028
3,2024,3,MANATEE,,Non-Point Source,0.5914968271,0.1146475876,15.299056403,4.2164804408
3,2024,3,MSGP PINELLAS,,Non-Point Source,0.0688640975,0.0122302923,2.3676000678,0.4447787036
3,2024,3,MacDill AFB,,Non-Point Source,0.2641751746,0.0371551699,4.7798484226,1.8997056977
3,2024,3,None,,Non-Point Source,0.0002769993,0.0000115958,0.0044892953,0.0008227341
3,2024,3,PINELLAS,,Non-Point Source,0.0922070085,0.0203219162,3.570058858,0.6710899473
3,2024,3,PINELLAS PARK,,Non-Point Source,0.1289867968,0.023858893,5.0907887628,0.9433390256
3,2024,3,POLK,,Non-Point Source,4.9662685E-7,7.6386773E-8,0.000038168,7.2296009E-6
3,2024,3,PORT MANATEE,,Non-Point Source,0.0014288747,0.0002412901,0.0294351864,0.0116277006
3,2024,3,ST PETERSBURG,,Non-Point Source,1.0641707756,0.2171899048,39.757177099,7.341511911
3,2024,3,MacDill,MacDill AFB WWTP,PS - Domestic - REUSE,0.0086770512,0.0116806459,0.0050512002,0.0071028158
3,2024,3,Hillsborough Co.,South County Regional WWTP,PS - Domestic - REUSE,0.2337557244,0.014851883,0.0297037661,0.042618447
3,2024,3,St. Petersburg,St Pete Facilities,PS - Domestic - REUSE,1.620852917,0.0738008278,0.04837432,0.165687503
3,2024,3,Hillsborough Co.,South County Regional WWTP,PS - Domestic - SW,0,0,0,0
3,2024,3,Mosaic,Mosaic - Four Corners,PS - Industrial,0,0,0,0
3,2024,3,TECO,TECO - Big Bend,PS - Industrial,0,0,0,0
3,2024,4,Atmospheric Deposition,,Atmospheric Deposition,7.2614314345,0.1157936779,0,0
3,2024,4,Ground Water,,Ground Water,0.0227613533,0.1291851126,0,0
3,2024,4,Conservation,,Non-Point Source,0.3249610331,0.0538265015,4.6824021617,1.2668563492
3,2024,4,FDACS (Agriculture),,Non-Point Source,1.3463964627,0.4737426897,11.756982622,4.4579665043
3,2024,4,HARBOR BAY,,Non-Point Source,0.0355125704,0.0071940805,0.8628384366,0.1668687989
3,2024,4,HILLSBOROUGH,,Non-Point Source,1.1370236663,0.3127854067,51.225232446,10.782117254
3,2024,4,MANATEE,,Non-Point Source,0.2499126004,0.0565938671,7.0939305414,1.9760678168
3,2024,4,MSGP PINELLAS,,Non-Point Source,0.0471391462,0.0083350792,1.6135566351,0.3031187456
3,2024,4,MacDill AFB,,Non-Point Source,0.1774781316,0.0249070215,3.2041782529,1.273470442
3,2024,4,None,,Non-Point Source,0.0001860936,7.7732304E-6,0.0030094056,0.000551521
3,2024,4,PINELLAS,,Non-Point Source,0.0630873494,0.0138435209,2.4320001806,0.4571754244
3,2024,4,PINELLAS PARK,,Non-Point Source,0.0882973104,0.0162604325,3.4694999136,0.6429091483
3,2024,4,POLK,,Non-Point Source,1.1115113E-7,2.692053E-8,0.0000144652,2.7399363E-6
3,2024,4,PORT MANATEE,,Non-Point Source,0.0009076611,0.0001495227,0.0182404059,0.0072054573
3,2024,4,ST PETERSBURG,,Non-Point Source,0.7284506354,0.1480162923,27.094816215,5.0033027157
3,2024,4,MacDill,MacDill AFB WWTP,PS - Domestic - REUSE,0.0078673801,0.0107561837,0.0049108535,0.0057771065
3,2024,4,Hillsborough Co.,South County Regional WWTP,PS - Domestic - REUSE,0.2733053324,0.016771009,0.0298151272,0.0515553241
3,2024,4,St. Petersburg,St Pete Facilities,PS - Domestic - REUSE,1.4542271576,0.1209225758,0.0711979619,0.1847827632
3,2024,4,Hillsborough Co.,South County Regional WWTP,PS - Domestic - SW,0,0,0,0
3,2024,4,Mosaic,Mosaic - Four Corners,PS - Industrial,0,0,0,0
3,2024,4,TECO,TECO - Big Bend,PS - Industrial,0,0,0,0
3,2024,5,Atmospheric Deposition,,Atmospheric Deposition,5.0000607512,0.0766317321,0,0
3,2024,5,Ground Water,,Ground Water,0.0227613533,0.1291851126,0,0
3,2024,5,Conservation,,Non-Point Source,0.2130541357,0.0316790138,2.8476909821,0.7397937041
3,2024,5,FDACS (Agriculture),,Non-Point Source,0.8337516177,0.2762884483,6.5422591336,2.3590814353
3,2024,5,HARBOR BAY,,Non-Point Source,0.0274877996,0.005412738,0.649189057,0.1255500376
3,2024,5,HILLSBOROUGH,,Non-Point Source,0.7373693554,0.2034301363,31.721578466,6.5854428825
3,2024,5,MANATEE,,Non-Point Source,0.1628244628,0.0352757442,3.803395362,1.0768074059
3,2024,5,MSGP PINELLAS,,Non-Point Source,0.0315823873,0.005555331,1.0753868643,0.2020412626
3,2024,5,MacDill AFB,,Non-Point Source,0.1316717606,0.0184312758,2.3711021888,0.9423722134
3,2024,5,None,,Non-Point Source,0.0001380636,5.7522155E-6,0.0022269698,0.0004081273
3,2024,5,PINELLAS,,Non-Point Source,0.0423837262,0.0092535945,1.6254952935,0.305501262
3,2024,5,PINELLAS PARK,,Non-Point Source,0.0591472886,0.0108361072,2.3121077999,0.4284407821
3,2024,5,POLK,,Non-Point Source,3.5838307E-8,1.025064E-8,5.0279283E-6,9.5236715E-7
3,2024,5,PORT MANATEE,,Non-Point Source,0.000702557,0.0001124991,0.0137238577,0.0054212977
3,2024,5,ST PETERSBURG,,Non-Point Source,0.4880492738,0.0986574016,18.059310945,3.3347843271
3,2024,5,MacDill,MacDill AFB WWTP,PS - Domestic - REUSE,0.0056858745,0.0100507883,0.0074910065,0.0067548541
3,2024,5,Hillsborough Co.,South County Regional WWTP,PS - Domestic - REUSE,0.2811104599,0.0241296532,0.0180972399,0.0928991649
3,2024,5,St. Petersburg,St Pete Facilities,PS - Domestic - REUSE,2.8428316115,0.2016404649,0.1004648033,0.2944293552
3,2024,5,Hillsborough Co.,South County Regional WWTP,PS - Domestic - SW,0,0,0,0
3,2024,5,Mosaic,Mosaic - Four Corners,PS - Industrial,0,0,0,0
3,2024,5,TECO,TECO - Big Bend,PS - Industrial,0,0,0,0
3,2024,6,Atmospheric Deposition,,Atmospheric Deposition,20.612031936,0.4290245815,0,0
3,2024,6,Ground Water,,Ground Water,0.0227613533,0.1291851126,0,0
3,2024,6,Conservation,,Non-Point Source,0.6679143446,0.1192051396,8.7414079415,2.2268956763
3,2024,6,FDACS (Agriculture),,Non-Point Source,2.7173606107,1.0602782873,19.15776801,6.7450116611
3,2024,6,HARBOR BAY,,Non-Point Source,0.0822986874,0.0180150878,2.1606805899,0.4178652219
3,2024,6,HILLSBOROUGH,,Non-Point Source,2.6974531282,0.7660898508,95.440060343,19.925610684
3,2024,6,MANATEE,,Non-Point Source,0.5083628608,0.1324824926,11.045648958,3.1727177271
3,2024,6,MSGP PINELLAS,,Non-Point Source,0.096510558,0.0172966565,3.3482976331,0.6290461634
3,2024,6,MacDill AFB,,Non-Point Source,0.3916230589,0.0553281938,7.1177276444,2.828873756
3,2024,6,None,,Non-Point Source,0.000410634,0.0000172674,0.0066850617,0.0012251429
3,2024,6,PINELLAS,,Non-Point Source,0.1294197513,0.028781064,5.0558846608,0.9502931591
3,2024,6,PINELLAS PARK,,Non-Point Source,0.1807530412,0.033740135,7.199156312,1.3340261042
3,2024,6,POLK,,Non-Point Source,1.5375638E-7,4.8655322E-8,9.0796756E-6,1.7198306E-6
3,2024,6,PORT MANATEE,,Non-Point Source,0.0021034612,0.000374428,0.045676791,0.018043577
3,2024,6,ST PETERSBURG,,Non-Point Source,1.4913976671,0.3071670948,56.227408184,10.382838126
3,2024,6,MacDill,MacDill AFB WWTP,PS - Domestic - REUSE,0.0161552433,0.0106685569,0.0050882351,0.0050353461
3,2024,6,Hillsborough Co.,South County Regional WWTP,PS - Domestic - REUSE,0.1874651658,0.0089269127,0.0189696894,0.0831318741
3,2024,6,St. Petersburg,St Pete Facilities,PS - Domestic - REUSE,2.6826851966,0.1467496764,0.114167911,0.3072247081
3,2024,6,Hillsborough Co.,South County Regional WWTP,PS - Domestic - SW,0,0,0,0
3,2024,6,Mosaic,Mosaic - Four Corners,PS - Industrial,0,0,0,0
3,2024,6,TECO,TECO - Big Bend,PS - Industrial,0,0,0,0
3,2024,7,Atmospheric Deposition,,Atmospheric Deposition,23.716467362,0.4161892866,0,0
3,2024,7,Ground Water,,Ground Water,0.0260606231,0.1472651113,0,0
3,2024,7,Conservation,,Non-Point Source,2.5773745333,0.5189037135,25.021372267,6.9727845311
3,2024,7,FDACS (Agriculture),,Non-Point Source,12.364093348,4.6885873456,63.833823272,25.072348678
3,2024,7,HARBOR BAY,,Non-Point Source,0.1505669387,0.0312010212,3.6938971437,0.7130587593
3,2024,7,HILLSBOROUGH,,Non-Point Source,8.9772050901,2.2229398325,264.25496743,56.621977323
3,2024,7,MANATEE,,Non-Point Source,2.0762813869,0.4828328489,38.656336027,10.910571814
3,2024,7,MSGP PINELLAS,,Non-Point Source,0.3127079007,0.0556200791,10.641930822,1.987477719
3,2024,7,MacDill AFB,,Non-Point Source,1.0686720351,0.1501423634,19.383896518,7.6777247038
3,2024,7,None,,Non-Point Source,0.0011372499,0.0000486768,0.0187861958,0.0034386641
3,2024,7,PINELLAS,,Non-Point Source,0.4101527453,0.0904449697,15.728172586,2.9423277767
3,2024,7,PINELLAS PARK,,Non-Point Source,0.5776100086,0.1068141105,22.650224732,4.1775302961
3,2024,7,POLK,,Non-Point Source,2.0626316E-6,4.5003034E-7,0.0000916761,0.0000180287
3,2024,7,PORT MANATEE,,Non-Point Source,0.0038637766,0.0006512652,0.0785241504,0.0309484085
3,2024,7,ST PETERSBURG,,Non-Point Source,4.786306528,0.9777709549,177.08422896,32.517338507
3,2024,7,MacDill,MacDill AFB WWTP,PS - Domestic - REUSE,0.0134010511,0.0134010511,0.0061128714,0.0083070994
3,2024,7,Hillsborough Co.,South County Regional WWTP,PS - Domestic - REUSE,0.2265320922,0.0080904319,0.0161808637,0.0716581108
3,2024,7,St. Petersburg,St Pete Facilities,PS - Domestic - REUSE,2.0750552794,0.1203096834,0.1559853088,0.2790006746
3,2024,7,Hillsborough Co.,South County Regional WWTP,PS - Domestic - SW,0,0,0,0
3,2024,7,Mosaic,Mosaic - Four Corners,PS - Industrial,0,0,0,0
3,2024,7,TECO,TECO - Big Bend,PS - Industrial,0,0,0,0
3,2024,8,Atmospheric Deposition,,Atmospheric Deposition,28.545097421,0.6374493984,0,0
3,2024,8,Ground Water,,Ground Water,0.0260606231,0.1472651113,0,0
3,2024,8,Conservation,,Non-Point Source,26.029689168,4.134756356,302.07587914,76.859800283
3,2024,8,FDACS (Agriculture),,Non-Point Source,114.65950726,36.503127695,708.01033044,247.37427091
3,2024,8,HARBOR BAY,,Non-Point Source,2.3151676094,0.4991424138,59.093602304,11.40725069
3,2024,8,HILLSBOROUGH,,Non-Point Source,97.961576118,23.124476093,3135.3968119,636.42441802
3,2024,8,MANATEE,,Non-Point Source,20.512038557,4.3856553385,421.99345693,113.58874742
3,2024,8,MSGP PINELLAS,,Non-Point Source,3.6485950809,0.6534051501,125.01941475,23.347700389
3,2024,8,MacDill AFB,,Non-Point Source,12.030218026,1.6961670708,218.98101394,86.735705531
3,2024,8,None,,Non-Point Source,0.0128022101,0.0005499044,0.2122287541,0.0388467895
3,2024,8,PINELLAS,,Non-Point Source,4.7815370611,1.0615170476,184.59873352,34.535931296
3,2024,8,PINELLAS PARK,,Non-Point Source,6.7397595251,1.2548689354,266.09839515,49.07828159
3,2024,8,POLK,,Non-Point Source,0.0000128057,2.1544115E-6,0.0006582956,0.0001098474
3,2024,8,PORT MANATEE,,Non-Point Source,0.0594107206,0.0104187009,1.2562003579,0.4951012098
3,2024,8,ST PETERSBURG,,Non-Point Source,55.845398387,11.486345948,2080.2999779,381.99907465
3,2024,8,MacDill,MacDill AFB WWTP,PS - Domestic - REUSE,0.0089567141,0.0176115165,0.0070303777,0.0086052599
3,2024,8,Hillsborough Co.,South County Regional WWTP,PS - Domestic - REUSE,0.347653793,0.0447938541,0.0327596843,0.0802277984
3,2024,8,St. Petersburg,St Pete Facilities,PS - Domestic - REUSE,1.6098486442,0.0933908867,0.1691918119,0.2469863687
3,2024,8,Hillsborough Co.,South County Regional WWTP,PS - Domestic - SW,0,0,0,0
3,2024,8,Mosaic,Mosaic - Four Corners,PS - Industrial,13.767174026,10.144233493,115.02836193,86.950572796
3,2024,8,TECO,TECO - Big Bend,PS - Industrial,0,0,0,0
3,2024,9,Atmospheric Deposition,,Atmospheric Deposition,18.833604453,0.3726510632,0,0
3,2024,9,Ground Water,,Ground Water,0.0260606231,0.1472651113,0,0
3,2024,9,Conservation,,Non-Point Source,7.7447571397,0.9247371552,71.92495469,16.437494335
3,2024,9,FDACS (Agriculture),,Non-Point Source,36.860281111,7.9151397125,175.92939743,51.749336048
3,2024,9,HARBOR BAY,,Non-Point Source,0.4468938183,0.0949450172,11.240565685,2.1698448845
3,2024,9,HILLSBOROUGH,,Non-Point Source,26.461283322,4.8086039164,736.13593878,131.96287693
3,2024,9,MANATEE,,Non-Point Source,6.1513796594,0.899131345,105.51151251,23.054973125
3,2024,9,MSGP PINELLAS,,Non-Point Source,0.9967646378,0.1780648755,34.071120015,6.3623854405
3,2024,9,MacDill AFB,,Non-Point Source,2.9974767172,0.4220735562,54.491150592,21.58327933
3,2024,9,None,,Non-Point Source,0.003189828,0.000136838,0.0528109209,0.00966662
3,2024,9,PINELLAS,,Non-Point Source,1.3036265547,0.2886899612,50.205428333,9.3941598546
3,2024,9,PINELLAS PARK,,Non-Point Source,1.8414779376,0.3420070057,72.523522401,13.375991435
3,2024,9,POLK,,Non-Point Source,6.2251161E-6,5.6152504E-7,0.0002344518,0.0000274265
3,2024,9,PORT MANATEE,,Non-Point Source,0.0114679748,0.0019818066,0.2389497693,0.0941763144
3,2024,9,ST PETERSBURG,,Non-Point Source,15.25648609,3.1301425167,566.90600641,104.09985016
3,2024,9,MacDill,MacDill AFB WWTP,PS - Domestic - REUSE,0.0070036307,0.0172624699,0.0055172306,0.0121807443
3,2024,9,Hillsborough Co.,South County Regional WWTP,PS - Domestic - REUSE,0.3616822934,0.0438215748,0.0246882112,0.117269003
3,2024,9,St. Petersburg,St Pete Facilities,PS - Domestic - REUSE,1.0245571763,0.0372568941,0.3174096023,0.2104821921
3,2024,9,Hillsborough Co.,South County Regional WWTP,PS - Domestic - SW,0,0,0,0
3,2024,9,Mosaic,Mosaic - Four Corners,PS - Industrial,13.113768885,9.6627770728,109.56899002,82.823803481
3,2024,9,TECO,TECO - Big Bend,PS - Industrial,0,0,0,0
3,2024,10,Atmospheric Deposition,,Atmospheric Deposition,18.884183355,0.3782973808,0,0
3,2024,10,Ground Water,,Ground Water,0.0260606231,0.1472651113,0,0
3,2024,10,Conservation,,Non-Point Source,17.890010472,1.1099230235,107.88374597,26.38825382
3,2024,10,FDACS (Agriculture),,Non-Point Source,89.822634672,8.3623277195,244.08939805,78.957896664
3,2024,10,HARBOR BAY,,Non-Point Source,0.523361502,0.1113965455,13.188266469,2.5458231673
3,2024,10,HILLSBOROUGH,,Non-Point Source,54.257744821,5.5230829126,966.71646569,184.21179065
3,2024,10,MANATEE,,Non-Point Source,14.353890256,0.9687198822,142.85556583,34.007024023
3,2024,10,MSGP PINELLAS,,Non-Point Source,2.2603999712,0.403971637,77.303815287,14.432108452
3,2024,10,MacDill AFB,,Non-Point Source,4.751593949,0.6691798926,86.393430175,34.219382697
3,2024,10,None,,Non-Point Source,0.0050565089,0.0002169509,0.0837294966,0.01532602
3,2024,10,PINELLAS,,Non-Point Source,2.9375408732,0.650687317,113.17392987,21.186560618
3,2024,10,PINELLAS PARK,,Non-Point Source,4.177642865,0.7761347282,164.58149515,30.354850351
3,2024,10,POLK,,Non-Point Source,0.0000187901,5.429688E-7,0.0003506429,0.0000517373
3,2024,10,PORT MANATEE,,Non-Point Source,0.0134302518,0.0023252027,0.2803536155,0.1104946463
3,2024,10,ST PETERSBURG,,Non-Point Source,34.597739099,7.1005834543,1286.0269853,236.15528658
3,2024,10,MacDill,MacDill AFB WWTP,PS - Domestic - REUSE,0.0476228858,0.0160269327,0.0289357927,0.0131630402
3,2024,10,Hillsborough Co.,South County Regional WWTP,PS - Domestic - REUSE,0.3200945832,0.0413810488,0.0200819796,0.1119722496
3,2024,10,St. Petersburg,St Pete Facilities,PS - Domestic - REUSE,0.7083108882,0.0367303114,0.0702067789,0.1372141907
3,2024,10,Hillsborough Co.,South County Regional WWTP,PS - Domestic - SW,0,0,0,0
3,2024,10,Mosaic,Mosaic - Four Corners,PS - Industrial,2.9424879346,8.9069905047,100.99891019,76.345632897
3,2024,10,TECO,TECO - Big Bend,PS - Industrial,0,0,0,0
3,2024,11,Atmospheric Deposition,,Atmospheric Deposition,0.8312302988,0.0166340656,0,0
3,2024,11,Ground Water,,Ground Water,0.0227613533,0.1291851126,0,0
3,2024,11,Conservation,,Non-Point Source,2.114314831,0.2326953802,19.55022434,5.1950244907
3,2024,11,FDACS (Agriculture),,Non-Point Source,9.9277639799,1.9636171568,45.619369964,16.953496408
3,2024,11,HARBOR BAY,,Non-Point Source,0.1382197636,0.030076288,3.6072681097,0.6976282826
3,2024,11,HILLSBOROUGH,,Non-Point Source,7.2107171449,1.3177752509,202.64327516,42.711944848
3,2024,11,MANATEE,,Non-Point Source,1.6502480582,0.2304537816,26.797316522,7.4673614753
3,2024,11,MSGP PINELLAS,,Non-Point Source,0.2714734321,0.0486089071,9.4106172289,1.7675867869
3,2024,11,MacDill AFB,,Non-Point Source,0.8686831711,0.1226658352,15.780417666,6.2717782451
3,2024,11,None,,Non-Point Source,0.0009108526,0.0000382828,0.0148211719,0.0027162134
3,2024,11,PINELLAS,,Non-Point Source,0.3619207582,0.0804015622,14.126704868,2.6563830423
3,2024,11,PINELLAS PARK,,Non-Point Source,0.5086267123,0.0948465233,20.237469325,3.7500661457
3,2024,11,POLK,,Non-Point Source,1.6294149E-6,1.1621988E-7,0.0000517802,9.8079695E-6
3,2024,11,PORT MANATEE,,Non-Point Source,0.0035327405,0.0006251096,0.0762576535,0.0301238509
3,2024,11,ST PETERSBURG,,Non-Point Source,4.1951290611,0.8631524824,158.0052527,29.1774765
3,2024,11,MacDill,MacDill AFB WWTP,PS - Domestic - REUSE,0.0179559731,0.0142831604,0.0083250421,0.010747421
3,2024,11,Hillsborough Co.,South County Regional WWTP,PS - Domestic - REUSE,0.356859943,0.0589102128,0.017559775,0.0793022095
3,2024,11,St. Petersburg,St Pete Facilities,PS - Domestic - REUSE,1.945211835,0.0531435717,0.1514682943,0.2401018578
3,2024,11,Hillsborough Co.,South County Regional WWTP,PS - Domestic - SW,0,0,0,0
3,2024,11,Mosaic,Mosaic - Four Corners,PS - Industrial,0,0,0,0
3,2024,11,TECO,TECO - Big Bend,PS - Industrial,0,0,0,0
3,2024,12,Atmospheric Deposition,,Atmospheric Deposition,1.6820657467,0.033816269,0,0
3,2024,12,Ground Water,,Ground Water,0.0227613533,0.1291851126,0,0
3,2024,12,Conservation,,Non-Point Source,1.1126784606,0.1168389381,7.2722618864,2.0505553992
3,2024,12,FDACS (Agriculture),,Non-Point Source,5.933403623,1.0561439438,19.875182021,7.853885029
3,2024,12,HARBOR BAY,,Non-Point Source,0.0380435634,0.0082844088,0.9936094348,0.1921592802
3,2024,12,HILLSBOROUGH,,Non-Point Source,3.314388511,0.4965565443,78.536860733,16.618873446
3,2024,12,MANATEE,,Non-Point Source,0.9652966361,0.1100245937,12.327889813,3.3795199406
3,2024,12,MSGP PINELLAS,,Non-Point Source,0.0680251655,0.0121816975,2.3583283527,0.4429764713
3,2024,12,MacDill AFB,,Non-Point Source,0.2260416439,0.0319211076,4.1065094351,1.6320934644
3,2024,12,None,,Non-Point Source,0.0002370146,9.962256E-6,0.0038568867,0.0007068353
3,2024,12,PINELLAS,,Non-Point Source,0.0907655108,0.0201664704,3.5431853019,0.6662180415
3,2024,12,PINELLAS PARK,,Non-Point Source,0.1274436933,0.0237681852,5.0714343877,0.9397525996
3,2024,12,POLK,,Non-Point Source,1.2599114E-6,9.7186348E-8,0.0000330956,6.2688165E-6
3,2024,12,PORT MANATEE,,Non-Point Source,0.0009723504,0.0001721843,0.021004905,0.0082975098
3,2024,12,ST PETERSBURG,,Non-Point Source,1.0512056632,0.216314355,39.59750452,7.312112182
3,2024,12,MacDill,MacDill AFB WWTP,PS - Domestic - REUSE,0.0416449305,0.0130841344,0.0094953432,0.0074766482
3,2024,12,Hillsborough Co.,South County Regional WWTP,PS - Domestic - REUSE,0.4430682421,0.0305986355,0.0195831267,0.0832282886
3,2024,12,St. Petersburg,St Pete Facilities,PS - Domestic - REUSE,2.0846419166,0.0456826238,0.1786761904,0.2421449014
3,2024,12,Hillsborough Co.,South County Regional WWTP,PS - Domestic - SW,0,0,0,0
3,2024,12,Mosaic,Mosaic - Four Corners,PS - Industrial,0,0,0,0
3,2024,12,TECO,TECO - Big Bend,PS - Industrial,0,0,0,0
4,2022,1,Atmospheric Deposition,,Atmospheric Deposition,1.8025458253,0.034419899,0,0
4,2022,1,Ground Water,,Ground Water,0.0012566349,0.0087854211,0,0
4,2022,1,Kinder Morgan,Kinder Morgan Port Manatee,Material Losses,0.0017924167,0,0,0
4,2022,1,Bradenton,,Non-Point Source,0.0001264241,0.0000288779,0.0050821647,0.0011627624
4,2022,1,Conservation,,Non-Point Source,0.0363557554,0.0046598718,0.4225770259,0.1200643293
4,2022,1,FDACS (Agriculture),,Non-Point Source,0.1888869433,0.0574337174,1.516687215,0.4394465584
4,2022,1,HILLSBOROUGH,,Non-Point Source,0.0004297276,0.0001241171,0.0137347685,0.0054148805
4,2022,1,Lexington,,Non-Point Source,0.0026562616,0.0008523995,0.1229242438,0.021498787
4,2022,1,MANATEE,,Non-Point Source,0.3849420184,0.10164879,11.504501893,2.5494782052
4,2022,1,None,,Non-Point Source,1.7335813E-6,3.5520842E-7,0.0000222523,8.6001657E-6
4,2022,1,PINELLAS,,Non-Point Source,0.0002625666,0.0000517004,0.0046735887,0.0019000503
4,2022,1,PORT MANATEE,,Non-Point Source,0.0160614394,0.0032897852,0.4669133289,0.1504643429
4,2022,1,ST PETERSBURG,,Non-Point Source,0.0003903009,0.0000813172,0.0091960171,0.0037750394
4,2022,1,Manatee Co.,Manatee County North WRF,PS - Domestic - REUSE,0.3669895954,0.1913588604,0.0057669794,0.0026213543
4,2022,1,Manatee Co.,Manatee County North WRF,PS - Domestic - SW,0,0,0,0
4,2022,1,DRS,DRS Piney Point,PS - Industrial,0,0,0,0
4,2022,2,Atmospheric Deposition,,Atmospheric Deposition,2.4479383114,0.0425106023,0,0
4,2022,2,Ground Water,,Ground Water,0.0012566349,0.0087854211,0,0
4,2022,2,Kinder Morgan,Kinder Morgan Port Manatee,Material Losses,0.0017924167,0,0,0
4,2022,2,Bradenton,,Non-Point Source,0.0001053128,0.00002318,0.0040794043,0.0009333381
4,2022,2,Conservation,,Non-Point Source,0.0302847746,0.0037404339,0.3391984812,0.096374473
4,2022,2,FDACS (Agriculture),,Non-Point Source,0.1573450601,0.0461014881,1.217430121,0.3527394913
4,2022,2,HILLSBOROUGH,,Non-Point Source,0.0003579682,0.0000996276,0.0110247655,0.0043464721
4,2022,2,Lexington,,Non-Point Source,0.0022126973,0.0006842128,0.0986700986,0.0172568679
4,2022,2,MANATEE,,Non-Point Source,0.3206612588,0.0815924981,9.2345521165,2.0464414345
4,2022,2,None,,Non-Point Source,1.4440937E-6,2.8512236E-7,0.0000178617,6.9032696E-6
4,2022,2,PINELLAS,,Non-Point Source,0.0002187211,0.0000414994,0.0037514443,0.001525152
4,2022,2,PORT MANATEE,,Non-Point Source,0.0133793692,0.0026406787,0.3747868017,0.1207762691
4,2022,2,ST PETERSBURG,,Non-Point Source,0.0003251253,0.0000652725,0.0073815537,0.0030301875
4,2022,2,Manatee Co.,Manatee County North WRF,PS - Domestic - REUSE,0.4383884561,0.1835114468,0.0073914333,0.0025487701
4,2022,2,Manatee Co.,Manatee County North WRF,PS - Domestic - SW,0,0,0,0
4,2022,2,DRS,DRS Piney Point,PS - Industrial,0,0,0,0
4,2022,3,Atmospheric Deposition,,Atmospheric Deposition,5.8726740918,0.1067209987,0,0
4,2022,3,Ground Water,,Ground Water,0.0012566349,0.0087854211,0,0
4,2022,3,Kinder Morgan,Kinder Morgan Port Manatee,Material Losses,0.0017924167,0,0,0
4,2022,3,Bradenton,,Non-Point Source,0.0001240405,0.0000278536,0.0049018955,0.0011215181
4,2022,3,Conservation,,Non-Point Source,0.035670287,0.0044945818,0.407587824,0.1158055354
4,2022,3,FDACS (Agriculture),,Non-Point Source,0.1853255809,0.0553964898,1.4628889026,0.4238589784
4,2022,3,HILLSBOROUGH,,Non-Point Source,0.0004216253,0.0001197146,0.0132475834,0.0052228097
4,2022,3,Lexington,,Non-Point Source,0.0026061792,0.0008221641,0.1185640061,0.0207362049
4,2022,3,MANATEE,,Non-Point Source,0.3776841423,0.0980432124,11.096426463,2.4590458315
4,2022,3,None,,Non-Point Source,1.7008955E-6,3.4260885E-7,0.000021463,8.2951098E-6
4,2022,3,PINELLAS,,Non-Point Source,0.000257616,0.0000498666,0.0045078122,0.0018326538
4,2022,3,PORT MANATEE,,Non-Point Source,0.0157586095,0.0031730935,0.4503514769,0.1451272321
4,2022,3,ST PETERSBURG,,Non-Point Source,0.000382942,0.0000784328,0.0088698258,0.0036411352
4,2022,3,Manatee Co.,Manatee County North WRF,PS - Domestic - REUSE,0.2624381131,0.2057753387,0.006859178,0.0029822513
4,2022,3,Manatee Co.,Manatee County North WRF,PS - Domestic - SW,0,0,0,0
4,2022,3,DRS,DRS Piney Point,PS - Industrial,0,0,0,0
4,2022,4,Atmospheric Deposition,,Atmospheric Deposition,24.812450806,0.3720687943,0,0
4,2022,4,Ground Water,,Ground Water,0.0012566349,0.0087854211,0,0
4,2022,4,Kinder Morgan,Kinder Morgan Port Manatee,Material Losses,0.0017924167,0,0,0
4,2022,4,Bradenton,,Non-Point Source,0.0002177534,0.0000421898,0.0074248887,0.0016987607
4,2022,4,Conservation,,Non-Point Source,0.0626192896,0.0068079315,0.6173722366,0.1754103488
4,2022,4,FDACS (Agriculture),,Non-Point Source,0.325339581,0.0839089217,2.2158340863,0.6420181126
4,2022,4,HILLSBOROUGH,,Non-Point Source,0.0007401644,0.0001813314,0.0200660808,0.0079109765
4,2022,4,Lexington,,Non-Point Source,0.0045751549,0.0012453298,0.1795885973,0.0314090767
4,2022,4,MANATEE,,Non-Point Source,0.6630255791,0.1485058036,16.807728836,3.7247104436
4,2022,4,None,,Non-Point Source,2.9859269E-6,5.1894875E-7,0.0000325099,0.0000125646
4,2022,4,PINELLAS,,Non-Point Source,0.0004522457,0.0000755328,0.0068279716,0.002775916
4,2022,4,PORT MANATEE,,Non-Point Source,0.0276642836,0.0048062766,0.6821462324,0.219823848
4,2022,4,ST PETERSBURG,,Non-Point Source,0.0006722558,0.0001188019,0.0134351025,0.0055152182
4,2022,4,Manatee Co.,Manatee County North WRF,PS - Domestic - REUSE,0.3095414975,0.2648299478,0.0079105049,0.00343935
4,2022,4,Manatee Co.,Manatee County North WRF,PS - Domestic - SW,0,0,0,0
4,2022,4,DRS,DRS Piney Point,PS - Industrial,0,0,0,0
4,2022,5,Atmospheric Deposition,,Atmospheric Deposition,13.871233635,0.2421305663,0,0
4,2022,5,Ground Water,,Ground Water,0.0012566349,0.0087854211,0,0
4,2022,5,Kinder Morgan,Kinder Morgan Port Manatee,Material Losses,0.0017924167,0,0,0
4,2022,5,Bradenton,,Non-Point Source,0.0003048693,0.0000672739,0.0118393799,0.0027087642
4,2022,5,Conservation,,Non-Point Source,0.0876712123,0.0108556089,0.9844328707,0.2797011317
4,2022,5,FDACS (Agriculture),,Non-Point Source,0.4554972698,0.133797239,3.5332653162,1.023732031
4,2022,5,HILLSBOROUGH,,Non-Point Source,0.0010362799,0.0002891425,0.0319964331,0.0126144728
4,2022,5,Lexington,,Non-Point Source,0.0064055242,0.0019857446,0.2863635712,0.0500834435
4,2022,5,MANATEE,,Non-Point Source,0.9282803531,0.2368004032,26.800817673,5.9392489287
4,2022,5,None,,Non-Point Source,4.1804983E-6,8.2749138E-7,0.0000518388,0.0000200349
4,2022,5,PINELLAS,,Non-Point Source,0.0006331744,0.000120441,0.0108875639,0.0044263457
4,2022,5,PORT MANATEE,,Non-Point Source,0.0387318555,0.0076638636,1.0877184526,0.3505208186
4,2022,5,ST PETERSBURG,,Non-Point Source,0.0009412032,0.000189436,0.0214229855,0.0087943087
4,2022,5,Manatee Co.,Manatee County North WRF,PS - Domestic - REUSE,0.5004206014,0.3445518895,0.0090239781,0.0041018082
4,2022,5,Manatee Co.,Manatee County North WRF,PS - Domestic - SW,0,0,0,0
4,2022,5,DRS,DRS Piney Point,PS - Industrial,0.1571761552,0.0094877243,0.0400084759,0.0548687669
4,2022,6,Atmospheric Deposition,,Atmospheric Deposition,39.860216484,0.6178918276,0,0
4,2022,6,Ground Water,,Ground Water,0.0012566349,0.0087854211,0,0
4,2022,6,Kinder Morgan,Kinder Morgan Port Manatee,Material Losses,0.0017924167,0,0,0
4,2022,6,Bradenton,,Non-Point Source,0.0007086753,0.0001433429,0.025226596,0.0057716621
4,2022,6,Conservation,,Non-Point Source,0.2037935933,0.0231304395,2.0975668039,0.5959693407
4,2022,6,FDACS (Agriculture),,Non-Point Source,1.0588130688,0.2850866273,7.5284564919,2.1813029493
4,2022,6,HILLSBOROUGH,,Non-Point Source,0.0024088547,0.0006160865,0.06817596,0.0268781144
4,2022,6,Lexington,,Non-Point Source,0.0148897769,0.0042310981,0.610165242,0.1067146086
4,2022,6,MANATEE,,Non-Point Source,2.1578073779,0.5045592031,57.10547376,12.654972993
4,2022,6,None,,Non-Point Source,9.717657E-6,1.7631659E-6,0.0001104548,0.0000426891
4,2022,6,PINELLAS,,Non-Point Source,0.0014718272,0.000256628,0.023198527,0.0094313753
4,2022,6,PORT MANATEE,,Non-Point Source,0.0900330199,0.016329672,2.3176411372,0.7468674146
4,2022,6,ST PETERSBURG,,Non-Point Source,0.0021878469,0.0004036382,0.0456467318,0.0187383524
4,2022,6,Manatee Co.,Manatee County North WRF,PS - Domestic - REUSE,0.4400965936,0.2411488184,0.0075359006,0.0030143602
4,2022,6,Manatee Co.,Manatee County North WRF,PS - Domestic - SW,0,0,0,0
4,2022,6,DRS,DRS Piney Point,PS - Industrial,0.310648674,0.063695489,0.0703077141,0.2203038665
4,2022,7,Atmospheric Deposition,,Atmospheric Deposition,22.125454165,0.3803576574,0,0
4,2022,7,Ground Water,,Ground Water,0.0248591038,0.1381269506,0,0
4,2022,7,Kinder Morgan,Kinder Morgan Port Manatee,Material Losses,0.0017924167,0,0,0
4,2022,7,Bradenton,,Non-Point Source,0.0008156572,0.0001728196,0.0310868987,0.0070207329
4,2022,7,Conservation,,Non-Point Source,0.2252714125,0.0268912193,2.4315922455,0.6869191713
4,2022,7,FDACS (Agriculture),,Non-Point Source,1.1773590425,0.3314462198,8.7939299164,2.5254170966
4,2022,7,HILLSBOROUGH,,Non-Point Source,0.0026011202,0.0006961905,0.0772789579,0.0302195817
4,2022,7,Lexington,,Non-Point Source,0.0167259504,0.004974389,0.7198499102,0.1248645197
4,2022,7,MANATEE,,Non-Point Source,2.397864611,0.5867243077,66.618833352,14.647049726
4,2022,7,None,,Non-Point Source,0.000010797,2.0500772E-6,0.0001288486,0.000049397
4,2022,7,PINELLAS,,Non-Point Source,0.0016115542,0.0002936738,0.0265112911,0.0106875259
4,2022,7,PORT MANATEE,,Non-Point Source,0.099764228,0.0189368373,2.69787843,0.8619443359
4,2022,7,ST PETERSBURG,,Non-Point Source,0.0023700214,0.0004575773,0.05191587,0.0211402437
4,2022,7,Manatee Co.,Manatee County North WRF,PS - Domestic - REUSE,0.3958225518,0.2066426557,0.0064030119,0.0029104599
4,2022,7,Manatee Co.,Manatee County North WRF,PS - Domestic - SW,0,0,0,0
4,2022,7,DRS,DRS Piney Point,PS - Industrial,2.2450250533,0.2996952277,0.4931985435,1.1650681349
4,2022,8,Atmospheric Deposition,,Atmospheric Deposition,14.405584313,0.2615194719,0,0
4,2022,8,Ground Water,,Ground Water,0.0248591038,0.1381269506,0,0
4,2022,8,Kinder Morgan,Kinder Morgan Port Manatee,Material Losses,0.0017924167,0,0,0
4,2022,8,Bradenton,,Non-Point Source,0.0007757371,0.0001680208,0.0302236932,0.0068257847
4,2022,8,Conservation,,Non-Point Source,0.2142461154,0.0261445174,2.3640730046,0.6678451423
4,2022,8,FDACS (Agriculture),,Non-Point Source,1.1197364036,0.3222427864,8.5497444556,2.455292574
4,2022,8,HILLSBOROUGH,,Non-Point Source,0.0024738155,0.000676859,0.0751331143,0.0293804594
4,2022,8,Lexington,,Non-Point Source,0.0159073442,0.0048362627,0.6998614768,0.1213973439
4,2022,8,MANATEE,,Non-Point Source,2.2805076437,0.5704324397,64.768994807,14.240337753
4,2022,8,None,,Non-Point Source,0.0000102685,1.9931517E-6,0.0001252708,0.0000480253
4,2022,8,PINELLAS,,Non-Point Source,0.001532681,0.0002855193,0.0257751387,0.01039076
4,2022,8,PORT MANATEE,,Non-Point Source,0.094881539,0.0184110086,2.622965087,0.8380102954
4,2022,8,ST PETERSBURG,,Non-Point Source,0.0022540272,0.0004448715,0.050474296,0.0205532319
4,2022,8,Manatee Co.,Manatee County North WRF,PS - Domestic - REUSE,0.7272890135,0.2105310302,0.0052632758,0.0023923981
4,2022,8,Manatee Co.,Manatee County North WRF,PS - Domestic - SW,0,0,0,0
4,2022,8,DRS,DRS Piney Point,PS - Industrial,0.02595684,0.0018915674,0.006325115,0.0057284061
4,2022,9,Atmospheric Deposition,,Atmospheric Deposition,13.267618871,0.360331624,0,0
4,2022,9,Ground Water,,Ground Water,0.0248591038,0.1381269506,0,0
4,2022,9,Kinder Morgan,Kinder Morgan Port Manatee,Material Losses,0.0017924167,0,0,0
4,2022,9,Bradenton,,Non-Point Source,0.0042500392,0.0009850043,0.1771832197,0.0400154442
4,2022,9,Conservation,,Non-Point Source,1.1737924742,0.1532694807,13.859129108,3.9151718382
4,2022,9,FDACS (Agriculture),,Non-Point Source,6.1347117594,1.8891144108,50.121976782,14.39389423
4,2022,9,HILLSBOROUGH,,Non-Point Source,0.0135533192,0.0039680147,0.440459973,0.1722398503
4,2022,9,Lexington,,Non-Point Source,0.0871517359,0.0283520807,4.1028642288,0.7116791486
4,2022,9,MANATEE,,Non-Point Source,12.494241514,3.3441001246,379.70141339,83.482480901
4,2022,9,None,,Non-Point Source,0.0000562584,0.0000116846,0.0007343871,0.0002815434
4,2022,9,PINELLAS,,Non-Point Source,0.008397116,0.0016738266,0.1511040374,0.0609147367
4,2022,9,PORT MANATEE,,Non-Point Source,0.5198284982,0.1079325998,15.376856686,4.912747134
4,2022,9,ST PETERSBURG,,Non-Point Source,0.0123491626,0.0026080122,0.2959002466,0.1204911585
4,2022,9,Manatee Co.,Manatee County North WRF,PS - Domestic - REUSE,0.2517791951,0.0683638874,0.0018341531,0.0008337059
4,2022,9,Manatee Co.,Manatee County North WRF,PS - Domestic - SW,0,0,0,0
4,2022,9,DRS,DRS Piney Point,PS - Industrial,0.5502284428,0.2376900453,0.7706256656,0.9462871913
4,2022,10,Atmospheric Deposition,,Atmospheric Deposition,0.6882968485,0.0137043106,0,0
4,2022,10,Ground Water,,Ground Water,0.0248591038,0.1381269506,0,0
4,2022,10,Kinder Morgan,Kinder Morgan Port Manatee,Material Losses,0.0017924167,0,0,0
4,2022,10,Bradenton,,Non-Point Source,0.0003025924,0.0000672522,0.0120973608,0.0027320943
4,2022,10,Conservation,,Non-Point Source,0.0835711569,0.0104646264,0.9462458437,0.2673122568
4,2022,10,FDACS (Agriculture),,Non-Point Source,0.4367764918,0.128981168,3.4221278868,0.982757465
4,2022,10,HILLSBOROUGH,,Non-Point Source,0.0009649632,0.0002709202,0.0300728434,0.0117598473
4,2022,10,Lexington,,Non-Point Source,0.0062049907,0.0019357665,0.2801271417,0.0485906027
4,2022,10,MANATEE,,Non-Point Source,0.8895594758,0.2283217668,25.924492186,5.6998495331
4,2022,10,None,,Non-Point Source,4.0054575E-6,7.9778055E-7,0.000050141,0.0000192227
4,2022,10,PINELLAS,,Non-Point Source,0.0005978541,0.0001142822,0.0103167787,0.0041590143
4,2022,10,PORT MANATEE,,Non-Point Source,0.0370105193,0.0073692058,1.0498702057,0.3354227037
4,2022,10,ST PETERSBURG,,Non-Point Source,0.0008792302,0.0001780646,0.0202028841,0.0082266539
4,2022,10,Manatee Co.,Manatee County North WRF,PS - Domestic - REUSE,0.5246408023,0.1128973878,0.0036525625,0.0016602557
4,2022,10,Manatee Co.,Manatee County North WRF,PS - Domestic - SW,0,0,0,0
4,2022,10,DRS,DRS Piney Point,PS - Industrial,0.4233115924,0.0629093911,0.2270834497,0.6463884719
4,2022,11,Atmospheric Deposition,,Atmospheric Deposition,7.4015988441,0.1459004325,0,0
4,2022,11,Ground Water,,Ground Water,0.0012566349,0.0087854211,0,0
4,2022,11,Kinder Morgan,Kinder Morgan Port Manatee,Material Losses,0.0017924167,0,0,0
4,2022,11,Bradenton,,Non-Point Source,0.0005450563,0.0001256353,0.0221102697,0.0050586693
4,2022,11,Conservation,,Non-Point Source,0.1567417231,0.0202730585,1.8384473176,0.5223472424
4,2022,11,FDACS (Agriculture),,Non-Point Source,0.8143542799,0.2498689168,6.5984409257,1.9118392552
4,2022,11,HILLSBOROUGH,,Non-Point Source,0.0018526983,0.0005399793,0.0597539542,0.0235577705
4,2022,11,Lexington,,Non-Point Source,0.0114520248,0.0037084163,0.5347894762,0.0935317939
4,2022,11,MANATEE,,Non-Point Source,1.6596127543,0.4422293068,50.051042407,11.091661591
4,2022,11,None,,Non-Point Source,7.4740441E-6,1.5453561E-6,0.0000968099,0.0000374155
4,2022,11,PINELLAS,,Non-Point Source,0.0011320117,0.0002249259,0.0203327349,0.0082662858
4,2022,11,PORT MANATEE,,Non-Point Source,0.0692461939,0.0143124127,2.0313351279,0.6546043695
4,2022,11,ST PETERSBURG,,Non-Point Source,0.0016827167,0.0003537754,0.0400078374,0.0164235407
4,2022,11,Manatee Co.,Manatee County North WRF,PS - Domestic - REUSE,0.7263994768,0.1966194072,0.0060078152,0.0027308251
4,2022,11,Manatee Co.,Manatee County North WRF,PS - Domestic - SW,0,0,0,0
4,2022,11,DRS,DRS Piney Point,PS - Industrial,0.0962303484,0.0455043489,0.0893497932,0.2314908483
4,2022,12,Atmospheric Deposition,,Atmospheric Deposition,5.0907229271,0.097072509,0,0
4,2022,12,Ground Water,,Ground Water,0.0012566349,0.0087854211,0,0
4,2022,12,Kinder Morgan,Kinder Morgan Port Manatee,Material Losses,0.0017924167,0,0,0
4,2022,12,Bradenton,,Non-Point Source,0.0001768861,0.0000403872,0.0071076562,0.0016261802
4,2022,12,Conservation,,Non-Point Source,0.0508670865,0.0065170589,0.5909946658,0.1679158445
4,2022,12,FDACS (Agriculture),,Non-Point Source,0.2642808101,0.0803238665,2.1211613476,0.6145875331
4,2022,12,HILLSBOROUGH,,Non-Point Source,0.0006012526,0.0001735839,0.0192087463,0.0075729756
4,2022,12,Lexington,,Non-Point Source,0.0037165033,0.0011921224,0.171915575,0.0300671065
4,2022,12,MANATEE,,Non-Point Source,0.5385908983,0.1421608108,16.089609312,3.5655701267
4,2022,12,None,,Non-Point Source,2.425537E-6,4.9677638E-7,0.0000311209,0.0000120278
4,2022,12,PINELLAS,,Non-Point Source,0.0003673696,0.0000723056,0.0065362427,0.0026573135
4,2022,12,PORT MANATEE,,Non-Point Source,0.0224723326,0.0046009257,0.6530011568,0.2104317523
4,2022,12,ST PETERSBURG,,Non-Point Source,0.0005460888,0.0001137261,0.0128610803,0.0052795774
4,2022,12,Manatee Co.,Manatee County North WRF,PS - Domestic - REUSE,0.6063121888,0.1789117934,0.0054667492,0.002484886
4,2022,12,Manatee Co.,Manatee County North WRF,PS - Domestic - SW,0,0,0,0
4,2022,12,DRS,DRS Piney Point,PS - Industrial,0.0272328826,0.0077773311,0.0052528822,0.0441893192
4,2023,1,Atmospheric Deposition,,Atmospheric Deposition,4.9100654966,0.0861742244,0,0
4,2023,1,Ground Water,,Ground Water,0.0012566349,0.0087854211,0,0
4,2023,1,Kinder Morgan,Kinder Morgan Port Manatee,Material Losses,0,0,0,0
4,2023,1,Bradenton,,Non-Point Source,0.0001775435,0.000039279,0.0069126208,0.0015815575
4,2023,1,Conservation,,Non-Point Source,0.0510561334,0.0063382296,0.5747776655,0.1633082034
4,2023,1,FDACS (Agriculture),,Non-Point Source,0.2582969752,0.0781197651,2.0629562974,0.5977231403
4,2023,1,HILLSBOROUGH,,Non-Point Source,0.0003217594,0.0001688207,0.0186816549,0.0073651718
4,2023,1,Lexington,,Non-Point Source,0.003175193,0.0011594104,0.1671981806,0.0292420597
4,2023,1,MANATEE,,Non-Point Source,0.5029668473,0.1382598925,15.648107529,3.4677302391
4,2023,1,None,,Non-Point Source,2.4345515E-6,4.8314474E-7,0.0000302669,0.0000116977
4,2023,1,PINELLAS,,Non-Point Source,0.0003687349,0.0000703215,0.006356887,0.0025843963
4,2023,1,PORT MANATEE,,Non-Point Source,0.0225558508,0.0044746755,0.6350826872,0.204657467
4,2023,1,ST PETERSBURG,,Non-Point Source,0.0005481183,0.0001106054,0.0125081699,0.0051347049
4,2023,1,Manatee Co.,Manatee County North WRF,PS - Domestic - REUSE,0.4214022608,0.170084045,0.0055848492,0.0025385678
4,2023,1,Manatee Co.,Manatee County North WRF,PS - Domestic - SW,0,0,0,0
4,2023,1,DRS,DRS Piney Point,PS - Industrial,0,0,0,0
4,2023,2,Atmospheric Deposition,,Atmospheric Deposition,0.832403906,0.0139526528,0,0
4,2023,2,Ground Water,,Ground Water,0.0012566349,0.0087854211,0,0
4,2023,2,Kinder Morgan,Kinder Morgan Port Manatee,Material Losses,0,0,0,0
4,2023,2,Bradenton,,Non-Point Source,0.0001199186,0.0000258805,0.0045546481,0.0010420704
4,2023,2,Conservation,,Non-Point Source,0.0344849613,0.0041761882,0.3787145408,0.107601939
4,2023,2,FDACS (Agriculture),,Non-Point Source,0.1744621183,0.0514722348,1.3592587078,0.3938330561
4,2023,2,HILLSBOROUGH,,Non-Point Source,0.0002173267,0.0001112341,0.0123091323,0.0048528289
4,2023,2,Lexington,,Non-Point Source,0.0021446279,0.0007639224,0.1101650012,0.0192672643
4,2023,2,MANATEE,,Non-Point Source,0.3397200511,0.0910978886,10.310362098,2.2848484622
4,2023,2,None,,Non-Point Source,1.6443747E-6,3.1833864E-7,0.0000199425,7.707489E-6
4,2023,2,PINELLAS,,Non-Point Source,0.0002490554,0.000046334,0.0041884814,0.0017028297
4,2023,2,PORT MANATEE,,Non-Point Source,0.01523495,0.0029483134,0.4184488415,0.1348465038
4,2023,2,ST PETERSBURG,,Non-Point Source,0.0003702168,0.0000728767,0.0082414925,0.0033831993
4,2023,2,Manatee Co.,Manatee County North WRF,PS - Domestic - REUSE,0.459584783,0.2125579621,0.0063192908,0.0028724049
4,2023,2,Manatee Co.,Manatee County North WRF,PS - Domestic - SW,0,0,0,0
4,2023,2,DRS,DRS Piney Point,PS - Industrial,0,0,0,0
4,2023,3,Atmospheric Deposition,,Atmospheric Deposition,0.5739623474,0.0096151679,0,0
4,2023,3,Ground Water,,Ground Water,0.0012566349,0.0087854211,0,0
4,2023,3,Kinder Morgan,Kinder Morgan Port Manatee,Material Losses,0,0,0,0
4,2023,3,Bradenton,,Non-Point Source,0.0000926604,0.0000199906,0.0035180956,0.0008049147
4,2023,3,Conservation,,Non-Point Source,0.026646322,0.0032257661,0.2925262108,0.0831137548
4,2023,3,FDACS (Agriculture),,Non-Point Source,0.1348058287,0.0397581191,1.0499169069,0.3042040354
4,2023,3,HILLSBOROUGH,,Non-Point Source,0.000167927,0.0000859193,0.0095078046,0.003748416
4,2023,3,Lexington,,Non-Point Source,0.0016571411,0.000590068,0.0850935121,0.0148823961
4,2023,3,MANATEE,,Non-Point Source,0.2624996387,0.0703657169,7.9639169651,1.7648597845
4,2023,3,None,,Non-Point Source,1.2705984E-6,2.4589073E-7,0.000015404,5.953409E-6
4,2023,3,PINELLAS,,Non-Point Source,0.0001924436,0.0000357893,0.0032352615,0.0013152976
4,2023,3,PORT MANATEE,,Non-Point Source,0.0117719542,0.0022773325,0.3232177295,0.1041579674
4,2023,3,ST PETERSBURG,,Non-Point Source,0.0002860643,0.0000562913,0.0063658833,0.0026132466
4,2023,3,Manatee Co.,Manatee County North WRF,PS - Domestic - REUSE,0.6224995202,0.3244011584,0.0100827387,0.0087675989
4,2023,3,Manatee Co.,Manatee County North WRF,PS - Domestic - SW,0,0,0,0
4,2023,3,DRS,DRS Piney Point,PS - Industrial,0,0,0,0
4,2023,4,Atmospheric Deposition,,Atmospheric Deposition,9.8629787449,0.1572789875,0,0
4,2023,4,Ground Water,,Ground Water,0.0012566349,0.0087854211,0,0
4,2023,4,Kinder Morgan,Kinder Morgan Port Manatee,Material Losses,0,0,0,0
4,2023,4,Bradenton,,Non-Point Source,0.0001154198,0.0000240083,0.0042251672,0.0009666876
4,2023,4,Conservation,,Non-Point Source,0.0331912602,0.0038740849,0.3513185271,0.0998180704
4,2023,4,FDACS (Agriculture),,Non-Point Source,0.1679171834,0.04774876,1.2609306371,0.3653433769
4,2023,4,HILLSBOROUGH,,Non-Point Source,0.0002091737,0.0001031875,0.0114186961,0.0045017778
4,2023,4,Lexington,,Non-Point Source,0.0020641723,0.0007086607,0.1021957221,0.0178734804
4,2023,4,MANATEE,,Non-Point Source,0.3269754757,0.0845079145,9.5645158453,2.1195637081
4,2023,4,None,,Non-Point Source,1.5826861E-6,2.9531019E-7,0.0000184999,7.1499333E-6
4,2023,4,PINELLAS,,Non-Point Source,0.0002397122,0.0000429823,0.0038854888,0.0015796478
4,2023,4,PORT MANATEE,,Non-Point Source,0.0146634119,0.0027350339,0.3881784691,0.1250917776
4,2023,4,ST PETERSBURG,,Non-Point Source,0.0003563282,0.0000676048,0.0076453072,0.0031384604
4,2023,4,Manatee Co.,Manatee County North WRF,PS - Domestic - REUSE,0.6104079466,0.368182571,0.0106579165,0.0048445075
4,2023,4,Manatee Co.,Manatee County North WRF,PS - Domestic - SW,0,0,0,0
4,2023,4,DRS,DRS Piney Point,PS - Industrial,0,0,0,0
4,2023,5,Atmospheric Deposition,,Atmospheric Deposition,43.723681393,0.6457396304,0,0
4,2023,5,Ground Water,,Ground Water,0.0012566349,0.0087854211,0,0
4,2023,5,Kinder Morgan,Kinder Morgan Port Manatee,Material Losses,0,0,0,0
4,2023,5,Bradenton,,Non-Point Source,0.0003035054,0.0000573543,0.0100936586,0.0023093559
4,2023,5,Conservation,,Non-Point Source,0.0872789911,0.0092549451,0.8392778508,0.2384590882
4,2023,5,FDACS (Agriculture),,Non-Point Source,0.4415512473,0.1140687826,3.0122839344,0.8727823342
4,2023,5,HILLSBOROUGH,,Non-Point Source,0.0005500385,0.0002465084,0.0272785463,0.0107544637
4,2023,5,Lexington,,Non-Point Source,0.0054279011,0.0016929458,0.2441391483,0.0426986197
4,2023,5,MANATEE,,Non-Point Source,0.859807354,0.2018840892,22.849026405,5.0635043025
4,2023,5,None,,Non-Point Source,4.1617957E-6,7.0547745E-7,0.0000441951,0.0000170807
4,2023,5,PINELLAS,,Non-Point Source,0.0006303417,0.0001026819,0.0092821882,0.0037736793
4,2023,5,PORT MANATEE,,Non-Point Source,0.0385585779,0.0065338239,0.9273339324,0.2988363839
4,2023,5,ST PETERSBURG,,Non-Point Source,0.0009369925,0.0001615036,0.0182641577,0.0074975844
4,2023,5,Manatee Co.,Manatee County North WRF,PS - Domestic - REUSE,0.440441843,0.177320742,0.0062920263,0.002860012
4,2023,5,Manatee Co.,Manatee County North WRF,PS - Domestic - SW,0,0,0,0
4,2023,5,DRS,DRS Piney Point,PS - Industrial,0.0135441164,0.0090374572,0.14714841,0.0358034692
4,2023,6,Atmospheric Deposition,,Atmospheric Deposition,20.582607827,0.3560966325,0,0
4,2023,6,Ground Water,,Ground Water,0.0012566349,0.0087854211,0,0
4,2023,6,Kinder Morgan,Kinder Morgan Port Manatee,Material Losses,0,0,0,0
4,2023,6,Bradenton,,Non-Point Source,0.0005849508,0.0001285082,0.0226158758,0.0051743483
4,2023,6,Conservation,,Non-Point Source,0.1682141662,0.0207366523,1.8804879768,0.5342920081
4,2023,6,FDACS (Agriculture),,Non-Point Source,0.8510086333,0.2555827895,6.7493306486,1.9555582031
4,2023,6,HILLSBOROUGH,,Non-Point Source,0.0010600978,0.0005523272,0.0611203766,0.0240964774
4,2023,6,Lexington,,Non-Point Source,0.0104612789,0.0037932184,0.5470187645,0.0956706304
4,2023,6,MANATEE,,Non-Point Source,1.6571201772,0.4523419771,51.195583672,11.345299953
4,2023,6,None,,Non-Point Source,8.021094E-6,1.5806945E-6,0.0000990237,0.0000382711
4,2023,6,PINELLAS,,Non-Point Source,0.0012148674,0.0002300694,0.0207976933,0.0084553149
4,2023,6,PORT MANATEE,,Non-Point Source,0.074314551,0.0146397015,2.0777866455,0.6695735225
4,2023,6,ST PETERSBURG,,Non-Point Source,0.0018058803,0.0003618654,0.0409227159,0.0167991057
4,2023,6,Manatee Co.,Manatee County North WRF,PS - Domestic - REUSE,0.1793544337,0.0606639996,0.0058026434,0.0026375652
4,2023,6,Manatee Co.,Manatee County North WRF,PS - Domestic - SW,0,0,0,0
4,2023,6,DRS,DRS Piney Point,PS - Industrial,0.0778590658,0.0386103744,0.1651612522,0.192983548
4,2023,7,Atmospheric Deposition,,Atmospheric Deposition,11.594049004,0.2025664195,0,0
4,2023,7,Ground Water,,Ground Water,0.0248591038,0.1381269506,0,0
4,2023,7,Kinder Morgan,Kinder Morgan Port Manatee,Material Losses,0,0,0,0
4,2023,7,Bradenton,,Non-Point Source,0.0004375617,0.0000933856,0.0167982595,0.0037937555
4,2023,7,Conservation,,Non-Point Source,0.1208474963,0.0145310629,1.3139463625,0.3711868008
4,2023,7,FDACS (Agriculture),,Non-Point Source,0.6150113503,0.1791018028,4.7519283906,1.3646459903
4,2023,7,HILLSBOROUGH,,Non-Point Source,0.0007439698,0.0003761967,0.0417588129,0.0163295921
4,2023,7,Lexington,,Non-Point Source,0.0076374244,0.0026879837,0.3889814062,0.0674723658
4,2023,7,MANATEE,,Non-Point Source,1.196810868,0.3170450438,35.998459001,7.9147471147
4,2023,7,None,,Non-Point Source,5.7920643E-6,1.1077891E-6,0.0000696252,0.0000266924
4,2023,7,PINELLAS,,Non-Point Source,0.0008645229,0.0001586909,0.0143257631,0.0057751606
4,2023,7,PORT MANATEE,,Non-Point Source,0.0535188067,0.0102327964,1.4578379891,0.4657642033
4,2023,7,ST PETERSBURG,,Non-Point Source,0.0012714048,0.0002472585,0.0280534981,0.0114234393
4,2023,7,Manatee Co.,Manatee County North WRF,PS - Domestic - REUSE,0.1761694934,0.0849388629,0.0091230631,0.0062917676
4,2023,7,Manatee Co.,Manatee County North WRF,PS - Domestic - SW,0,0,0,0
4,2023,7,DRS,DRS Piney Point,PS - Industrial,0.015045135,0.009095553,0.0441668634,0.0354892948
4,2023,8,Atmospheric Deposition,,Atmospheric Deposition,30.213931302,0.476789899,0,0
4,2023,8,Ground Water,,Ground Water,0.0248591038,0.1381269506,0,0
4,2023,8,Kinder Morgan,Kinder Morgan Port Manatee,Material Losses,0,0,0,0
4,2023,8,Bradenton,,Non-Point Source,0.0008848781,0.0001775682,0.0319410884,0.007213645
4,2023,8,Conservation,,Non-Point Source,0.2443891086,0.0276301223,2.4984062735,0.7057939793
4,2023,8,FDACS (Agriculture),,Non-Point Source,1.2437334682,0.3405535268,9.0355649523,2.5948091951
4,2023,8,HILLSBOROUGH,,Non-Point Source,0.0015045253,0.00071532,0.0794023889,0.0310499397
4,2023,8,Lexington,,Non-Point Source,0.0154451139,0.0051110727,0.7396295719,0.128295482
4,2023,8,MANATEE,,Non-Point Source,2.4203028626,0.6028460133,68.449351032,15.049513746
4,2023,8,None,,Non-Point Source,0.0000117133,2.1064081E-6,0.0001323891,0.0000507543
4,2023,8,PINELLAS,,Non-Point Source,0.001748319,0.0003017433,0.0272397545,0.0109811922
4,2023,8,PORT MANATEE,,Non-Point Source,0.1082307359,0.0194571739,2.7720093314,0.8856283944
4,2023,8,ST PETERSBURG,,Non-Point Source,0.0025711537,0.0004701503,0.0533423873,0.0217211243
4,2023,8,Manatee Co.,Manatee County North WRF,PS - Domestic - REUSE,0.1523373539,0.0788889868,0.0103371776,0.0027203099
4,2023,8,Manatee Co.,Manatee County North WRF,PS - Domestic - SW,0,0,0,0
4,2023,8,DRS,DRS Piney Point,PS - Industrial,0.0431649111,0.0098285495,0.066130974,0.0628063285
4,2023,9,Atmospheric Deposition,,Atmospheric Deposition,8.3292675926,0.1616511731,0,0
4,2023,9,Ground Water,,Ground Water,0.0248591038,0.1381269506,0,0
4,2023,9,Kinder Morgan,Kinder Morgan Port Manatee,Material Losses,0,0,0,0
4,2023,9,Bradenton,,Non-Point Source,0.0004321497,0.0000954646,0.0171722266,0.0038782131
4,2023,9,Conservation,,Non-Point Source,0.1193527877,0.0148545571,1.343197772,0.3794502562
4,2023,9,FDACS (Agriculture),,Non-Point Source,0.6074045501,0.1830890129,4.8577170341,1.3950260879
4,2023,9,HILLSBOROUGH,,Non-Point Source,0.000734768,0.0003845717,0.0426884583,0.0166931256
4,2023,9,Lexington,,Non-Point Source,0.0075429605,0.0027478243,0.3976410096,0.0689744528
4,2023,9,MANATEE,,Non-Point Source,1.1820080499,0.3241031815,36.79986589,8.0909472364
4,2023,9,None,,Non-Point Source,5.7204248E-6,1.132451E-6,0.0000711753,0.0000272866
4,2023,9,PINELLAS,,Non-Point Source,0.00085383,0.0001622238,0.0146446869,0.0059037287
4,2023,9,PORT MANATEE,,Non-Point Source,0.0528568565,0.0104606016,1.4902927508,0.4761331649
4,2023,9,ST PETERSBURG,,Non-Point Source,0.0012556794,0.0002527631,0.0286780323,0.0116777508
4,2023,9,Manatee Co.,Manatee County North WRF,PS - Domestic - REUSE,0.1475609449,0.0607603891,0.0065100417,0.0021700139
4,2023,9,Manatee Co.,Manatee County North WRF,PS - Domestic - SW,0,0,0,0
4,2023,9,DRS,DRS Piney Point,PS - Industrial,0.1032581527,0.0588177503,0.5148759346,0.157863948
4,2023,10,Atmospheric Deposition,,Atmospheric Deposition,0.677873173,0.0155753836,0,0
4,2023,10,Ground Water,,Ground Water,0.0248591038,0.1381269506,0,0
4,2023,10,Kinder Morgan,Kinder Morgan Port Manatee,Material Losses,0,0,0,0
4,2023,10,Bradenton,,Non-Point Source,0.0002113408,0.0000481444,0.0086602516,0.0019558501
4,2023,10,Conservation,,Non-Point Source,0.0583689407,0.0074914106,0.6773979198,0.1913633417
4,2023,10,FDACS (Agriculture),,Non-Point Source,0.2970484465,0.0923349629,2.4498309053,0.7035358379
4,2023,10,HILLSBOROUGH,,Non-Point Source,0.000359335,0.0001939462,0.0215285295,0.0084186326
4,2023,10,Lexington,,Non-Point Source,0.0036888507,0.0013857754,0.200537254,0.0347850122
4,2023,10,MANATEE,,Non-Point Source,0.5780556877,0.1634508525,18.558810267,4.0804049421
4,2023,10,None,,Non-Point Source,2.7975479E-6,5.7111467E-7,0.0000358949,0.0000137611
4,2023,10,PINELLAS,,Non-Point Source,0.0004175617,0.0000818123,0.0073855695,0.0029773527
4,2023,10,PORT MANATEE,,Non-Point Source,0.0258494065,0.0052754627,0.7515804674,0.2401222085
4,2023,10,ST PETERSBURG,,Non-Point Source,0.0006140843,0.0001274728,0.0144628288,0.0058892921
4,2023,10,Manatee Co.,Manatee County North WRF,PS - Domestic - REUSE,0.1851440583,0.0498464772,0.0068835611,0.0094945671
4,2023,10,Manatee Co.,Manatee County North WRF,PS - Domestic - SW,0,0,0,0
4,2023,10,DRS,DRS Piney Point,PS - Industrial,0,0,0,0
4,2023,11,Atmospheric Deposition,,Atmospheric Deposition,2.7065629086,0.0583284501,0,0
4,2023,11,Ground Water,,Ground Water,0.0012566349,0.0087854211,0,0
4,2023,11,Kinder Morgan,Kinder Morgan Port Manatee,Material Losses,0,0,0,0
4,2023,11,Bradenton,,Non-Point Source,0.0001472992,0.0000346335,0.0060950702,0.0013945078
4,2023,11,Conservation,,Non-Point Source,0.0423588031,0.0055886118,0.5067991288,0.1439938609
4,2023,11,FDACS (Agriculture),,Non-Point Source,0.2142965003,0.0688805973,1.8189719557,0.527030859
4,2023,11,HILLSBOROUGH,,Non-Point Source,0.0002669482,0.0001488544,0.0164721891,0.0064940983
4,2023,11,Lexington,,Non-Point Source,0.002634304,0.0010222877,0.1474237734,0.0257836225
4,2023,11,MANATEE,,Non-Point Source,0.4172872527,0.1219079956,13.797417226,3.0576043044
4,2023,11,None,,Non-Point Source,2.0198295E-6,4.2600356E-7,0.0000266873,0.0000103142
4,2023,11,PINELLAS,,Non-Point Source,0.0003059215,0.0000620046,0.0056050626,0.0022787416
4,2023,11,PORT MANATEE,,Non-Point Source,0.0187134978,0.0039454589,0.5599719194,0.1804527772
4,2023,11,ST PETERSBURG,,Non-Point Source,0.0004547472,0.0000975242,0.0110288377,0.004527427
4,2023,11,Manatee Co.,Manatee County North WRF,PS - Domestic - REUSE,0.1938253657,0.0780685501,0.0067300474,0.002692019
4,2023,11,Manatee Co.,Manatee County North WRF,PS - Domestic - SW,0,0,0,0
4,2023,11,DRS,DRS Piney Point,PS - Industrial,0,0,0,0
4,2023,12,Atmospheric Deposition,,Atmospheric Deposition,4.004910677,0.1062290129,0,0
4,2023,12,Ground Water,,Ground Water,0.0012566349,0.0087854211,0,0
4,2023,12,Kinder Morgan,Kinder Morgan Port Manatee,Material Losses,0,0,0,0
4,2023,12,Bradenton,,Non-Point Source,0.0001535311,0.0000371263,0.006533771,0.0014948794
4,2023,12,Conservation,,Non-Point Source,0.044150895,0.0059908596,0.5432766761,0.1543580123
4,2023,12,FDACS (Agriculture),,Non-Point Source,0.2233628334,0.0738383707,1.9498949027,0.5649646122
4,2023,12,HILLSBOROUGH,,Non-Point Source,0.0002782421,0.0001595684,0.017657797,0.0069615197
4,2023,12,Lexington,,Non-Point Source,0.0027457546,0.0010958683,0.1580347972,0.0276394333
4,2023,12,MANATEE,,Non-Point Source,0.4349416018,0.1306824871,14.790504843,3.2776794766
4,2023,12,None,,Non-Point Source,2.1052833E-6,4.5666574E-7,0.0000286081,0.0000110566
4,2023,12,PINELLAS,,Non-Point Source,0.0003188642,0.0000664675,0.0060084945,0.0024427571
4,2023,12,PORT MANATEE,,Non-Point Source,0.0195052177,0.0042294386,0.6002766496,0.1934411079
4,2023,12,ST PETERSBURG,,Non-Point Source,0.0004739864,0.0001045436,0.0118226531,0.0048532947
4,2023,12,Manatee Co.,Manatee County North WRF,PS - Domestic - REUSE,0.2289367789,0.0763122596,0.0050205434,0.0020082174
4,2023,12,Manatee Co.,Manatee County North WRF,PS - Domestic - SW,0,0,0,0
4,2023,12,DRS,DRS Piney Point,PS - Industrial,0.0014338827,0.0034661107,0.0055266142,0.0165618365
4,2024,1,Atmospheric Deposition,,Atmospheric Deposition,14.974429724,0.2757581508,0,0
4,2024,1,Ground Water,,Ground Water,0.0012566349,0.0087854211,0,0
4,2024,1,Kinder Morgan,Kinder Morgan Port Manatee,Material Losses,0.0013234167,0,0,0
4,2024,1,Bradenton,,Non-Point Source,0.0003252024,0.0000733905,0.0129158307,0.0029550483
4,2024,1,Conservation,,Non-Point Source,0.0935183832,0.0118426141,1.0739387015,0.3051318979
4,2024,1,FDACS (Agriculture),,Non-Point Source,0.492218279,0.1459622462,3.8545140846,1.1168109891
4,2024,1,HILLSBOROUGH,,Non-Point Source,0.0013637094,0.0003154317,0.0349055876,0.013761396
4,2024,1,Lexington,,Non-Point Source,0.0073368873,0.0021662909,0.3124000945,0.0546370909
4,2024,1,MANATEE,,Non-Point Source,1.0244514277,0.2583305831,29.237580526,6.4792526457
4,2024,1,None,,Non-Point Source,4.4593137E-6,9.027279E-7,0.000056552,0.0000218565
4,2024,1,PINELLAS,,Non-Point Source,0.0006754035,0.0001313916,0.0118774744,0.0048287945
4,2024,1,PORT MANATEE,,Non-Point Source,0.0413150498,0.0083606714,1.1866151337,0.3823905966
4,2024,1,ST PETERSBURG,,Non-Point Source,0.0010039761,0.0002066598,0.0233707893,0.0095938979
4,2024,1,Manatee Co.,Manatee County North WRF,PS - Domestic - REUSE,0.2021605474,0.0703167121,0.0032228493,0.0014649315
4,2024,1,Manatee Co.,Manatee County North WRF,PS - Domestic - SW,0,0,0,0
4,2024,1,DRS,DRS Piney Point,PS - Industrial,0.0284669836,0.0155885399,0.0403972874,0.139800179
4,2024,2,Atmospheric Deposition,,Atmospheric Deposition,8.8361795921,0.1730419753,0,0
4,2024,2,Ground Water,,Ground Water,0.0012566349,0.0087854211,0,0
4,2024,2,Kinder Morgan,Kinder Morgan Port Manatee,Material Losses,0.0013234167,0,0,0
4,2024,2,Bradenton,,Non-Point Source,0.0004048508,0.0000931535,0.0163938851,0.003750802
4,2024,2,Conservation,,Non-Point Source,0.1164228639,0.0150316661,1.3631355237,0.3872996931
4,2024,2,FDACS (Agriculture),,Non-Point Source,0.6127721605,0.1852678581,4.892481357,1.4175527248
4,2024,2,HILLSBOROUGH,,Non-Point Source,0.0016977085,0.0004003731,0.0443051791,0.0174671493
4,2024,2,Lexington,,Non-Point Source,0.0091338345,0.0027496431,0.3965251143,0.069350103
4,2024,2,MANATEE,,Non-Point Source,1.2753596148,0.3278954322,37.11085613,8.2240256697
4,2024,2,None,,Non-Point Source,5.5514869E-6,1.14582E-6,0.0000717807,0.0000277421
4,2024,2,PINELLAS,,Non-Point Source,0.000840823,0.0001667736,0.0150759138,0.0061291219
4,2024,2,PORT MANATEE,,Non-Point Source,0.0514339134,0.0106120844,1.506154159,0.4853630895
4,2024,2,ST PETERSBURG,,Non-Point Source,0.0012498695,0.0002623104,0.0296642193,0.0121774018
4,2024,2,Manatee Co.,Manatee County North WRF,PS - Domestic - REUSE,0.3603024224,0.0888745975,0.0052844355,0.0048040323
4,2024,2,Manatee Co.,Manatee County North WRF,PS - Domestic - SW,0,0,0,0
4,2024,2,DRS,DRS Piney Point,PS - Industrial,0.0749654961,0.0224034231,0.1015422003,0.1712932533
4,2024,3,Atmospheric Deposition,,Atmospheric Deposition,3.7605239537,0.0629972842,0,0
4,2024,3,Ground Water,,Ground Water,0.0012566349,0.0087854211,0,0
4,2024,3,Kinder Morgan,Kinder Morgan Port Manatee,Material Losses,0.0013234167,0,0,0
4,2024,3,Bradenton,,Non-Point Source,0.0002659251,0.0000573707,0.010096547,0.0023100167
4,2024,3,Conservation,,Non-Point Source,0.0764720103,0.0092575935,0.8395180172,0.2385273252
4,2024,3,FDACS (Agriculture),,Non-Point Source,0.4024975628,0.1141014244,3.0131459245,0.8730320882
4,2024,3,HILLSBOROUGH,,Non-Point Source,0.0011151348,0.0002465789,0.0272863523,0.0107575412
4,2024,3,Lexington,,Non-Point Source,0.0059995319,0.0016934302,0.2442090107,0.0427108383
4,2024,3,MANATEE,,Non-Point Source,0.8377161526,0.20194186,22.855564844,5.0649532664
4,2024,3,None,,Non-Point Source,3.6464776E-6,7.0567933E-7,0.0000442078,0.0000170856
4,2024,3,PINELLAS,,Non-Point Source,0.0005522921,0.0001027113,0.0092848444,0.0037747592
4,2024,3,PORT MANATEE,,Non-Point Source,0.0337842124,0.0065356936,0.9275992967,0.2989218984
4,2024,3,ST PETERSBURG,,Non-Point Source,0.0008209731,0.0001615498,0.0182693842,0.0074997299
4,2024,3,Manatee Co.,Manatee County North WRF,PS - Domestic - REUSE,0.3800543266,0.0656457473,0.0082920944,0.0069100787
4,2024,3,Manatee Co.,Manatee County North WRF,PS - Domestic - SW,0,0,0,0
4,2024,3,DRS,DRS Piney Point,PS - Industrial,0.0009290033,0.0003008846,0.002183233,0.0021681762
4,2024,4,Atmospheric Deposition,,Atmospheric Deposition,5.069147069,0.0808346382,0,0
4,2024,4,Ground Water,,Ground Water,0.0012566349,0.0087854211,0,0
4,2024,4,Kinder Morgan,Kinder Morgan Port Manatee,Material Losses,0.0013234167,0,0,0
4,2024,4,Bradenton,,Non-Point Source,0.0001585832,0.0000329866,0.005805246,0.0013281982
4,2024,4,Conservation,,Non-Point Source,0.0456037403,0.00532287,0.4827005298,0.1371468675
4,2024,4,FDACS (Agriculture),,Non-Point Source,0.2400276162,0.0656052841,1.732478761,0.5019702292
4,2024,4,HILLSBOROUGH,,Non-Point Source,0.0006650056,0.0001417763,0.0156889268,0.0061853001
4,2024,4,Lexington,,Non-Point Source,0.0035777939,0.0009736773,0.1404136855,0.024557596
4,2024,4,MANATEE,,Non-Point Source,0.49956827,0.1161111981,13.141341858,2.9122134073
4,2024,4,None,,Non-Point Source,2.1745605E-6,4.0574684E-7,0.0000254183,9.8237819E-6
4,2024,4,PINELLAS,,Non-Point Source,0.0003293569,0.0000590563,0.0053385386,0.0021703861
4,2024,4,PORT MANATEE,,Non-Point Source,0.0201470635,0.00375785,0.5333449227,0.1718721407
4,2024,4,ST PETERSBURG,,Non-Point Source,0.0004895836,0.0000928869,0.01050441,0.0043121452
4,2024,4,Manatee Co.,Manatee County North WRF,PS - Domestic - REUSE,0.4601856522,0.1258320143,0.008628481,0.0071904008
4,2024,4,Manatee Co.,Manatee County North WRF,PS - Domestic - SW,0,0,0,0
4,2024,4,DRS,DRS Piney Point,PS - Industrial,0.0009948966,0.00061096,0.0020031475,0.003205036
4,2024,5,Atmospheric Deposition,,Atmospheric Deposition,1.2378559603,0.0189715788,0,0
4,2024,5,Ground Water,,Ground Water,0.0012566349,0.0087854211,0,0
4,2024,5,Kinder Morgan,Kinder Morgan Port Manatee,Material Losses,0.0013234167,0,0,0
4,2024,5,Bradenton,,Non-Point Source,0.0001146691,0.0000228881,0.0040280261,0.0009215832
4,2024,5,Conservation,,Non-Point Source,0.032975359,0.0036933249,0.3349264379,0.0951606824
4,2024,5,FDACS (Agriculture),,Non-Point Source,0.1735602551,0.0455208618,1.2020971685,0.3482969055
4,2024,5,HILLSBOROUGH,,Non-Point Source,0.0004808553,0.0000983729,0.0108859138,0.0042917304
4,2024,5,Lexington,,Non-Point Source,0.0025870474,0.0006755955,0.0974273957,0.0170395258
4,2024,5,MANATEE,,Non-Point Source,0.3612300858,0.0805648794,9.1182473309,2.0206674793
4,2024,5,None,,Non-Point Source,1.5723911E-6,2.8153138E-7,0.0000176367,6.8163262E-6
4,2024,5,PINELLAS,,Non-Point Source,0.0002381529,0.0000409768,0.0037041967,0.0015059434
4,2024,5,PORT MANATEE,,Non-Point Source,0.0145680299,0.0026074206,0.3700665404,0.1192551495
4,2024,5,ST PETERSBURG,,Non-Point Source,0.0003540103,0.0000644504,0.0072885866,0.0029920237
4,2024,5,Manatee Co.,Manatee County North WRF,PS - Domestic - REUSE,0.6128264449,0.105055962,0.0096301298,0.0087546635
4,2024,5,Manatee Co.,Manatee County North WRF,PS - Domestic - SW,0,0,0,0
4,2024,5,DRS,DRS Piney Point,PS - Industrial,0,0,0,0
4,2024,6,Atmospheric Deposition,,Atmospheric Deposition,21.134376176,0.4398968002,0,0
4,2024,6,Ground Water,,Ground Water,0.0012566349,0.0087854211,0,0
4,2024,6,Kinder Morgan,Kinder Morgan Port Manatee,Material Losses,0.0013234167,0,0,0
4,2024,6,Bradenton,,Non-Point Source,0.0004117301,0.0000961388,0.0169192617,0.0038710043
4,2024,6,Conservation,,Non-Point Source,0.1184011462,0.0155133876,1.4068200815,0.39971153
4,2024,6,FDACS (Agriculture),,Non-Point Source,0.6231845162,0.191205158,5.0492712586,1.4629811967
4,2024,6,HILLSBOROUGH,,Non-Point Source,0.0017265563,0.0004132039,0.0457250322,0.018026921
4,2024,6,Lexington,,Non-Point Source,0.0092890385,0.0028377612,0.4092325994,0.0715725736
4,2024,6,MANATEE,,Non-Point Source,1.2970307984,0.338403534,38.30015192,8.4875819475
4,2024,6,None,,Non-Point Source,5.6458189E-6,1.1825403E-6,0.0000740811,0.0000286312
4,2024,6,PINELLAS,,Non-Point Source,0.0008551104,0.0001721182,0.0155590533,0.0063255426
4,2024,6,PORT MANATEE,,Non-Point Source,0.0523078895,0.0109521711,1.5544220511,0.5009175752
4,2024,6,ST PETERSBURG,,Non-Point Source,0.0012711076,0.0002707167,0.0306148719,0.0125676524
4,2024,6,Manatee Co.,Manatee County North WRF,PS - Domestic - REUSE,0.3950113785,0.0935553265,0.0076230266,0.0069300242
4,2024,6,Manatee Co.,Manatee County North WRF,PS - Domestic - SW,0,0,0,0
4,2024,6,DRS,DRS Piney Point,PS - Industrial,0.0457383073,0.0366050225,0.1918553536,0.3308397551
4,2024,7,Atmospheric Deposition,,Atmospheric Deposition,18.34479139,0.3219242362,0,0
4,2024,7,Ground Water,,Ground Water,0.0248591038,0.1381269506,0,0
4,2024,7,Kinder Morgan,Kinder Morgan Port Manatee,Material Losses,0.0013234167,0,0,0
4,2024,7,Bradenton,,Non-Point Source,0.000637606,0.0001363324,0.0245235589,0.0055384539
4,2024,7,Conservation,,Non-Point Source,0.176096518,0.0212137083,1.9182130752,0.541890746
4,2024,7,FDACS (Agriculture),,Non-Point Source,0.9323642042,0.2614683748,6.9372779826,1.9922287974
4,2024,7,HILLSBOROUGH,,Non-Point Source,0.0025084756,0.0005492046,0.0609631437,0.0238393575
4,2024,7,Lexington,,Non-Point Source,0.0140395337,0.0039241522,0.5678688573,0.0985020226
4,2024,7,MANATEE,,Non-Point Source,1.9392847392,0.4628499045,52.55367853,11.554635589
4,2024,7,None,,Non-Point Source,8.4400785E-6,1.6172468E-6,0.000101645,0.0000389678
4,2024,7,PINELLAS,,Non-Point Source,0.0012597652,0.0002316708,0.0209139938,0.0084310813
4,2024,7,PORT MANATEE,,Non-Point Source,0.0779865185,0.0149387254,2.1282785751,0.6799630564
4,2024,7,ST PETERSBURG,,Non-Point Source,0.0018526653,0.0003609695,0.0409549343,0.0166769293
4,2024,7,Manatee Co.,Manatee County North WRF,PS - Domestic - REUSE,0.2156495591,0.0813104895,0.0038887625,0.0035352387
4,2024,7,Manatee Co.,Manatee County North WRF,PS - Domestic - SW,0,0,0,0
4,2024,7,DRS,DRS Piney Point,PS - Industrial,0.2045471168,0.2259400658,0.504117046,0.9737073341
4,2024,8,Atmospheric Deposition,,Atmospheric Deposition,28.807940767,0.6433190345,0,0
4,2024,8,Ground Water,,Ground Water,0.0248591038,0.1381269506,0,0
4,2024,8,Kinder Morgan,Kinder Morgan Port Manatee,Material Losses,0.0013234167,0,0,0
4,2024,8,Bradenton,,Non-Point Source,0.0159855732,0.0036272696,0.6524756178,0.1473565146
4,2024,8,Conservation,,Non-Point Source,4.4149582613,0.5644134882,51.03611867,14.417585189
4,2024,8,FDACS (Agriculture),,Non-Point Source,23.375527761,6.9566468789,184.57373008,53.005386438
4,2024,8,HILLSBOROUGH,,Non-Point Source,0.0628905976,0.0146121785,1.6219899011,0.6342717044
4,2024,8,Lexington,,Non-Point Source,0.3519885338,0.1044062829,15.108760734,2.6207520833
4,2024,8,MANATEE,,Non-Point Source,48.620275267,12.314618724,1398.2470502,307.42348737
4,2024,8,None,,Non-Point Source,0.0002116032,0.0000430286,0.0027043737,0.0010367812
4,2024,8,PINELLAS,,Non-Point Source,0.0315838765,0.0061638514,0.5564392628,0.2243179716
4,2024,8,PORT MANATEE,,Non-Point Source,1.9552188083,0.397460831,56.625136867,18.091147271
4,2024,8,ST PETERSBURG,,Non-Point Source,0.0464486173,0.0096039815,1.0896500048,0.4437076109
4,2024,8,Manatee Co.,Manatee County North WRF,PS - Domestic - REUSE,0.2583867528,0.013364832,0.0049004384,0.006682416
4,2024,8,Manatee Co.,Manatee County North WRF,PS - Domestic - SW,0,0,0,0
4,2024,8,DRS,DRS Piney Point,PS - Industrial,0.5844491941,0.4901753233,2.8862437335,3.6008166913
4,2024,9,Atmospheric Deposition,,Atmospheric Deposition,17.214433125,0.3406133342,0,0
4,2024,9,Ground Water,,Ground Water,0.0248591038,0.1381269506,0,0
4,2024,9,Kinder Morgan,Kinder Morgan Port Manatee,Material Losses,0.0013234167,0,0,0
4,2024,9,Bradenton,,Non-Point Source,0.0023028021,0.0005110776,0.0919329763,0.0207623436
4,2024,9,Conservation,,Non-Point Source,0.6359969089,0.0795251353,7.1909235513,2.0314192299
4,2024,9,FDACS (Agriculture),,Non-Point Source,3.3673621628,0.9801826076,26.006201434,7.4683908498
4,2024,9,HILLSBOROUGH,,Non-Point Source,0.0090597064,0.0020588372,0.2285362932,0.0893680683
4,2024,9,Lexington,,Non-Point Source,0.0507057159,0.0147107111,2.1288049762,0.3692606015
4,2024,9,MANATEE,,Non-Point Source,7.0039948169,1.7351139568,197.01121296,43.315574404
4,2024,9,None,,Non-Point Source,0.0000304825,6.0626728E-6,0.0003810428,0.0001460811
4,2024,9,PINELLAS,,Non-Point Source,0.004549816,0.0008684787,0.0784015772,0.031606114
4,2024,9,PORT MANATEE,,Non-Point Source,0.2816590882,0.0560017204,7.9784090347,2.5490194076
4,2024,9,ST PETERSBURG,,Non-Point Source,0.0066911566,0.0013531886,0.1535302857,0.0625178323
4,2024,9,Manatee Co.,Manatee County North WRF,PS - Domestic - REUSE,0.6512570343,0.1152667317,0.0072041707,0.0086450049
4,2024,9,Manatee Co.,Manatee County North WRF,PS - Domestic - SW,0,0,0,0
4,2024,9,DRS,DRS Piney Point,PS - Industrial,0.2201200907,0.0732372602,0.5056575016,0.7389116254
4,2024,10,Atmospheric Deposition,,Atmospheric Deposition,12.648920253,0.25338948,0,0
4,2024,10,Ground Water,,Ground Water,0.0248591038,0.1381269506,0,0
4,2024,10,Kinder Morgan,Kinder Morgan Port Manatee,Material Losses,0.0013234167,0,0,0
4,2024,10,Bradenton,,Non-Point Source,0.0025164783,0.0005600544,0.1007429549,0.0227520083
4,2024,10,Conservation,,Non-Point Source,0.6950108332,0.087146065,7.8800329998,2.2260910513
4,2024,10,FDACS (Agriculture),,Non-Point Source,3.6798184863,1.0741139491,28.498387452,8.1840901147
4,2024,10,HILLSBOROUGH,,Non-Point Source,0.0099003533,0.0022561365,0.2504370293,0.0979322506
4,2024,10,Lexington,,Non-Point Source,0.0554106811,0.0161204452,2.3328093176,0.4046470115
4,2024,10,MANATEE,,Non-Point Source,7.6538929758,1.9013907102,215.89088639,47.466525443
4,2024,10,None,,Non-Point Source,0.000033311,6.6436615E-6,0.0004175583,0.0001600802
4,2024,10,PINELLAS,,Non-Point Source,0.0049719918,0.0009517054,0.0859148358,0.0346349422
4,2024,10,PORT MANATEE,,Non-Point Source,0.3077941336,0.0613683906,8.7429835724,2.7932930875
4,2024,10,ST PETERSBURG,,Non-Point Source,0.0073120266,0.0014828653,0.1682431623,0.0685089444
4,2024,10,Manatee Co.,Manatee County North WRF,PS - Domestic - REUSE,0.3166580415,0.0593733828,0.0043540481,0.0039582255
4,2024,10,Manatee Co.,Manatee County North WRF,PS - Domestic - SW,0,0,0,0
4,2024,10,DRS,DRS Piney Point,PS - Industrial,0.1550951388,0.2119735214,0.8790614794,1.2011013364
4,2024,11,Atmospheric Deposition,,Atmospheric Deposition,0.5789465508,0.0115855196,0,0
4,2024,11,Ground Water,,Ground Water,0.0012566349,0.0087854211,0,0
4,2024,11,Kinder Morgan,Kinder Morgan Port Manatee,Material Losses,0.0013234167,0,0,0
4,2024,11,Bradenton,,Non-Point Source,0.0005507498,0.0001274406,0.0224279907,0.0051313615
4,2024,11,Conservation,,Non-Point Source,0.1583790055,0.0205643791,1.8648655098,0.5298532882
4,2024,11,FDACS (Agriculture),,Non-Point Source,0.8336012538,0.2534594929,6.6932594604,1.9393120777
4,2024,11,HILLSBOROUGH,,Non-Point Source,0.0023095239,0.0005477387,0.0606126089,0.0238962919
4,2024,11,Lexington,,Non-Point Source,0.0124254598,0.0037617056,0.542474315,0.0948758307
4,2024,11,MANATEE,,Non-Point Source,1.7349700958,0.4485840708,50.770267836,11.251046984
4,2024,11,None,,Non-Point Source,7.552116E-6,1.5675626E-6,0.0000982011,0.0000379532
4,2024,11,PINELLAS,,Non-Point Source,0.0011438364,0.000228158,0.020624913,0.008385071
4,2024,11,PORT MANATEE,,Non-Point Source,0.0699695213,0.0145180798,2.060525087,0.664010929
4,2024,11,ST PETERSBURG,,Non-Point Source,0.0017002939,0.0003588591,0.0405827436,0.0166595443
4,2024,11,Manatee Co.,Manatee County North WRF,PS - Domestic - REUSE,0.60785926,0.1639171038,0.0085373492,0.0068298793
4,2024,11,Manatee Co.,Manatee County North WRF,PS - Domestic - SW,0,0,0,0
4,2024,11,DRS,DRS Piney Point,PS - Industrial,0,0,0,0
4,2024,12,Atmospheric Deposition,,Atmospheric Deposition,0.9172933229,0.0184412754,0,0
4,2024,12,Ground Water,,Ground Water,0.0012566349,0.0087854211,0,0
4,2024,12,Kinder Morgan,Kinder Morgan Port Manatee,Material Losses,0.0013234167,0,0,0
4,2024,12,Bradenton,,Non-Point Source,0.0001568313,0.0000363313,0.0063938673,0.0014628704
4,2024,12,Conservation,,Non-Point Source,0.0450999477,0.0058625809,0.5316438177,0.1510528365
4,2024,12,FDACS (Agriculture),,Non-Point Source,0.2373759883,0.0722573139,1.9081429701,0.552867363
4,2024,12,HILLSBOROUGH,,Non-Point Source,0.0006576592,0.0001561517,0.0172797012,0.0068124569
4,2024,12,Lexington,,Non-Point Source,0.0035382694,0.0010724031,0.1546508927,0.0270476067
4,2024,12,MANATEE,,Non-Point Source,0.4940494503,0.1278842612,14.473804614,3.2074964874
4,2024,12,None,,Non-Point Source,2.1505378E-6,4.4688743E-7,0.0000279956,0.0000108199
4,2024,12,PINELLAS,,Non-Point Source,0.0003257184,0.0000650443,0.0058798382,0.0023904518
4,2024,12,PORT MANATEE,,Non-Point Source,0.0199244953,0.0041388761,0.587423285,0.1892990693
4,2024,12,ST PETERSBURG,,Non-Point Source,0.0004841751,0.0001023051,0.0115695017,0.004749374
4,2024,12,Manatee Co.,Manatee County North WRF,PS - Domestic - REUSE,0.4532905535,0.0883033546,0.0073586129,0.0058868903
4,2024,12,Manatee Co.,Manatee County North WRF,PS - Domestic - SW,0,0,0,0
4,2024,12,DRS,DRS Piney Point,PS - Industrial,0,0,0,0
55,2022,1,Atmospheric Deposition,,Atmospheric Deposition,0.8900370501,0.0169953989,0,0
55,2022,1,Ground Water,,Ground Water,0.0018584969,0.0139365218,0,0
55,2022,1,Bradenton,,Non-Point Source,0.1773661408,0.0436876975,8.6642202431,1.551828481
55,2022,1,Conservation,,Non-Point Source,0.0621890041,0.0089965481,5.5080134459,1.2973830288
55,2022,1,FDACS (Agriculture),,Non-Point Source,1.2504066804,0.3648323571,13.519718725,5.2276296601
55,2022,1,GULFPORT,,Non-Point Source,0.0216147143,0.0049597013,0.9514531273,0.1727400189
55,2022,1,Greyhawk Landing,,Non-Point Source,0.0181046151,0.0041280973,0.5371412637,0.1032303867
55,2022,1,Harbourage at Braden River,,Non-Point Source,0.0014473518,0.0003245649,0.0463140775,0.0083972425
55,2022,1,Heritage Harbour,,Non-Point Source,0.0194228749,0.0042960989,0.5650697646,0.1204425842
55,2022,1,Heritage Harbour Marketplace,,Non-Point Source,0.0031911532,0.0006404598,0.1061148861,0.0260889511
55,2022,1,Lakewood Ranch,,Non-Point Source,0.00058223,0.0001486845,0.0147324279,0.0032764516
55,2022,1,Lexington,,Non-Point Source,0.0019019978,0.0005007439,0.0824729631,0.0151215857
55,2022,1,MANATEE,,Non-Point Source,1.5921160194,0.3613813345,54.348295725,11.102092546
55,2022,1,MSGP PINELLAS,,Non-Point Source,0.0031083657,0.0004903746,0.142352629,0.0209595371
55,2022,1,None,,Non-Point Source,0.0006168269,0.0000170996,0.007251823,0.0011275751
55,2022,1,PINELLAS,,Non-Point Source,0.020012369,0.0046155315,0.750974672,0.1436686574
55,2022,1,Palmetto,,Non-Point Source,0.0808686077,0.0184027429,3.8249930822,0.6898013556
55,2022,1,SARASOTA,,Non-Point Source,0.0004344428,0.0001067797,0.0130441121,0.0031581092
55,2022,1,ST PETE BEACH,,Non-Point Source,0.0155502174,0.0034793566,0.6725817266,0.1245781078
55,2022,1,ST PETERSBURG,,Non-Point Source,0.1036580156,0.0231143711,4.4042393906,0.85657512
55,2022,1,Tara,,Non-Point Source,0.0000577667,0.000015765,0.0018245384,0.0003736384
55,2022,1,University Place,,Non-Point Source,0.0000355044,9.0893583E-6,0.0007945364,0.0001729766
55,2022,1,Waterlefe,,Non-Point Source,0.0091620102,0.0021801378,0.2826298949,0.0539821893
55,2022,1,Bradenton,City of Bradenton WRF,PS - Domestic - REUSE,0.2006277052,0.0060796274,0.0516768332,0.0364777646
55,2022,1,Palmetto,City of Palmetto WWTF,PS - Domestic - REUSE,0,0,0,0
55,2022,1,Manatee Co.,Manatee County Southeast WRF,PS - Domestic - REUSE,1.6673016036,0.0299874389,0.0239899511,0.0179924633
55,2022,1,St. Petersburg,St Pete Facilities,PS - Domestic - REUSE,0.1340305917,0.0057039624,0.0060550029,0.0128525648
55,2022,1,Bradenton,City of Bradenton WRF,PS - Domestic - SW,0.3841807121,0.0698510386,0.5937338277,0.4191062313
55,2022,1,Palmetto,City of Palmetto WWTF,PS - Domestic - SW,0,0,0,0
55,2022,2,Atmospheric Deposition,,Atmospheric Deposition,1.2062616543,0.0209477948,0,0
55,2022,2,Ground Water,,Ground Water,0.0018584969,0.0139365218,0,0
55,2022,2,Bradenton,,Non-Point Source,0.1474728318,0.0353808217,7.0167861637,1.2567603671
55,2022,2,Conservation,,Non-Point Source,0.0583376248,0.0087947397,5.7007197042,1.3370229136
55,2022,2,FDACS (Agriculture),,Non-Point Source,1.1337152407,0.3193749529,12.978439077,4.9805784293
55,2022,2,GULFPORT,,Non-Point Source,0.01697547,0.0038943417,0.7470779776,0.1356349149
55,2022,2,Greyhawk Landing,,Non-Point Source,0.0150532613,0.0033431717,0.4350080309,0.0836019317
55,2022,2,Harbourage at Braden River,,Non-Point Source,0.0012693321,0.0002821355,0.0401663873,0.0072796844
55,2022,2,Heritage Harbour,,Non-Point Source,0.0161493414,0.0034792291,0.4576261446,0.0975413637
55,2022,2,Heritage Harbour Marketplace,,Non-Point Source,0.0026533159,0.0005186813,0.085937966,0.02112834
55,2022,2,Lakewood Ranch,,Non-Point Source,0.0404604682,0.009995577,0.9904131629,0.2202651735
55,2022,2,Lexington,,Non-Point Source,0.0015814349,0.0004055313,0.0667913707,0.0122463338
55,2022,2,MANATEE,,Non-Point Source,1.4881133277,0.3383577446,49.023310903,10.200104651
55,2022,2,MSGP PINELLAS,,Non-Point Source,0.0024399802,0.0003845905,0.1117174664,0.0164343765
55,2022,2,None,,Non-Point Source,0.0004830517,0.0000133549,0.0056576783,0.0008798797
55,2022,2,PINELLAS,,Non-Point Source,0.0156795098,0.0036028873,0.586339722,0.1121616786
55,2022,2,Palmetto,,Non-Point Source,0.0667597644,0.014883062,3.0936792039,0.5578601447
55,2022,2,SARASOTA,,Non-Point Source,0.0301904007,0.007178451,0.87691319,0.2123093989
55,2022,2,ST PETE BEACH,,Non-Point Source,0.012198062,0.0027232507,0.5266317408,0.0975479462
55,2022,2,ST PETERSBURG,,Non-Point Source,0.0813394158,0.0181073915,3.4515066146,0.6712089555
55,2022,2,Tara,,Non-Point Source,0.004014335,0.0010598267,0.1226577769,0.0251184903
55,2022,2,University Place,,Non-Point Source,0.0024672782,0.000611048,0.0534140929,0.0116286524
55,2022,2,Waterlefe,,Non-Point Source,0.007617844,0.0017656015,0.228890019,0.0437178959
55,2022,2,Bradenton,City of Bradenton WRF,PS - Domestic - REUSE,0.2565711266,0.0071269757,0.0570158059,0.0356348787
55,2022,2,Palmetto,City of Palmetto WWTF,PS - Domestic - REUSE,0,0,0,0
55,2022,2,Manatee Co.,Manatee County Southeast WRF,PS - Domestic - REUSE,1.6972588947,0.0183157435,0.0244209913,0.0122104956
55,2022,2,St. Petersburg,St Pete Facilities,PS - Domestic - REUSE,0.1298238824,0.0061224217,0.0038534961,0.0116887525
55,2022,2,Bradenton,City of Bradenton WRF,PS - Domestic - SW,0.2383447624,0.0397241271,0.3177930165,0.1986206353
55,2022,2,Palmetto,City of Palmetto WWTF,PS - Domestic - SW,0,0,0,0
55,2022,3,Atmospheric Deposition,,Atmospheric Deposition,2.9144950734,0.0529635768,0,0
55,2022,3,Ground Water,,Ground Water,0.0018584969,0.0139365218,0,0
55,2022,3,Bradenton,,Non-Point Source,0.1785832635,0.0434588203,8.618828916,1.5436985452
55,2022,3,Conservation,,Non-Point Source,0.062884661,0.0090792803,6.1241612339,1.4392220688
55,2022,3,FDACS (Agriculture),,Non-Point Source,1.4310137305,0.3956453578,15.661854958,5.8518304298
55,2022,3,GULFPORT,,Non-Point Source,0.0198902567,0.0045635587,0.8754584069,0.1589428816
55,2022,3,Greyhawk Landing,,Non-Point Source,0.0182288527,0.0041064705,0.5343272131,0.1026895689
55,2022,3,Harbourage at Braden River,,Non-Point Source,0.0015975322,0.0003646375,0.0518304083,0.0093910975
55,2022,3,Heritage Harbour,,Non-Point Source,0.0195561587,0.0042735919,0.5621093981,0.1198115928
55,2022,3,Heritage Harbour Marketplace,,Non-Point Source,0.0032130515,0.0006371044,0.1055589566,0.0259522727
55,2022,3,Lakewood Ranch,,Non-Point Source,0.0856417887,0.0215393749,2.1342320142,0.4746473517
55,2022,3,Lexington,,Non-Point Source,0.0019150497,0.0004981205,0.0820408922,0.0150423646
55,2022,3,MANATEE,,Non-Point Source,1.9472046422,0.4555681201,63.6277315,13.252977528
55,2022,3,MSGP PINELLAS,,Non-Point Source,0.0028566387,0.0004504953,0.130891852,0.0192490898
55,2022,3,None,,Non-Point Source,0.0005633985,0.0000156205,0.0066149735,0.0010288303
55,2022,3,PINELLAS,,Non-Point Source,0.0183013392,0.0042133204,0.6857355412,0.1311708059
55,2022,3,Palmetto,,Non-Point Source,0.0805531529,0.0181771602,3.7796687898,0.6812775316
55,2022,3,SARASOTA,,Non-Point Source,0.0639033613,0.0154687766,1.8896519896,0.4575035278
55,2022,3,ST PETE BEACH,,Non-Point Source,0.014265224,0.0031876438,0.6165241181,0.1142000356
55,2022,3,ST PETERSBURG,,Non-Point Source,0.095174305,0.0212018288,4.0418825628,0.78598952
55,2022,3,Tara,,Non-Point Source,0.0084970551,0.0022838107,0.2643140904,0.0541275986
55,2022,3,University Place,,Non-Point Source,0.0052224339,0.0013167415,0.1151015267,0.0250584738
55,2022,3,Waterlefe,,Non-Point Source,0.0092248818,0.0021687162,0.281149214,0.0536993799
55,2022,3,Bradenton,City of Bradenton WRF,PS - Domestic - REUSE,0.5044797229,0.0084079954,0.0462439746,0.0420399769
55,2022,3,Palmetto,City of Palmetto WWTF,PS - Domestic - REUSE,0,0,0,0
55,2022,3,Manatee Co.,Manatee County Southeast WRF,PS - Domestic - REUSE,2.1577865416,0.0350290023,0.0280232018,0.0490406032
55,2022,3,St. Petersburg,St Pete Facilities,PS - Domestic - REUSE,0.1575109349,0.0098718685,0.0055807876,0.0136122216
55,2022,3,Bradenton,City of Bradenton WRF,PS - Domestic - SW,0.4139320803,0.041393208,0.2276626442,0.2069660402
55,2022,3,Palmetto,City of Palmetto WWTF,PS - Domestic - SW,0,0,0,0
55,2022,4,Atmospheric Deposition,,Atmospheric Deposition,11.655132329,0.174771572,0,0
55,2022,4,Ground Water,,Ground Water,0.0018584969,0.0139365218,0,0
55,2022,4,Bradenton,,Non-Point Source,0.2681481906,0.0586390047,11.629389517,2.0829131027
55,2022,4,Conservation,,Non-Point Source,0.0791777755,0.011552153,4.4260366167,1.0586114051
55,2022,4,FDACS (Agriculture),,Non-Point Source,1.8754628461,0.4890070685,15.112181115,5.6359363831
55,2022,4,GULFPORT,,Non-Point Source,0.0349086156,0.0080019276,1.5350640319,0.2786968503
55,2022,4,Greyhawk Landing,,Non-Point Source,0.0273711755,0.0055408623,0.7209679355,0.1385590789
55,2022,4,Harbourage at Braden River,,Non-Point Source,0.002204703,0.0004399455,0.0627576231,0.0113779841
55,2022,4,Heritage Harbour,,Non-Point Source,0.0293641658,0.0057663594,0.7584544497,0.161661833
55,2022,4,Heritage Harbour Marketplace,,Non-Point Source,0.0048244944,0.0008596453,0.1424307449,0.0350174125
55,2022,4,Lakewood Ranch,,Non-Point Source,0.010915487,0.0024037621,0.2381771065,0.0529699358
55,2022,4,Lexington,,Non-Point Source,0.0028755053,0.0006721142,0.1106978107,0.020296669
55,2022,4,MANATEE,,Non-Point Source,2.4361456739,0.4956122584,72.316183437,14.571913413
55,2022,4,MSGP PINELLAS,,Non-Point Source,0.0050108202,0.0007872476,0.2291708534,0.0336158215
55,2022,4,None,,Non-Point Source,0.0009856893,0.000026965,0.0113829243,0.0017714436
55,2022,4,PINELLAS,,Non-Point Source,0.032035606,0.0072620065,1.1826891509,0.2261663511
55,2022,4,Palmetto,,Non-Point Source,0.1210946971,0.0250307088,5.1986173674,0.938415625
55,2022,4,SARASOTA,,Non-Point Source,0.0081448125,0.0017262924,0.2108823409,0.0510567107
55,2022,4,ST PETE BEACH,,Non-Point Source,0.0250036216,0.0055375784,1.072277606,0.1986394919
55,2022,4,ST PETERSBURG,,Non-Point Source,0.1668791418,0.0369274337,7.0475376582,1.3700547664
55,2022,4,Tara,,Non-Point Source,0.0010829934,0.0002548699,0.0294970579,0.0060405592
55,2022,4,University Place,,Non-Point Source,0.0006656261,0.0001469464,0.0128451585,0.0027964883
55,2022,4,Waterlefe,,Non-Point Source,0.0138514399,0.0029262496,0.3793547538,0.0724565961
55,2022,4,Bradenton,City of Bradenton WRF,PS - Domestic - REUSE,0.5205029002,0.0118296114,0.0512616493,0.0394320379
55,2022,4,Palmetto,City of Palmetto WWTF,PS - Domestic - REUSE,0,0,0,0
55,2022,4,Manatee Co.,Manatee County Southeast WRF,PS - Domestic - REUSE,1.6037598163,0.0313234339,0.0313234339,0.144087796
55,2022,4,St. Petersburg,St Pete Facilities,PS - Domestic - REUSE,0.1317452464,0.0081973888,0.0046914916,0.0154661577
55,2022,4,Bradenton,City of Bradenton WRF,PS - Domestic - SW,0.3580178679,0.0488206183,0.2115560128,0.1627353945
55,2022,4,Palmetto,City of Palmetto WWTF,PS - Domestic - SW,0,0,0,0
55,2022,5,Atmospheric Deposition,,Atmospheric Deposition,6.8453517078,0.1194896524,0,0
55,2022,5,Ground Water,,Ground Water,0.0018584969,0.0139365218,0,0
55,2022,5,Bradenton,,Non-Point Source,0.4410857266,0.1060140506,21.024891127,3.7657197006
55,2022,5,Conservation,,Non-Point Source,0.1185227525,0.016530885,1.4616332407,1.0145282705
55,2022,5,FDACS (Agriculture),,Non-Point Source,3.1511025089,0.8743631386,21.099518218,8.543693858
55,2022,5,GULFPORT,,Non-Point Source,0.0487913044,0.0111933786,2.1473017046,0.389850983
55,2022,5,Greyhawk Landing,,Non-Point Source,0.0450237416,0.0100173811,1.3034452349,0.2505023626
55,2022,5,Harbourage at Braden River,,Non-Point Source,0.0036943786,0.0008154562,0.116227638,0.0210691147
55,2022,5,Heritage Harbour,,Non-Point Source,0.0483020765,0.0104250596,1.3712174835,0.2922700657
55,2022,5,Heritage Harbour Marketplace,,Non-Point Source,0.0079359686,0.0015541614,0.2575019868,0.0633083349
55,2022,5,Lakewood Ranch,,Non-Point Source,0.0590677488,0.0146255441,1.449174116,0.3222923523
55,2022,5,Lexington,,Non-Point Source,0.0047300127,0.0012151221,0.2001316935,0.0366945535
55,2022,5,MANATEE,,Non-Point Source,4.1707591487,0.9360250318,130.7358629,26.503887471
55,2022,5,MSGP PINELLAS,,Non-Point Source,0.0070738628,0.0011147416,0.3222945255,0.0477130685
55,2022,5,None,,Non-Point Source,0.0014570329,0.0000398694,0.0170165427,0.0026427401
55,2022,5,PINELLAS,,Non-Point Source,0.0469285273,0.0107952212,1.7541567127,0.3357785647
55,2022,5,Palmetto,,Non-Point Source,0.1988560232,0.0444211441,9.235743937,1.6649407981
55,2022,5,SARASOTA,,Non-Point Source,0.0440746013,0.0105035209,1.283100775,0.3106514503
55,2022,5,ST PETE BEACH,,Non-Point Source,0.0357821377,0.008008223,1.5442911819,0.2859815471
55,2022,5,ST PETERSBURG,,Non-Point Source,0.2372658699,0.052914499,10.059137017,1.9576444638
55,2022,5,Tara,,Non-Point Source,0.0058604791,0.0015507402,0.1794730544,0.036753415
55,2022,5,University Place,,Non-Point Source,0.0036019497,0.0008940864,0.0781555858,0.0170150628
55,2022,5,Waterlefe,,Non-Point Source,0.0227846865,0.0052903963,0.6858393027,0.1309950141
55,2022,5,Bradenton,City of Bradenton WRF,PS - Domestic - REUSE,0.5378529969,0.0122239317,0.0692689466,0.0448210831
55,2022,5,Palmetto,City of Palmetto WWTF,PS - Domestic - REUSE,0,0,0,0
55,2022,5,Manatee Co.,Manatee County Southeast WRF,PS - Domestic - REUSE,0.9942182896,0.0313139619,0.0195712262,0.0861133952
55,2022,5,St. Petersburg,St Pete Facilities,PS - Domestic - REUSE,0.1699945185,0.0090968235,0.0107489962,0.0171316109
55,2022,5,Bradenton,City of Bradenton WRF,PS - Domestic - SW,0.3414939663,0.046567359,0.2638817012,0.1707469831
55,2022,5,Palmetto,City of Palmetto WWTF,PS - Domestic - SW,0,0,0,0
55,2022,6,Atmospheric Deposition,,Atmospheric Deposition,19.618370969,0.3041135288,0,0
55,2022,6,Ground Water,,Ground Water,0.0018584969,0.0139365218,0,0
55,2022,6,Bradenton,,Non-Point Source,1.264328397,0.2853675303,56.594585536,10.136525531
55,2022,6,Conservation,,Non-Point Source,0.2418875835,0.0367461735,11.240728132,2.7724616472
55,2022,6,FDACS (Agriculture),,Non-Point Source,10.08130091,2.5194749679,74.609688587,25.459643299
55,2022,6,GULFPORT,,Non-Point Source,0.0769669218,0.0176477469,3.3854869393,0.6146483321
55,2022,6,Greyhawk Landing,,Non-Point Source,0.1290560806,0.0269646834,3.5086004675,0.6742996813
55,2022,6,Harbourage at Braden River,,Non-Point Source,0.0115875266,0.0024644627,0.3500043534,0.0634075012
55,2022,6,Heritage Harbour,,Non-Point Source,0.1384531016,0.028062068,3.691029109,0.7867295546
55,2022,6,Heritage Harbour Marketplace,,Non-Point Source,0.0227476653,0.0041834757,0.6931411976,0.1704127242
55,2022,6,Lakewood Ranch,,Non-Point Source,0.7745368783,0.1773388648,17.57164658,3.9078860492
55,2022,6,Lexington,,Non-Point Source,0.0135581112,0.0032708532,0.5387124328,0.0987740213
55,2022,6,MANATEE,,Non-Point Source,14.305016098,3.124593031,414.03826735,84.579801368
55,2022,6,MSGP PINELLAS,,Non-Point Source,0.0113361083,0.0017811991,0.5111543514,0.0764344639
55,2022,6,None,,Non-Point Source,0.0024985156,0.0000666253,0.0287447009,0.0044552815
55,2022,6,PINELLAS,,Non-Point Source,0.0794569849,0.0181357064,2.9404266671,0.5633983784
55,2022,6,Palmetto,,Non-Point Source,0.5455703354,0.1163107284,24.222212456,4.3576907546
55,2022,6,SARASOTA,,Non-Point Source,0.5779364342,0.127358166,15.557960287,3.7667368149
55,2022,6,ST PETE BEACH,,Non-Point Source,0.0585506607,0.0130850509,2.5124634813,0.4651061961
55,2022,6,ST PETERSBURG,,Non-Point Source,0.384420095,0.0856320214,16.211234368,3.1585813408
55,2022,6,Tara,,Non-Point Source,0.0768466259,0.0188031637,2.1761616133,0.4456455659
55,2022,6,University Place,,Non-Point Source,0.0472312374,0.0108410503,0.9476586121,0.2063124547
55,2022,6,Waterlefe,,Non-Point Source,0.0653100393,0.0142406344,1.846135176,0.3526110307
55,2022,6,Bradenton,City of Bradenton WRF,PS - Domestic - REUSE,0.7469554607,0.0063842347,0.0287290562,0.0287290562
55,2022,6,Palmetto,City of Palmetto WWTF,PS - Domestic - REUSE,0,0,0,0
55,2022,6,Manatee Co.,Manatee County Southeast WRF,PS - Domestic - REUSE,0.8332552922,0.0370335685,0.0416627646,0.0185167843
55,2022,6,St. Petersburg,St Pete Facilities,PS - Domestic - REUSE,0.1420148938,0.0110717631,0.0064617195,0.0148113789
55,2022,6,Bradenton,City of Bradenton WRF,PS - Domestic - SW,1.4646185504,0.0751086436,0.3379888962,0.3379888962
55,2022,6,Palmetto,City of Palmetto WWTF,PS - Domestic - SW,0,0,0,0
55,2022,7,Atmospheric Deposition,,Atmospheric Deposition,10.801061384,0.1856805458,0,0
55,2022,7,Ground Water,,Ground Water,0.0275225005,0.1328155523,0,0
55,2022,7,Bradenton,,Non-Point Source,1.8867710089,0.440098852,85.996649721,15.413103122
55,2022,7,Conservation,,Non-Point Source,1.0756269125,0.1965563161,30.644369713,7.3999937508
55,2022,7,FDACS (Agriculture),,Non-Point Source,26.827934798,6.5362002131,215.97565761,64.681243714
55,2022,7,GULFPORT,,Non-Point Source,0.265325449,0.0612150748,11.498834643,2.0761756825
55,2022,7,Greyhawk Landing,,Non-Point Source,0.1929419364,0.0416575887,5.3362683842,1.0263022923
55,2022,7,Harbourage at Braden River,,Non-Point Source,0.0258678404,0.0061962682,0.8692883533,0.1563182699
55,2022,7,Heritage Harbour,,Non-Point Source,0.2072539255,0.0434155727,5.6234680628,1.1990122048
55,2022,7,Heritage Harbour Marketplace,,Non-Point Source,0.0339174951,0.0064461897,1.0503935213,0.2585679845
55,2022,7,Lakewood Ranch,,Non-Point Source,6.2973660992,1.4883606174,149.7730732,32.912172528
55,2022,7,Lexington,,Non-Point Source,0.0202831433,0.0050573257,0.8204297891,0.1504981898
55,2022,7,MANATEE,,Non-Point Source,42.812772828,10.448156228,1179.6723379,252.15449857
55,2022,7,MSGP PINELLAS,,Non-Point Source,0.0359988309,0.0057112019,1.6901466502,0.2348754094
55,2022,7,None,,Non-Point Source,0.0048228724,0.0001449324,0.057806799,0.0089702643
55,2022,7,PINELLAS,,Non-Point Source,0.1744766101,0.0395555354,6.5339579849,1.2239906927
55,2022,7,Palmetto,,Non-Point Source,0.8515608285,0.1858513083,37.799456974,6.8233859114
55,2022,7,SARASOTA,,Non-Point Source,4.6926771583,1.0672053027,132.43725228,31.689955609
55,2022,7,ST PETE BEACH,,Non-Point Source,0.1634243212,0.0358039855,7.0018787183,1.2881871006
55,2022,7,ST PETERSBURG,,Non-Point Source,1.1400794856,0.250725952,48.134081617,9.2338625534
55,2022,7,Tara,,Non-Point Source,0.6255587691,0.158040745,18.589176033,3.7599055561
55,2022,7,University Place,,Non-Point Source,0.3854306879,0.0913311952,8.109770922,1.7439321068
55,2022,7,Waterlefe,,Non-Point Source,0.0977858005,0.0220339231,2.8126348092,0.5375285278
55,2022,7,Bradenton,City of Bradenton WRF,PS - Domestic - REUSE,0.3477029475,0.0009054764,0.006338335,0.0081492878
55,2022,7,Palmetto,City of Palmetto WWTF,PS - Domestic - REUSE,0,0,0,0
55,2022,7,Manatee Co.,Manatee County Southeast WRF,PS - Domestic - REUSE,0.7943589458,0.0532801732,0.0242182605,0.0096873042
55,2022,7,St. Petersburg,St Pete Facilities,PS - Domestic - REUSE,0.1456059127,0.0091158297,0.0061073414,0.0148678231
55,2022,7,Bradenton,City of Bradenton WRF,PS - Domestic - SW,5.8778355408,0.0918411803,0.6428882623,0.8265706229
55,2022,7,Palmetto,City of Palmetto WWTF,PS - Domestic - SW,0,0,0,0
55,2022,8,Atmospheric Deposition,,Atmospheric Deposition,7.2234211208,0.1311342349,0,0
55,2022,8,Ground Water,,Ground Water,0.0275225005,0.1328155523,0,0
55,2022,8,Bradenton,,Non-Point Source,2.0448254788,0.4843987285,94.652979866,16.964569483
55,2022,8,Conservation,,Non-Point Source,4.2706950024,0.774142544,86.065058447,20.628901761
55,2022,8,FDACS (Agriculture),,Non-Point Source,25.77135966,8.8648695169,210.73533598,78.447215775
55,2022,8,GULFPORT,,Non-Point Source,0.2309234812,0.0532850656,10.009236459,1.8072208168
55,2022,8,Greyhawk Landing,,Non-Point Source,0.2091046479,0.0458507967,5.8734114127,1.1296087758
55,2022,8,Harbourage at Braden River,,Non-Point Source,0.0201137826,0.0045721579,0.6420212312,0.1160152167
55,2022,8,Heritage Harbour,,Non-Point Source,0.2246155498,0.0477857375,6.1895203017,1.319703482
55,2022,8,Heritage Harbour Marketplace,,Non-Point Source,0.0367587576,0.0070950562,1.1561250019,0.2845951593
55,2022,8,Lakewood Ranch,,Non-Point Source,2.0356496296,0.4906655422,49.375457339,10.850105001
55,2022,8,Lexington,,Non-Point Source,0.0219822586,0.0055663907,0.9030133681,0.1656471755
55,2022,8,MANATEE,,Non-Point Source,28.115924152,6.7625416148,821.7409295,174.56277179
55,2022,8,MSGP PINELLAS,,Non-Point Source,0.0313200905,0.0049709463,1.47114706,0.2044282968
55,2022,8,None,,Non-Point Source,0.0041847448,0.0001260934,0.0502848075,0.0078032753
55,2022,8,PINELLAS,,Non-Point Source,0.1514989313,0.0344114146,5.6843779321,1.0648290477
55,2022,8,Palmetto,,Non-Point Source,0.9026213892,0.2000337574,40.753036305,7.3446532563
55,2022,8,SARASOTA,,Non-Point Source,1.5169272945,0.3518239212,43.660384077,10.44717864
55,2022,8,ST PETE BEACH,,Non-Point Source,0.1420966952,0.0311575818,6.0934303316,1.1210589329
55,2022,8,ST PETERSBURG,,Non-Point Source,0.9916126485,0.2182077578,41.892483811,8.0364358536
55,2022,8,Tara,,Non-Point Source,0.2022144586,0.0521010479,6.1282649049,1.239522248
55,2022,8,University Place,,Non-Point Source,0.1245920635,0.0301090138,2.6735356339,0.5749193998
55,2022,8,Waterlefe,,Non-Point Source,0.1059772996,0.024251834,3.0957515999,0.5916355705
55,2022,8,Bradenton,City of Bradenton WRF,PS - Domestic - REUSE,0.6457340453,0.0033631982,0.0302687834,0.0336319815
55,2022,8,Palmetto,City of Palmetto WWTF,PS - Domestic - REUSE,0,0,0,0
55,2022,8,Manatee Co.,Manatee County Southeast WRF,PS - Domestic - REUSE,0.7382750296,0.0323804838,0.0323804838,0.0064760968
55,2022,8,St. Petersburg,St Pete Facilities,PS - Domestic - REUSE,0.1217586116,0.0067754634,0.0100878527,0.014052833
55,2022,8,Bradenton,City of Bradenton WRF,PS - Domestic - SW,1.5729419053,0.0491544345,0.4423899109,0.4915443454
55,2022,8,Palmetto,City of Palmetto WWTF,PS - Domestic - SW,0,0,0,0
55,2022,9,Atmospheric Deposition,,Atmospheric Deposition,6.568346847,0.1783879315,0,0
55,2022,9,Ground Water,,Ground Water,0.0275225005,0.1328155523,0,0
55,2022,9,Bradenton,,Non-Point Source,12.65866922,3.1426769415,614.08860053,110.06255426
55,2022,9,Conservation,,Non-Point Source,24.795893602,5.0797625297,209.71016928,129.62776836
55,2022,9,FDACS (Agriculture),,Non-Point Source,146.17142175,56.027404627,905.30481294,480.93962139
55,2022,9,GULFPORT,,Non-Point Source,0.9874755247,0.2279471105,42.818311353,7.7310735877
55,2022,9,Greyhawk Landing,,Non-Point Source,1.2944804322,0.2974703133,38.105456372,7.3286638545
55,2022,9,Harbourage at Braden River,,Non-Point Source,0.1159753095,0.0271568593,3.8143286715,0.6901995729
55,2022,9,Heritage Harbour,,Non-Point Source,1.390502014,0.310023802,40.156304275,8.5619582769
55,2022,9,Heritage Harbour Marketplace,,Non-Point Source,0.2275582727,0.0460312305,7.5006955458,1.8463934611
55,2022,9,Lakewood Ranch,,Non-Point Source,7.4378712881,1.903849092,191.58349535,42.099884295
55,2022,9,Lexington,,Non-Point Source,0.1360830758,0.0361135705,5.8585605679,1.0746839914
55,2022,9,MANATEE,,Non-Point Source,152.33050945,38.113647615,4552.3675888,1002.0804307
55,2022,9,MSGP PINELLAS,,Non-Point Source,0.1353341794,0.0214956491,6.3229761757,0.8861595406
55,2022,9,None,,Non-Point Source,0.0195051878,0.0005756496,0.2340861347,0.0361851708
55,2022,9,PINELLAS,,Non-Point Source,0.6925315979,0.158513373,26.100453784,4.8959957006
55,2022,9,Palmetto,,Non-Point Source,5.5846516197,1.2864563688,262.26749212,47.236364825
55,2022,9,SARASOTA,,Non-Point Source,5.5425598814,1.3651247035,169.40823317,40.53647517
55,2022,9,ST PETE BEACH,,Non-Point Source,0.6250147125,0.1379514287,26.860519006,4.9384895082
55,2022,9,ST PETERSBURG,,Non-Point Source,4.3214682368,0.9551581573,182.69122897,35.081580872
55,2022,9,Tara,,Non-Point Source,0.7388526464,0.2021591578,23.778501996,4.8095150431
55,2022,9,University Place,,Non-Point Source,0.4552353797,0.116827072,10.373682175,2.2307655277
55,2022,9,Waterlefe,,Non-Point Source,0.6560616512,0.157340792,20.08458445,3.8384069895
55,2022,9,Bradenton,City of Bradenton WRF,PS - Domestic - REUSE,0.0495717048,0.0007510864,0.0045065186,0.0032547079
55,2022,9,Palmetto,City of Palmetto WWTF,PS - Domestic - REUSE,0,0,0,0
55,2022,9,Manatee Co.,Manatee County Southeast WRF,PS - Domestic - REUSE,1.0112602739,0.0925801659,0.0284862049,0.0142431024
55,2022,9,St. Petersburg,St Pete Facilities,PS - Domestic - REUSE,0.0634529899,0.0042398223,0.0047988578,0.0110722989
55,2022,9,Bradenton,City of Bradenton WRF,PS - Domestic - SW,3.5526388427,0.3229671675,1.9378030051,1.3995243926
55,2022,9,Palmetto,City of Palmetto WWTF,PS - Domestic - SW,0.350239116,0.0348579215,0.1029138635,0.4979703071
55,2022,10,Atmospheric Deposition,,Atmospheric Deposition,0.3459192838,0.0068874139,0,0
55,2022,10,Ground Water,,Ground Water,0.0275225005,0.1328155523,0,0
55,2022,10,Bradenton,,Non-Point Source,0.6323556003,0.1525164541,29.802177443,5.341417784
55,2022,10,Conservation,,Non-Point Source,4.6821350958,0.8613325126,104.92073295,24.6415677
55,2022,10,FDACS (Agriculture),,Non-Point Source,17.225849333,6.9710423112,171.03027517,66.634985819
55,2022,10,GULFPORT,,Non-Point Source,0.10829924,0.0249936147,4.6948802042,0.8476855625
55,2022,10,Greyhawk Landing,,Non-Point Source,0.0646649294,0.014436456,1.8492861964,0.3556655187
55,2022,10,Harbourage at Braden River,,Non-Point Source,0.0082457697,0.0020327903,0.2852144126,0.0513169673
55,2022,10,Heritage Harbour,,Non-Point Source,0.0694616251,0.0150456862,1.9488153736,0.4155182161
55,2022,10,Heritage Harbour Marketplace,,Non-Point Source,0.0113675257,0.0022339299,0.3640143449,0.0896068507
55,2022,10,Lakewood Ranch,,Non-Point Source,1.8542779989,0.4573248971,46.020402907,10.112842101
55,2022,10,Lexington,,Non-Point Source,0.0067979417,0.0017526185,0.2843203105,0.052155215
55,2022,10,MANATEE,,Non-Point Source,15.193628027,4.0125787351,440.28803822,100.41405855
55,2022,10,MSGP PINELLAS,,Non-Point Source,0.0146187744,0.0023217221,0.688774978,0.0953870077
55,2022,10,None,,Non-Point Source,0.0018824398,0.0000575848,0.0227695626,0.0035394724
55,2022,10,PINELLAS,,Non-Point Source,0.0688265189,0.01565417,2.589515736,0.4847933336
55,2022,10,Palmetto,,Non-Point Source,0.2915054968,0.0652055035,13.249661255,2.3938686726
55,2022,10,SARASOTA,,Non-Point Source,1.3817726131,0.327917542,40.693667959,9.7372945221
55,2022,10,ST PETE BEACH,,Non-Point Source,0.0657760789,0.0144138822,2.8239922995,0.5196937568
55,2022,10,ST PETERSBURG,,Non-Point Source,0.4610124154,0.1014176311,19.500056429,3.7392805547
55,2022,10,Tara,,Non-Point Source,0.1841976224,0.04856079,5.7118502844,1.1552969094
55,2022,10,University Place,,Non-Point Source,0.1134912015,0.0280631111,2.491869315,0.5358537185
55,2022,10,Waterlefe,,Non-Point Source,0.0327731337,0.0076358659,0.9747198517,0.1862807518
55,2022,10,Bradenton,City of Bradenton WRF,PS - Domestic - REUSE,0.5106887041,0.0030398137,0.0334379509,0.0303981371
55,2022,10,Palmetto,City of Palmetto WWTF,PS - Domestic - REUSE,0,0,0,0
55,2022,10,Manatee Co.,Manatee County Southeast WRF,PS - Domestic - REUSE,1.2770632543,0.429013437,0.0498852834,0.0099770567
55,2022,10,St. Petersburg,St Pete Facilities,PS - Domestic - REUSE,0.1017952515,0.0042791053,0.0058576628,0.0141633602
55,2022,10,Bradenton,City of Bradenton WRF,PS - Domestic - SW,1.9920481366,0.0711445763,0.7825903394,0.7114457631
55,2022,10,Palmetto,City of Palmetto WWTF,PS - Domestic - SW,0.1577469287,0.0245384111,0.0659031613,0.1402194922
55,2022,11,Atmospheric Deposition,,Atmospheric Deposition,3.594066715,0.0708462994,0,0
55,2022,11,Ground Water,,Ground Water,0.0018584969,0.0139365218,0,0
55,2022,11,Bradenton,,Non-Point Source,0.9039903879,0.224092007,44.442317058,7.9599607853
55,2022,11,Conservation,,Non-Point Source,2.4587816574,0.4555368666,50.092262095,11.912487057
55,2022,11,FDACS (Agriculture),,Non-Point Source,11.586602776,4.5142895709,100.45098063,39.440494274
55,2022,11,GULFPORT,,Non-Point Source,0.0691463485,0.0158671037,3.0438940761,0.5526308181
55,2022,11,Greyhawk Landing,,Non-Point Source,0.0922746469,0.0211746936,2.755216474,0.5295107287
55,2022,11,Harbourage at Braden River,,Non-Point Source,0.0080569032,0.0018721869,0.2661513159,0.0482247589
55,2022,11,Heritage Harbour,,Non-Point Source,0.098993484,0.0220364424,2.8984731379,0.6177991052
55,2022,11,Heritage Harbour Marketplace,,Non-Point Source,0.0162645012,0.0032851791,0.5443065017,0.1338208637
55,2022,11,Lakewood Ranch,,Non-Point Source,0.4154338108,0.1069499939,10.597155317,2.3567783039
55,2022,11,Lexington,,Non-Point Source,0.0096940022,0.0025685195,0.4230374428,0.0775647764
55,2022,11,MANATEE,,Non-Point Source,10.709899719,2.6650351673,337.04511453,71.691295227
55,2022,11,MSGP PINELLAS,,Non-Point Source,0.0100129146,0.0015796623,0.4567986798,0.0676081531
55,2022,11,None,,Non-Point Source,0.0020512709,0.0000564318,0.0240785707,0.0037397026
55,2022,11,PINELLAS,,Non-Point Source,0.0661370441,0.0152775875,2.482660137,0.4752155365
55,2022,11,Palmetto,,Non-Point Source,0.4049485456,0.0928631567,19.320057083,3.480038431
55,2022,11,SARASOTA,,Non-Point Source,0.3099843816,0.0768075012,9.3827360358,2.2716536486
55,2022,11,ST PETE BEACH,,Non-Point Source,0.0505666763,0.0113416736,2.1873515944,0.4050712876
55,2022,11,ST PETERSBURG,,Non-Point Source,0.3355598487,0.0749589724,14.251349767,2.7734236425
55,2022,11,Tara,,Non-Point Source,0.0412177749,0.0113398619,1.312405329,0.2687611122
55,2022,11,University Place,,Non-Point Source,0.0253331423,0.0065380494,0.5715164742,0.1244234635
55,2022,11,Waterlefe,,Non-Point Source,0.04669645,0.0111828152,1.4497239276,0.2768966515
55,2022,11,Bradenton,City of Bradenton WRF,PS - Domestic - REUSE,0.740571226,0.0036302511,0.0363025111,0.0363025111
55,2022,11,Palmetto,City of Palmetto WWTF,PS - Domestic - REUSE,0,0,0,0
55,2022,11,Manatee Co.,Manatee County Southeast WRF,PS - Domestic - REUSE,1.3862501916,0.1368010058,0.0638404694,0.0091200671
55,2022,11,St. Petersburg,St Pete Facilities,PS - Domestic - REUSE,0.088586459,0.0048834129,0.0057720956,0.0117434219
55,2022,11,Bradenton,City of Bradenton WRF,PS - Domestic - SW,1.2342853767,0.0363025111,0.3630251108,0.3630251108
55,2022,11,Palmetto,City of Palmetto WWTF,PS - Domestic - SW,0.1454654137,0.0167041623,0.0696006764,0.1392013528
55,2022,12,Atmospheric Deposition,,Atmospheric Deposition,2.5047666807,0.0477621724,0,0
55,2022,12,Ground Water,,Ground Water,0.0018584969,0.0139365218,0,0
55,2022,12,Bradenton,,Non-Point Source,0.2377927074,0.0585538714,11.612505741,2.0798890885
55,2022,12,Conservation,,Non-Point Source,0.3620857022,0.0563261379,17.567770124,4.1100665162
55,2022,12,FDACS (Agriculture),,Non-Point Source,3.5812560393,1.0097722359,41.102392643,14.588838219
55,2022,12,GULFPORT,,Non-Point Source,0.0303338551,0.0069603738,1.335255705,0.2424208708
55,2022,12,Greyhawk Landing,,Non-Point Source,0.0242726454,0.005532818,0.7199212201,0.1383579161
55,2022,12,Harbourage at Braden River,,Non-Point Source,0.0030410386,0.0007677381,0.1079451562,0.0195213202
55,2022,12,Heritage Harbour,,Non-Point Source,0.0260400209,0.0057579877,0.7573533106,0.1614271292
55,2022,12,Heritage Harbour Marketplace,,Non-Point Source,0.0042783417,0.0008583972,0.1422239612,0.0349665736
55,2022,12,Lakewood Ranch,,Non-Point Source,0.6682491329,0.170586109,16.902548812,3.7590805391
55,2022,12,Lexington,,Non-Point Source,0.0025499862,0.0006711384,0.1105370975,0.0202672019
55,2022,12,MANATEE,,Non-Point Source,4.9811076987,1.2894699153,152.85937605,33.616556725
55,2022,12,MSGP PINELLAS,,Non-Point Source,0.0043225885,0.0006821072,0.1990009979,0.0291039301
55,2022,12,None,,Non-Point Source,0.00082089,0.0000230303,0.0096851712,0.001508306
55,2022,12,PINELLAS,,Non-Point Source,0.0268708093,0.0061909159,1.0090322691,0.1928926074
55,2022,12,Palmetto,,Non-Point Source,0.1095780645,0.0248936736,5.1713588354,0.9332256551
55,2022,12,SARASOTA,,Non-Point Source,0.4986276727,0.1225085884,14.965540194,3.6233060224
55,2022,12,ST PETE BEACH,,Non-Point Source,0.021352055,0.0047650071,0.9239429309,0.1711799459
55,2022,12,ST PETERSBURG,,Non-Point Source,0.14320432,0.0318720516,6.0905328496,1.1835905031
55,2022,12,Tara,,Non-Point Source,0.066301157,0.0180871719,2.0932971605,0.4286761571
55,2022,12,University Place,,Non-Point Source,0.0407498136,0.0104282419,0.9115734189,0.198456435
55,2022,12,Waterlefe,,Non-Point Source,0.0122833997,0.0029220012,0.3788039991,0.0723514022
55,2022,12,Bradenton,City of Bradenton WRF,PS - Domestic - REUSE,0.4656735904,0.0064676888,0.05174151,0.0485076657
55,2022,12,Palmetto,City of Palmetto WWTF,PS - Domestic - REUSE,0,0,0,0
55,2022,12,Manatee Co.,Manatee County Southeast WRF,PS - Domestic - REUSE,1.329549842,0.1284224279,0.0453255628,0.0151085209
55,2022,12,St. Petersburg,St Pete Facilities,PS - Domestic - REUSE,0.1001522128,0.0052007329,0.0052982016,0.0119408025
55,2022,12,Bradenton,City of Bradenton WRF,PS - Domestic - SW,0.7761226506,0.0646768876,0.5174151004,0.4850766566
55,2022,12,Palmetto,City of Palmetto WWTF,PS - Domestic - SW,0.1548791555,0.0037370306,0.0415225618,0.0830451236
55,2023,1,Atmospheric Deposition,,Atmospheric Deposition,2.4450254996,0.0429114798,0,0
55,2023,1,Ground Water,,Ground Water,0.0018584969,0.0139365218,0,0
55,2023,1,Bradenton,,Non-Point Source,0.2081370086,0.0621785687,12.331362028,2.2086417781
55,2023,1,Conservation,,Non-Point Source,0.5668390561,0.0627126925,2.3942109053,2.8936380337
55,2023,1,FDACS (Agriculture),,Non-Point Source,3.5768034554,0.9882605035,21.411187281,11.389597791
55,2023,1,GULFPORT,,Non-Point Source,0.0186095326,0.0066633008,1.2782661632,0.2320741977
55,2023,1,Greyhawk Landing,,Non-Point Source,0.0224774889,0.0058753195,0.7644869587,0.1469227737
55,2023,1,Harbourage at Braden River,,Non-Point Source,0.0027421245,0.0006814131,0.0961742375,0.0174042473
55,2023,1,Heritage Harbour,,Non-Point Source,0.0244513323,0.006114428,0.8042362315,0.1714200548
55,2023,1,Heritage Harbour Marketplace,,Non-Point Source,0.0041174422,0.0009115351,0.151028141,0.0371311315
55,2023,1,Lakewood Ranch,,Non-Point Source,0.4537133246,0.1126025994,11.157244539,2.481340612
55,2023,1,Lexington,,Non-Point Source,0.0018189194,0.0007126843,0.1173797453,0.0215218153
55,2023,1,MANATEE,,Non-Point Source,3.7390313624,1.0615605483,122.64188629,27.693343824
55,2023,1,MSGP PINELLAS,,Non-Point Source,0.0041509688,0.0006544805,0.1906969222,0.0279376492
55,2023,1,None,,Non-Point Source,0.0007996685,0.0000222838,0.0093920859,0.001462053
55,2023,1,PINELLAS,,Non-Point Source,0.0202221914,0.0059967256,0.976938605,0.1867944084
55,2023,1,Palmetto,,Non-Point Source,0.091643304,0.0260795908,5.4219755336,0.9774981959
55,2023,1,SARASOTA,,Non-Point Source,0.3385474189,0.0808669919,9.8786398107,2.3917168812
55,2023,1,ST PETE BEACH,,Non-Point Source,0.0155264218,0.0045904548,0.8893861653,0.1647666407
55,2023,1,ST PETERSBURG,,Non-Point Source,0.0961810928,0.0306502065,5.8526679558,1.1376012173
55,2023,1,Tara,,Non-Point Source,0.0450157237,0.0119392052,1.3817696119,0.2829658867
55,2023,1,University Place,,Non-Point Source,0.027667426,0.0068836036,0.6017227143,0.1309995906
55,2023,1,Waterlefe,,Non-Point Source,0.0100934288,0.0031028837,0.4022533427,0.0768302168
55,2023,1,Bradenton,City of Bradenton WRF,PS - Domestic - REUSE,0.5549276952,0.0024900602,0.0405524085,0.0337936737
55,2023,1,Palmetto,City of Palmetto WWTF,PS - Domestic - REUSE,0,0,0,0
55,2023,1,Manatee Co.,Manatee County Southeast WRF,PS - Domestic - REUSE,1.9087443055,0.1090711032,0.0613524955,0.0409016637
55,2023,1,St. Petersburg,St Pete Facilities,PS - Domestic - REUSE,0.1737996628,0.0080758607,0.0050068054,0.0143051582
55,2023,1,Bradenton,City of Bradenton WRF,PS - Domestic - SW,0.8071675567,0.0217314342,0.3539119287,0.2949266072
55,2023,1,Palmetto,City of Palmetto WWTF,PS - Domestic - SW,0.044835312,0.0038987228,0.0177214672,0.0354429344
55,2023,2,Atmospheric Deposition,,Atmospheric Deposition,0.4101756105,0.0068753136,0,0
55,2023,2,Ground Water,,Ground Water,0.0018584969,0.0139365218,0,0
55,2023,2,Bradenton,,Non-Point Source,0.1435215701,0.0421216689,8.3536427339,1.4962016605
55,2023,2,Conservation,,Non-Point Source,0.4191085862,0.0575604329,8.5434531211,2.030329633
55,2023,2,FDACS (Agriculture),,Non-Point Source,2.0431317086,0.6713021813,17.625698393,6.8974283357
55,2023,2,GULFPORT,,Non-Point Source,0.0124975931,0.0044742061,0.8583172985,0.1558308466
55,2023,2,Greyhawk Landing,,Non-Point Source,0.0154994276,0.0039801216,0.517886906,0.0995299918
55,2023,2,Harbourage at Braden River,,Non-Point Source,0.0015003038,0.000344103,0.0489514504,0.0088707139
55,2023,2,Heritage Harbour,,Non-Point Source,0.0168604979,0.004142101,0.5448142822,0.1161252011
55,2023,2,Heritage Harbour Marketplace,,Non-Point Source,0.0028391961,0.0006175018,0.1023110934,0.0251537669
55,2023,2,Lakewood Ranch,,Non-Point Source,0.0663567917,0.016106431,1.5959079968,0.3549255653
55,2023,2,Lexington,,Non-Point Source,0.0012542419,0.0004827942,0.0795166385,0.0145795376
55,2023,2,MANATEE,,Non-Point Source,1.7256128895,0.4599912958,61.137385645,12.909056915
55,2023,2,MSGP PINELLAS,,Non-Point Source,0.0027922569,0.0004399638,0.1281109643,0.0187848205
55,2023,2,None,,Non-Point Source,0.0005422168,0.0000150424,0.0063469647,0.0009878207
55,2023,2,PINELLAS,,Non-Point Source,0.0136895777,0.0040501818,0.6596758395,0.1261448626
55,2023,2,Palmetto,,Non-Point Source,0.0625367226,0.0175627058,3.6525744925,0.6582185375
55,2023,2,SARASOTA,,Non-Point Source,0.0495134688,0.0115670387,1.4130191569,0.3421059818
55,2023,2,ST PETE BEACH,,Non-Point Source,0.010468205,0.0030920473,0.5988368388,0.1109361544
55,2023,2,ST PETERSBURG,,Non-Point Source,0.064775629,0.0206272722,3.9373188404,0.765387848
55,2023,2,Tara,,Non-Point Source,0.0065836704,0.001707758,0.1976453206,0.0404748251
55,2023,2,University Place,,Non-Point Source,0.0040464353,0.0009846157,0.0860691086,0.0187378966
55,2023,2,Waterlefe,,Non-Point Source,0.0069599576,0.0021019886,0.2724987479,0.0520471446
55,2023,2,Bradenton,City of Bradenton WRF,PS - Domestic - REUSE,0.4381337544,0.0043813375,0.0368032354,0.0268722036
55,2023,2,Palmetto,City of Palmetto WWTF,PS - Domestic - REUSE,0,0,0,0
55,2023,2,Manatee Co.,Manatee County Southeast WRF,PS - Domestic - REUSE,2.4115442653,0.1507215166,0.0287088603,0.0143544302
55,2023,2,St. Petersburg,St Pete Facilities,PS - Domestic - REUSE,0.1703839817,0.0094734381,0.00459468,0.0117610624
55,2023,2,Bradenton,City of Bradenton WRF,PS - Domestic - SW,0.5841783392,0.0350507004,0.2944258829,0.2149776288
55,2023,2,Palmetto,City of Palmetto WWTF,PS - Domestic - SW,0.0400524353,0.0019137682,0.0136697731,0.0273395463
55,2023,3,Atmospheric Deposition,,Atmospheric Deposition,0.2716352237,0.0045505046,0,0
55,2023,3,Ground Water,,Ground Water,0.0018584969,0.0139365218,0,0
55,2023,3,Bradenton,,Non-Point Source,0.1066632239,0.031296231,6.206723024,1.1116718287
55,2023,3,Conservation,,Non-Point Source,0.2204192045,0.0340871399,4.9036074888,1.1703356073
55,2023,3,FDACS (Agriculture),,Non-Point Source,1.2444459571,0.4286696928,10.707566447,4.2410180652
55,2023,3,GULFPORT,,Non-Point Source,0.0094668559,0.0033891785,0.6501690851,0.1180407282
55,2023,3,Greyhawk Landing,,Non-Point Source,0.0115189579,0.0029572144,0.3847878927,0.0739503844
55,2023,3,Harbourage at Braden River,,Non-Point Source,0.0010368738,0.0002322981,0.0331489964,0.0060103025
55,2023,3,Heritage Harbour,,Non-Point Source,0.0125304863,0.0030775644,0.4047948251,0.0862805584
55,2023,3,Heritage Harbour Marketplace,,Non-Point Source,0.0021100508,0.0004588014,0.0760167318,0.0186891479
55,2023,3,Lakewood Ranch,,Non-Point Source,0,0,0,0
55,2023,3,Lexington,,Non-Point Source,0.0009321351,0.0003587142,0.0590805433,0.0108325379
55,2023,3,MANATEE,,Non-Point Source,1.0783783643,0.2811180492,39.455035545,8.1460998735
55,2023,3,MSGP PINELLAS,,Non-Point Source,0.002121317,0.0003342098,0.097162983,0.014277391
55,2023,3,None,,Non-Point Source,0.0004177215,0.0000115442,0.0048838977,0.0007597353
55,2023,3,PINELLAS,,Non-Point Source,0.0105168278,0.0031123072,0.5066432502,0.0969046207
55,2023,3,Palmetto,,Non-Point Source,0.0469356753,0.013162425,2.7360472286,0.4933644119
55,2023,3,SARASOTA,,Non-Point Source,0,0,0,0
55,2023,3,ST PETE BEACH,,Non-Point Source,0.0079851144,0.002360442,0.4567012453,0.0845982861
55,2023,3,ST PETERSBURG,,Non-Point Source,0.0493145863,0.0157126374,2.9964647767,0.5826405504
55,2023,3,Tara,,Non-Point Source,0,0,0,0
55,2023,3,University Place,,Non-Point Source,0,0,0,0
55,2023,3,Waterlefe,,Non-Point Source,0.0051725432,0.0015617691,0.2024654761,0.0386708195
55,2023,3,Bradenton,City of Bradenton WRF,PS - Domestic - REUSE,0.5774352521,0.005277634,0.051534544,0.0279404154
55,2023,3,Palmetto,City of Palmetto WWTF,PS - Domestic - REUSE,0,0,0,0
55,2023,3,Manatee Co.,Manatee County Southeast WRF,PS - Domestic - REUSE,3.1305722042,0.1006909188,0.0732297592,0.0457685995
55,2023,3,St. Petersburg,St Pete Facilities,PS - Domestic - REUSE,0.1501749099,0.006174981,0.0040224378,0.0106987818
55,2023,3,Bradenton,City of Bradenton WRF,PS - Domestic - SW,0.7618937354,0.0417812694,0.4079818067,0.2211949554
55,2023,3,Palmetto,City of Palmetto WWTF,PS - Domestic - SW,0,0,0,0
55,2023,4,Atmospheric Deposition,,Atmospheric Deposition,5.1901302923,0.0827638849,0,0
55,2023,4,Ground Water,,Ground Water,0.0018584969,0.0139365218,0,0
55,2023,4,Bradenton,,Non-Point Source,0.1647295591,0.0470774228,9.3364764672,1.6722347409
55,2023,4,Conservation,,Non-Point Source,0.1507295784,0.0066812381,3.7143685381,0.9005506695
55,2023,4,FDACS (Agriculture),,Non-Point Source,1.5516155873,0.3755135581,12.206871378,4.6347790621
55,2023,4,GULFPORT,,Non-Point Source,0.0094526295,0.0033833244,0.6490460665,0.1178368398
55,2023,4,Greyhawk Landing,,Non-Point Source,0.0177897572,0.0044483961,0.5788180157,0.1112400249
55,2023,4,Harbourage at Braden River,,Non-Point Source,0.0016013369,0.000349435,0.0498644491,0.0090410105
55,2023,4,Heritage Harbour,,Non-Point Source,0.019351951,0.0046294329,0.6089134868,0.1297877156
55,2023,4,Heritage Harbour Marketplace,,Non-Point Source,0.0032587402,0.000690153,0.1143483324,0.0281131909
55,2023,4,Lakewood Ranch,,Non-Point Source,0,0,0,0
55,2023,4,Lexington,,Non-Point Source,0.0014395796,0.0005395966,0.0888720344,0.0162948684
55,2023,4,MANATEE,,Non-Point Source,1.5836510791,0.3838462241,56.71125372,11.450586838
55,2023,4,MSGP PINELLAS,,Non-Point Source,0.0021385659,0.0003364936,0.0973598396,0.0143988513
55,2023,4,None,,Non-Point Source,0.0004401588,0.0000119794,0.005107052,0.0007933153
55,2023,4,PINELLAS,,Non-Point Source,0.0109858813,0.0032417873,0.5268941006,0.1008470748
55,2023,4,Palmetto,,Non-Point Source,0.0693151056,0.0191234678,3.9833508469,0.7164435412
55,2023,4,SARASOTA,,Non-Point Source,0,0,0,0
55,2023,4,ST PETE BEACH,,Non-Point Source,0.0081561387,0.0024118561,0.465303723,0.0861710506
55,2023,4,ST PETERSBURG,,Non-Point Source,0.0500562601,0.0159521097,3.0338065131,0.5903504632
55,2023,4,Tara,,Non-Point Source,0,0,0,0
55,2023,4,University Place,,Non-Point Source,0,0,0,0
55,2023,4,Waterlefe,,Non-Point Source,0.0079884211,0.0023492945,0.3045591281,0.0581706635
55,2023,4,Bradenton,City of Bradenton WRF,PS - Domestic - REUSE,0.7886407579,0.0212807824,0.0569573881,0.0306693628
55,2023,4,Palmetto,City of Palmetto WWTF,PS - Domestic - REUSE,0,0,0,0
55,2023,4,Manatee Co.,Manatee County Southeast WRF,PS - Domestic - REUSE,1.1586922823,0.0377089204,0.0308527531,0.0377089204
55,2023,4,St. Petersburg,St Pete Facilities,PS - Domestic - REUSE,0.105837086,0.0068699032,0.0039336601,0.0099173541
55,2023,4,Bradenton,City of Bradenton WRF,PS - Domestic - SW,0.7886407579,0.1276846941,0.3417443284,0.1840161768
55,2023,4,Palmetto,City of Palmetto WWTF,PS - Domestic - SW,0,0,0,0
55,2023,5,Atmospheric Deposition,,Atmospheric Deposition,21.403626093,0.3161026053,0,0
55,2023,5,Ground Water,,Ground Water,0.0018584969,0.0139365218,0,0
55,2023,5,Bradenton,,Non-Point Source,0.5635327255,0.1500863878,29.76539378,5.3312109479
55,2023,5,Conservation,,Non-Point Source,0.2183713328,0.040094827,3.1813173925,1.404644216
55,2023,5,FDACS (Agriculture),,Non-Point Source,5.295142163,1.40480947,34.182541669,12.815613616
55,2023,5,GULFPORT,,Non-Point Source,0.018110998,0.0064782696,1.2427703762,0.2256297994
55,2023,5,Greyhawk Landing,,Non-Point Source,0.0608579929,0.0141818235,1.8453156524,0.3546416207
55,2023,5,Harbourage at Braden River,,Non-Point Source,0.0059496361,0.0012391455,0.1762211487,0.0319320324
55,2023,5,Heritage Harbour,,Non-Point Source,0.0662021907,0.0147589826,1.9412622929,0.4137730627
55,2023,5,Heritage Harbour Marketplace,,Non-Point Source,0.01114801,0.00220026,0.3645511403,0.089626981
55,2023,5,Lakewood Ranch,,Non-Point Source,0.297625303,0.0640726598,6.3486485891,1.4119220495
55,2023,5,Lexington,,Non-Point Source,0.0049247397,0.0017202747,0.2833307735,0.0519492742
55,2023,5,MANATEE,,Non-Point Source,6.2953022296,1.5193964302,201.72212384,41.260825411
55,2023,5,MSGP PINELLAS,,Non-Point Source,0.0042081727,0.0006595562,0.1883649696,0.028349252
55,2023,5,None,,Non-Point Source,0.0009683086,0.0000253642,0.0110132028,0.0017049919
55,2023,5,PINELLAS,,Non-Point Source,0.0236758187,0.0069260563,1.1214818468,0.2150042759
55,2023,5,Palmetto,,Non-Point Source,0.2239785768,0.0585805825,12.232070467,2.1933628777
55,2023,5,SARASOTA,,Non-Point Source,0.222079169,0.0460145973,5.6211022783,1.3609247293
55,2023,5,ST PETE BEACH,,Non-Point Source,0.0166186501,0.0049139112,0.9410038623,0.174159138
55,2023,5,ST PETERSBURG,,Non-Point Source,0.1003267482,0.0319656064,6.0356477631,1.1768409198
55,2023,5,Tara,,Non-Point Source,0.0295292593,0.0067935966,0.7862487612,0.1610120645
55,2023,5,University Place,,Non-Point Source,0.0181491827,0.0039168793,0.3423897404,0.0745408388
55,2023,5,Waterlefe,,Non-Point Source,0.0273280446,0.0074897287,0.9709575565,0.1854524789
55,2023,5,Bradenton,City of Bradenton WRF,PS - Domestic - REUSE,0.534360445,0.0285651942,0.0623420519,0.0329852127
55,2023,5,Palmetto,City of Palmetto WWTF,PS - Domestic - REUSE,0,0,0,0
55,2023,5,Manatee Co.,Manatee County Southeast WRF,PS - Domestic - REUSE,1.6062492088,0.1103529991,0.036784333,0.0061307222
55,2023,5,St. Petersburg,St Pete Facilities,PS - Domestic - REUSE,0.1085504654,0.0105842083,0.005884337,0.0139610404
55,2023,5,Bradenton,City of Bradenton WRF,PS - Domestic - SW,0.4889572699,0.1568285169,0.3422700889,0.1810952851
55,2023,5,Palmetto,City of Palmetto WWTF,PS - Domestic - SW,0,0,0,0
55,2023,6,Atmospheric Deposition,,Atmospheric Deposition,10.189646441,0.1762895555,0,0
55,2023,6,Ground Water,,Ground Water,0.0018584969,0.0139365218,0,0
55,2023,6,Bradenton,,Non-Point Source,1.0726721027,0.3188502237,63.234931603,11.325862582
55,2023,6,Conservation,,Non-Point Source,0.3333467479,0.0543076984,11.347906554,2.8343753729
55,2023,6,FDACS (Agriculture),,Non-Point Source,10.325252458,2.878223216,81.366389904,27.773757108
55,2023,6,GULFPORT,,Non-Point Source,0.0422351388,0.0151220215,2.9009599139,0.5266805646
55,2023,6,Greyhawk Landing,,Non-Point Source,0.115841846,0.030128499,3.9202709673,0.7534164942
55,2023,6,Harbourage at Braden River,,Non-Point Source,0.0116487977,0.0027379586,0.388911506,0.070458047
55,2023,6,Heritage Harbour,,Non-Point Source,0.1260144086,0.0313546417,4.1241042944,0.8790379699
55,2023,6,Heritage Harbour Marketplace,,Non-Point Source,0.0212199908,0.0046743305,0.7744687201,0.1904075603
55,2023,6,Lakewood Ranch,,Non-Point Source,0.7709001183,0.1901249853,18.838561148,4.1896443774
55,2023,6,Lexington,,Non-Point Source,0.0093741332,0.0036546284,0.6019205463,0.1103633576
55,2023,6,MANATEE,,Non-Point Source,12.712919613,3.4492632639,455.31933972,92.936011846
55,2023,6,MSGP PINELLAS,,Non-Point Source,0.0097500193,0.001535298,0.4391484952,0.0659560206
55,2023,6,None,,Non-Point Source,0.0021864369,0.0000585254,0.0253610743,0.003927674
55,2023,6,PINELLAS,,Non-Point Source,0.0537057032,0.0159653913,2.5862134885,0.4957251501
55,2023,6,Palmetto,,Non-Point Source,0.4380963456,0.1254091976,26.173883683,4.6960926243
55,2023,6,SARASOTA,,Non-Point Source,0.5752227918,0.1365406815,16.679688205,4.0383182926
55,2023,6,ST PETE BEACH,,Non-Point Source,0.0381862157,0.0113873162,2.1824966127,0.4039609683
55,2023,6,ST PETERSBURG,,Non-Point Source,0.2314285637,0.0742171832,14.025172957,2.7340142121
55,2023,6,Tara,,Non-Point Source,0.0764858003,0.0201588705,2.3330627231,0.477776582
55,2023,6,University Place,,Non-Point Source,0.0470094679,0.0116226893,1.015984736,0.2211875692
55,2023,6,Waterlefe,,Non-Point Source,0.0520183296,0.0159115141,2.0627455874,0.3939835269
55,2023,6,Bradenton,City of Bradenton WRF,PS - Domestic - REUSE,0.582091988,0.0103274385,0.0519501452,0.0316082209
55,2023,6,Palmetto,City of Palmetto WWTF,PS - Domestic - REUSE,0,0,0,0
55,2023,6,Manatee Co.,Manatee County Southeast WRF,PS - Domestic - REUSE,0.6290398975,0.0923047676,0.0136747804,0.0034186951
55,2023,6,St. Petersburg,St Pete Facilities,PS - Domestic - REUSE,0.1455552789,0.0094291951,0.0064676506,0.0146575413
55,2023,6,Bradenton,City of Bradenton WRF,PS - Domestic - SW,0.8537349157,0.0908814588,0.4571612774,0.2781523435
55,2023,6,Palmetto,City of Palmetto WWTF,PS - Domestic - SW,0,0,0,0
55,2023,7,Atmospheric Deposition,,Atmospheric Deposition,5.614781976,0.0980991438,0,0
55,2023,7,Ground Water,,Ground Water,0.0275225005,0.1328155523,0,0
55,2023,7,Bradenton,,Non-Point Source,0.6201197941,0.1803755594,35.245931068,6.3170969095
55,2023,7,Conservation,,Non-Point Source,0.2096065298,0.0272601241,5.957392305,1.4625061955
55,2023,7,FDACS (Agriculture),,Non-Point Source,6.7883463734,1.748087348,51.990855079,16.653348092
55,2023,7,GULFPORT,,Non-Point Source,0.1052490822,0.0379005577,7.1193614978,1.2854385402
55,2023,7,Greyhawk Landing,,Non-Point Source,0.0670907948,0.0170734616,2.187082267,0.4206324312
55,2023,7,Harbourage at Braden River,,Non-Point Source,0.0074086965,0.0017418339,0.2445726675,0.0441803179
55,2023,7,Heritage Harbour,,Non-Point Source,0.0730751285,0.0177939756,2.3047917372,0.4914179989
55,2023,7,Heritage Harbour Marketplace,,Non-Point Source,0.0122569225,0.0026419861,0.4305062786,0.1059747023
55,2023,7,Lakewood Ranch,,Non-Point Source,0.8523931543,0.2027714948,20.404806191,4.4838934489
55,2023,7,Lexington,,Non-Point Source,0.0054327096,0.002072757,0.336255097,0.0616820404
55,2023,7,MANATEE,,Non-Point Source,8.9066651388,2.4101519854,302.06021924,62.208020089
55,2023,7,MSGP PINELLAS,,Non-Point Source,0.0223423919,0.0035446663,1.0475430211,0.1458567528
55,2023,7,None,,Non-Point Source,0.003049183,0.0000910922,0.036501962,0.0056589788
55,2023,7,PINELLAS,,Non-Point Source,0.0850561273,0.0249143242,4.1123032038,0.7705995932
55,2023,7,Palmetto,,Non-Point Source,0.2860874627,0.0793417724,16.088572352,2.9125721561
55,2023,7,SARASOTA,,Non-Point Source,0.6351871278,0.1453940745,18.043006046,4.3173808788
55,2023,7,ST PETE BEACH,,Non-Point Source,0.0768170043,0.022342479,4.3648884437,0.8029182655
55,2023,7,ST PETERSBURG,,Non-Point Source,0.494844933,0.156047403,29.932145038,5.7433852064
55,2023,7,Tara,,Non-Point Source,0.084673815,0.0215311785,2.5325549252,0.5122425716
55,2023,7,University Place,,Non-Point Source,0.0521707766,0.0124427929,1.1048601753,0.2375900814
55,2023,7,Waterlefe,,Non-Point Source,0.0301718235,0.0090306557,1.1527650545,0.2203073433
55,2023,7,Bradenton,City of Bradenton WRF,PS - Domestic - REUSE,0.6829879326,0.0121657225,0.0444653602,0.0377066254
55,2023,7,Palmetto,City of Palmetto WWTF,PS - Domestic - REUSE,0,0,0,0
55,2023,7,Manatee Co.,Manatee County Southeast WRF,PS - Domestic - REUSE,1.7514798663,0.1552730378,0.024843686,0.0372655291
55,2023,7,St. Petersburg,St Pete Facilities,PS - Domestic - REUSE,0.1558951102,0.0071388276,0.0074330062,0.0180209126
55,2023,7,Bradenton,City of Bradenton WRF,PS - Domestic - SW,0.5795049125,0.0619345875,0.2263691064,0.1919610023
55,2023,7,Palmetto,City of Palmetto WWTF,PS - Domestic - SW,0,0,0,0
55,2023,8,Atmospheric Deposition,,Atmospheric Deposition,14.66224974,0.2313771255,0,0
55,2023,8,Ground Water,,Ground Water,0.0275225005,0.1328155523,0,0
55,2023,8,Bradenton,,Non-Point Source,1.2248259545,0.3410309168,66.638474883,11.943554645
55,2023,8,Conservation,,Non-Point Source,1.3284589006,0.207083325,38.336258566,9.1523908428
55,2023,8,FDACS (Agriculture),,Non-Point Source,16.584250653,4.482946861,138.28354374,47.168173346
55,2023,8,GULFPORT,,Non-Point Source,0.1698328837,0.0611337846,11.483564833,2.0734186372
55,2023,8,Greyhawk Landing,,Non-Point Source,0.1325139877,0.0322803061,4.1350539566,0.7952777201
55,2023,8,Harbourage at Braden River,,Non-Point Source,0.015710264,0.0035835342,0.5030578957,0.0907675714
55,2023,8,Heritage Harbour,,Non-Point Source,0.1443339091,0.0336425612,4.3576038889,0.9291099706
55,2023,8,Heritage Harbour Marketplace,,Non-Point Source,0.0242091882,0.0049951277,0.8139459213,0.200363342
55,2023,8,Lakewood Ranch,,Non-Point Source,2.3613430211,0.5315716236,53.491818292,11.754662669
55,2023,8,Lexington,,Non-Point Source,0.0107303844,0.0039189024,0.635747905,0.1166204715
55,2023,8,MANATEE,,Non-Point Source,20.326034581,5.3629352305,654.19014159,137.95361361
55,2023,8,MSGP PINELLAS,,Non-Point Source,0.0358175009,0.005677982,1.6846123062,0.2332691624
55,2023,8,None,,Non-Point Source,0.0046507549,0.0001407104,0.0556201596,0.0086465824
55,2023,8,PINELLAS,,Non-Point Source,0.1314541304,0.0382458437,6.3269714898,1.1844701564
55,2023,8,Palmetto,,Non-Point Source,0.5672222183,0.1518551586,30.765462986,5.5742566456
55,2023,8,SARASOTA,,Non-Point Source,1.7596278005,0.3811549761,47.300287581,11.318144917
55,2023,8,ST PETE BEACH,,Non-Point Source,0.1217606042,0.0352379121,6.9043375193,1.2706044928
55,2023,8,ST PETERSBURG,,Non-Point Source,0.789019812,0.2479809073,47.683163767,9.1434634883
55,2023,8,Tara,,Non-Point Source,0.2345677241,0.0564446374,6.639169547,1.3428594373
55,2023,8,University Place,,Non-Point Source,0.144526148,0.0326191591,2.8964244592,0.6228496043
55,2023,8,Waterlefe,,Non-Point Source,0.0595936993,0.0170740027,2.1794999537,0.4165287998
55,2023,8,Bradenton,City of Bradenton WRF,PS - Domestic - REUSE,0.4951662511,0.0101025298,0.040979276,0.0261812041
55,2023,8,Palmetto,City of Palmetto WWTF,PS - Domestic - REUSE,0,0,0,0
55,2023,8,Manatee Co.,Manatee County Southeast WRF,PS - Domestic - REUSE,1.2501007534,0.1666801004,0.0238114429,0.0714343288
55,2023,8,St. Petersburg,St Pete Facilities,PS - Domestic - REUSE,0.1832170395,0.0268000035,0.0121104586,0.0185758817
55,2023,8,Bradenton,City of Bradenton WRF,PS - Domestic - SW,0.9378148695,0.1148014754,0.4656735904,0.2975136827
55,2023,8,Palmetto,City of Palmetto WWTF,PS - Domestic - SW,0,0,0,0
55,2023,9,Atmospheric Deposition,,Atmospheric Deposition,4.0524524453,0.0786484147,0,0
55,2023,9,Ground Water,,Ground Water,0.0275225005,0.1328155523,0,0
55,2023,9,Bradenton,,Non-Point Source,0.6110774739,0.1820818808,35.579351434,6.3768555455
55,2023,9,Conservation,,Non-Point Source,2.3546453459,0.3787071019,76.199867141,17.922301364
55,2023,9,FDACS (Agriculture),,Non-Point Source,15.805410764,4.8103663607,172.02374514,60.456332327
55,2023,9,GULFPORT,,Non-Point Source,0.100135736,0.0360666531,6.7748750104,1.2232396748
55,2023,9,Greyhawk Landing,,Non-Point Source,0.0661125057,0.0172349736,2.2077716842,0.4246115407
55,2023,9,Harbourage at Braden River,,Non-Point Source,0.0113045474,0.0029716488,0.4167934381,0.0748466115
55,2023,9,Heritage Harbour,,Non-Point Source,0.0720095784,0.0179623035,2.3265946654,0.4960667276
55,2023,9,Heritage Harbour Marketplace,,Non-Point Source,0.0120781973,0.0026669789,0.434578793,0.1069772046
55,2023,9,Lakewood Ranch,,Non-Point Source,3.3595117613,0.8240982883,82.928647674,18.223315456
55,2023,9,Lexington,,Non-Point Source,0.0053534922,0.0020923649,0.3394360116,0.0622655418
55,2023,9,MANATEE,,Non-Point Source,18.401180963,5.520912834,620.31876658,137.84546401
55,2023,9,MSGP PINELLAS,,Non-Point Source,0.0211159348,0.0033531083,0.994283302,0.1377872596
55,2023,9,None,,Non-Point Source,0.0027392298,0.0000835343,0.0330862909,0.0051414234
55,2023,9,PINELLAS,,Non-Point Source,0.0774443786,0.0227259727,3.7582871142,0.7036870302
55,2023,9,Palmetto,,Non-Point Source,0.2852891157,0.0805438765,16.325712369,2.9566458379
55,2023,9,SARASOTA,,Non-Point Source,2.5034441157,0.5909065672,73.329884998,17.546579684
55,2023,9,ST PETE BEACH,,Non-Point Source,0.0717679326,0.0208560171,4.0846974449,0.7516589861
55,2023,9,ST PETERSBURG,,Non-Point Source,0.4651140354,0.1466109875,28.181265726,5.4043931583
55,2023,9,Tara,,Non-Point Source,0.3337223863,0.0875064188,10.292739522,2.0818420593
55,2023,9,University Place,,Non-Point Source,0.2056191285,0.0505696541,4.4903420965,0.9656070224
55,2023,9,Waterlefe,,Non-Point Source,0.029731871,0.0091160841,1.1636700111,0.2223914124
55,2023,9,Bradenton,City of Bradenton WRF,PS - Domestic - REUSE,0.5182496409,0.005787121,0.0377170572,0.025912482
55,2023,9,Palmetto,City of Palmetto WWTF,PS - Domestic - REUSE,0,0,0,0
55,2023,9,Manatee Co.,Manatee County Southeast WRF,PS - Domestic - REUSE,1.025413246,0.187441131,0.0220518978,0.0110259489
55,2023,9,St. Petersburg,St Pete Facilities,PS - Domestic - REUSE,0.1346823151,0.008069038,0.0097771984,0.0173538279
55,2023,9,Bradenton,City of Bradenton WRF,PS - Domestic - SW,1.539727194,0.103161722,0.6723475414,0.4619181582
55,2023,9,Palmetto,City of Palmetto WWTF,PS - Domestic - SW,0,0,0,0
55,2023,10,Atmospheric Deposition,,Atmospheric Deposition,0.3482622067,0.0080019651,0,0
55,2023,10,Ground Water,,Ground Water,0.0275225005,0.1328155523,0,0
55,2023,10,Bradenton,,Non-Point Source,0.306319841,0.0932381899,18.219024928,3.2653796504
55,2023,10,Conservation,,Non-Point Source,1.4630952981,0.2342483983,40.756163154,9.6216809565
55,2023,10,FDACS (Agriculture),,Non-Point Source,6.8669298111,2.4001393999,75.02915419,28.551728511
55,2023,10,GULFPORT,,Non-Point Source,0.0533062921,0.0192031512,3.6071810962,0.6512957101
55,2023,10,Greyhawk Landing,,Non-Point Source,0.0331407605,0.0088254676,1.1305278407,0.2174297151
55,2023,10,Harbourage at Braden River,,Non-Point Source,0.0043486707,0.0011170842,0.1567689787,0.0282398729
55,2023,10,Heritage Harbour,,Non-Point Source,0.0360968348,0.0091979095,1.1913732122,0.2540195847
55,2023,10,Heritage Harbour Marketplace,,Non-Point Source,0.0060545375,0.0013656729,0.2225336198,0.0547795358
55,2023,10,Lakewood Ranch,,Non-Point Source,0.8546305913,0.2154454802,21.680183753,4.7641537485
55,2023,10,Lexington,,Non-Point Source,0.0026835892,0.0010714318,0.1738141059,0.0318841522
55,2023,10,MANATEE,,Non-Point Source,6.4301651154,1.9274922223,227.68362167,50.602722943
55,2023,10,MSGP PINELLAS,,Non-Point Source,0.0112060906,0.0017806112,0.5287879733,0.0731254026
55,2023,10,None,,Non-Point Source,0.0014182933,0.0000437376,0.0172293758,0.0026802993
55,2023,10,PINELLAS,,Non-Point Source,0.0403686081,0.0118695561,1.9646762332,0.3677181385
55,2023,10,Palmetto,,Non-Point Source,0.1435268726,0.041193769,8.3504356109,1.5121679795
55,2023,10,SARASOTA,,Non-Point Source,0.6368544231,0.1544817541,19.170762167,4.587233513
55,2023,10,ST PETE BEACH,,Non-Point Source,0.0378801329,0.0110093833,2.1586534622,0.3972988797
55,2023,10,ST PETERSBURG,,Non-Point Source,0.2461956741,0.0776184829,14.933723456,2.8631590863
55,2023,10,Tara,,Non-Point Source,0.0848960744,0.0228769586,2.6908491867,0.5442596697
55,2023,10,University Place,,Non-Point Source,0.0523077191,0.0132205146,1.1739181151,0.2524403601
55,2023,10,Waterlefe,,Non-Point Source,0.01490394,0.0046680492,0.5958774425,0.1138793858
55,2023,10,Bradenton,City of Bradenton WRF,PS - Domestic - REUSE,0.6403011868,0.0048734035,0.0476668661,0.0320150593
55,2023,10,Palmetto,City of Palmetto WWTF,PS - Domestic - REUSE,0,0,0,0
55,2023,10,Manatee Co.,Manatee County Southeast WRF,PS - Domestic - REUSE,0.8800325382,0.1382908274,0.0251437868,0.0188578401
55,2023,10,St. Petersburg,St Pete Facilities,PS - Domestic - REUSE,0.1948099425,0.0067417689,0.0066146383,0.0168162219
55,2023,10,Bradenton,City of Bradenton WRF,PS - Domestic - SW,0.7373165181,0.0336707877,0.3293347114,0.2211949554
55,2023,10,Palmetto,City of Palmetto WWTF,PS - Domestic - SW,0,0,0,0
55,2023,11,Atmospheric Deposition,,Atmospheric Deposition,1.2904018821,0.0278091234,0,0
55,2023,11,Ground Water,,Ground Water,0.0018584969,0.0139365218,0,0
55,2023,11,Bradenton,,Non-Point Source,0.170826162,0.0532750668,10.565604015,1.8923809377
55,2023,11,Conservation,,Non-Point Source,0.0647361855,0.0095458425,4.9747724224,1.1808259465
55,2023,11,FDACS (Agriculture),,Non-Point Source,1.4283241323,0.4366607417,14.629879242,5.5589557619
55,2023,11,GULFPORT,,Non-Point Source,0.0156456257,0.005604002,1.0750537037,0.1951801846
55,2023,11,Greyhawk Landing,,Non-Point Source,0.018448152,0.0050340181,0.6550181936,0.1258845409
55,2023,11,Harbourage at Braden River,,Non-Point Source,0.0016606021,0.0003954374,0.0564289993,0.0102312405
55,2023,11,Heritage Harbour,,Non-Point Source,0.0200681622,0.0052388881,0.6890756704,0.1468739962
55,2023,11,Heritage Harbour Marketplace,,Non-Point Source,0.0033793455,0.0007810102,0.1294020506,0.0318142336
55,2023,11,Lakewood Ranch,,Non-Point Source,0,0,0,0
55,2023,11,Lexington,,Non-Point Source,0.0014928581,0.0006106333,0.1005718513,0.0184400537
55,2023,11,MANATEE,,Non-Point Source,1.6251204883,0.4388866684,65.180345492,13.18845056
55,2023,11,MSGP PINELLAS,,Non-Point Source,0.0035147512,0.0005548511,0.1609438267,0.0237218267
55,2023,11,None,,Non-Point Source,0.0007004087,0.000019444,0.008256484,0.0012834863
55,2023,11,PINELLAS,,Non-Point Source,0.0175921801,0.0052515728,0.8542418689,0.1634431063
55,2023,11,Palmetto,,Non-Point Source,0.0763971066,0.0224695787,4.6699386111,0.8422560084
55,2023,11,SARASOTA,,Non-Point Source,0,0,0,0
55,2023,11,ST PETE BEACH,,Non-Point Source,0.0132765492,0.0039463488,0.7624933236,0.1412263007
55,2023,11,ST PETERSBURG,,Non-Point Source,0.0818564347,0.026189157,4.9878738194,0.9702063197
55,2023,11,Tara,,Non-Point Source,0,0,0,0
55,2023,11,University Place,,Non-Point Source,0,0,0,0
55,2023,11,Waterlefe,,Non-Point Source,0.0082840708,0.0026585742,0.3446536986,0.0658287093
55,2023,11,Bradenton,City of Bradenton WRF,PS - Domestic - REUSE,0.3424954149,0.0037817202,0.0359144498,0.0347252296
55,2023,11,Palmetto,City of Palmetto WWTF,PS - Domestic - REUSE,0,0,0,0
55,2023,11,Manatee Co.,Manatee County Southeast WRF,PS - Domestic - REUSE,0.7547667596,0.0696707778,0.0232235926,0.0116117963
55,2023,11,St. Petersburg,St Pete Facilities,PS - Domestic - REUSE,0.1887039531,0.009044109,0.0068989015,0.0151043612
55,2023,11,Bradenton,City of Bradenton WRF,PS - Domestic - SW,0.5107387765,0.0338364439,0.3213398136,0.3106994224
55,2023,11,Palmetto,City of Palmetto WWTF,PS - Domestic - SW,0,0,0,0
55,2023,12,Atmospheric Deposition,,Atmospheric Deposition,1.9447171768,0.0515830196,0,0
55,2023,12,Ground Water,,Ground Water,0.0018584969,0.0139365218,0,0
55,2023,12,Bradenton,,Non-Point Source,0.170795078,0.0543178546,10.772411512,1.929421751
55,2023,12,Conservation,,Non-Point Source,0.0723868716,0.0105271248,8.3136862318,1.9497039843
55,2023,12,FDACS (Agriculture),,Non-Point Source,2.483129397,0.6634858467,28.614970968,9.4889226604
55,2023,12,GULFPORT,,Non-Point Source,0.0185506891,0.0066455689,1.274864531,0.2314566181
55,2023,12,Greyhawk Landing,,Non-Point Source,0.0184447951,0.0051325522,0.6678392943,0.1283485616
55,2023,12,Harbourage at Braden River,,Non-Point Source,0.0025129758,0.000685522,0.096458488,0.017446335
55,2023,12,Heritage Harbour,,Non-Point Source,0.0200645106,0.0053414323,0.7025634005,0.1497488573
55,2023,12,Heritage Harbour Marketplace,,Non-Point Source,0.0033787305,0.0007962974,0.1319349218,0.0324369544
55,2023,12,Lakewood Ranch,,Non-Point Source,0.5381994447,0.1445853337,14.326258307,3.1861205903
55,2023,12,Lexington,,Non-Point Source,0.0014925864,0.0006225857,0.1025404101,0.018800993
55,2023,12,MANATEE,,Non-Point Source,3.5094264692,1.1001865137,131.07071825,28.263310617
55,2023,12,MSGP PINELLAS,,Non-Point Source,0.0041484592,0.0006553885,0.1905271866,0.0279986265
55,2023,12,None,,Non-Point Source,0.000809121,0.0000226461,0.0095815681,0.0014904761
55,2023,12,PINELLAS,,Non-Point Source,0.0204101053,0.0061056577,0.9939036146,0.1901034455
55,2023,12,Palmetto,,Non-Point Source,0.0774171022,0.0230883867,4.7963848791,0.8655459244
55,2023,12,SARASOTA,,Non-Point Source,0.4015884546,0.1038358002,12.684489002,3.0710408577
55,2023,12,ST PETE BEACH,,Non-Point Source,0.0155723979,0.0046296296,0.895716707,0.1659200396
55,2023,12,ST PETERSBURG,,Non-Point Source,0.0963007207,0.0308155521,5.876468688,1.1426460775
55,2023,12,Tara,,Non-Point Source,0.0533981177,0.0153303208,1.77423631,0.3633372354
55,2023,12,University Place,,Non-Point Source,0.0328193872,0.0088387668,0.7726311818,0.168207658
55,2023,12,Waterlefe,,Non-Point Source,0.0082825634,0.0027106122,0.3513998315,0.0671172178
55,2023,12,Bradenton,City of Bradenton WRF,PS - Domestic - REUSE,0.3123893669,0.0018594605,0.0197846599,0.0157682252
55,2023,12,Palmetto,City of Palmetto WWTF,PS - Domestic - REUSE,0,0,0,0
55,2023,12,Manatee Co.,Manatee County Southeast WRF,PS - Domestic - REUSE,0.6291793492,0.1147827191,0.0170048473,0.0042512118
55,2023,12,St. Petersburg,St Pete Facilities,PS - Domestic - REUSE,0.1751547875,0.0066855547,0.0054161808,0.0155299416
55,2023,12,Bradenton,City of Bradenton WRF,PS - Domestic - SW,1.5393099238,0.0549753544,0.584937771,0.4661910055
55,2023,12,Palmetto,City of Palmetto WWTF,PS - Domestic - SW,0,0,0,0
55,2024,1,Atmospheric Deposition,,Atmospheric Deposition,6.6529560196,0.1225159744,0,0
55,2024,1,Ground Water,,Ground Water,0.0018584969,0.0139365218,0,0
55,2024,1,Bradenton,,Non-Point Source,0.4692913953,0.1093816301,21.692755358,3.8853393208
55,2024,1,Conservation,,Non-Point Source,1.016486062,0.1590536779,42.953538076,10.072400807
55,2024,1,FDACS (Agriculture),,Non-Point Source,8.6509989204,2.4286662749,98.003263974,34.488391683
55,2024,1,GULFPORT,,Non-Point Source,0.0509268412,0.0097549665,1.8713613717,0.3397529414
55,2024,1,Greyhawk Landing,,Non-Point Source,0.0473753075,0.0103355873,1.3448497037,0.2584596722
55,2024,1,Harbourage at Braden River,,Non-Point Source,0.0067601214,0.0017210903,0.2412023206,0.0435952417
55,2024,1,Heritage Harbour,,Non-Point Source,0.050680121,0.0107562158,1.4147747655,0.3015541434
55,2024,1,Heritage Harbour Marketplace,,Non-Point Source,0.0082842749,0.00160353,0.2656816423,0.0653193499
55,2024,1,Lakewood Ranch,,Non-Point Source,1.8429743496,0.465590051,46.133056261,10.259865297
55,2024,1,Lexington,,Non-Point Source,0.0052086032,0.001253721,0.2064889583,0.0378601709
55,2024,1,MANATEE,,Non-Point Source,12.366546947,3.114716768,355.15171717,79.207246219
55,2024,1,MSGP PINELLAS,,Non-Point Source,0.0064978972,0.0010229616,0.2874383859,0.0442103367
55,2024,1,None,,Non-Point Source,0.0016464424,0.0000429353,0.018996039,0.0029308325
55,2024,1,PINELLAS,,Non-Point Source,0.0590483228,0.0118339815,1.9087857316,0.3665634974
55,2024,1,Palmetto,,Non-Point Source,0.217281937,0.0464060496,9.6414522026,1.7396411305
55,2024,1,SARASOTA,,Non-Point Source,1.3751727695,0.3343694293,40.846272087,9.8892884402
55,2024,1,ST PETE BEACH,,Non-Point Source,0.0405912253,0.0079773883,1.5147874546,0.2801534672
55,2024,1,ST PETERSBURG,,Non-Point Source,0.2674358041,0.0509109414,9.5313540808,1.8628789221
55,2024,1,Tara,,Non-Point Source,0.1828529595,0.0493663131,5.7133510898,1.1700094165
55,2024,1,University Place,,Non-Point Source,0.1123845249,0.0284623743,2.4880074767,0.5416580648
55,2024,1,Waterlefe,,Non-Point Source,0.0245211788,0.0054584479,0.7076252675,0.1351561241
55,2024,1,Bradenton,City of Bradenton WRF,PS - Domestic - REUSE,0.9119441145,0.0042039977,0.0504479723,0.0294279838
55,2024,1,Palmetto,City of Palmetto WWTF,PS - Domestic - REUSE,0,0,0,0
55,2024,1,Manatee Co.,Manatee County Southeast WRF,PS - Domestic - REUSE,0.9305128489,0.1149457049,0.02189442,0.005473605
55,2024,1,St. Petersburg,St Pete Facilities,PS - Domestic - REUSE,0.098687623,0.0035209772,0.0031323003,0.0110704443
55,2024,1,Bradenton,City of Bradenton WRF,PS - Domestic - SW,2.431850972,0.0672639631,0.8071675567,0.4708477414
55,2024,1,Palmetto,City of Palmetto WWTF,PS - Domestic - SW,0,0,0,0
55,2024,2,Atmospheric Deposition,,Atmospheric Deposition,4.2135199586,0.0825148254,0,0
55,2024,2,Ground Water,,Ground Water,0.0018584969,0.0139365218,0,0
55,2024,2,Bradenton,,Non-Point Source,0.6118018777,0.1445643326,28.670250188,5.1350623079
55,2024,2,Conservation,,Non-Point Source,2.1875159188,0.3426194213,51.550470916,12.215980267
55,2024,2,FDACS (Agriculture),,Non-Point Source,12.302726895,3.8746893012,117.43021451,41.873463384
55,2024,2,GULFPORT,,Non-Point Source,0.06060581,0.0116102492,2.2272728305,0.4043700522
55,2024,2,Greyhawk Landing,,Non-Point Source,0.0617618442,0.0136600385,1.7774218551,0.3415934648
55,2024,2,Harbourage at Braden River,,Non-Point Source,0.0082027931,0.0020951585,0.2940357489,0.0531574764
55,2024,2,Heritage Harbour,,Non-Point Source,0.0660702358,0.0142159626,1.8698383777,0.3985493126
55,2024,2,Heritage Harbour Marketplace,,Non-Point Source,0.0107999742,0.0021193069,0.3511383883,0.0863293792
55,2024,2,Lakewood Ranch,,Non-Point Source,2.0363430714,0.5234163508,51.862783385,11.534140909
55,2024,2,Lexington,,Non-Point Source,0.0067903083,0.0016569815,0.2729063228,0.0500379299
55,2024,2,MANATEE,,Non-Point Source,14.956402682,3.8102582886,426.27194905,94.712141317
55,2024,2,MSGP PINELLAS,,Non-Point Source,0.0078691318,0.0012389563,0.344838535,0.0537135591
55,2024,2,None,,Non-Point Source,0.0021131519,0.0000545123,0.0243442311,0.0037497002
55,2024,2,PINELLAS,,Non-Point Source,0.0750908882,0.0150951788,2.430117081,0.4670757065
55,2024,2,Palmetto,,Non-Point Source,0.2824887318,0.0610316116,12.683716071,2.2877573954
55,2024,2,SARASOTA,,Non-Point Source,1.5194587714,0.3758981235,45.91938044,11.117538394
55,2024,2,ST PETE BEACH,,Non-Point Source,0.0501748521,0.0099104063,1.8732542352,0.3463155131
55,2024,2,ST PETERSBURG,,Non-Point Source,0.3274927187,0.0625914116,11.6627023,2.2824905078
55,2024,2,Tara,,Non-Point Source,0.2020382743,0.0554976109,6.4229494854,1.315324625
55,2024,2,University Place,,Non-Point Source,0.1241761442,0.0319974021,2.7970180881,0.6089320145
55,2024,2,Waterlefe,,Non-Point Source,0.0319675651,0.0072141628,0.9352335895,0.1786292165
55,2024,2,Bradenton,City of Bradenton WRF,PS - Domestic - REUSE,1.3526315628,0.0075146198,0.0530198174,0.0450877188
55,2024,2,Palmetto,City of Palmetto WWTF,PS - Domestic - REUSE,0,0,0,0
55,2024,2,Manatee Co.,Manatee County Southeast WRF,PS - Domestic - REUSE,1.3129928509,0.2404986905,0.0259998584,0.0129999292
55,2024,2,St. Petersburg,St Pete Facilities,PS - Domestic - REUSE,0.1101375031,0.0031312107,0.0036051272,0.0123923235
55,2024,2,Bradenton,City of Bradenton WRF,PS - Domestic - SW,2.0910246381,0.0697008213,0.4917780167,0.4182049276
55,2024,2,Palmetto,City of Palmetto WWTF,PS - Domestic - SW,0,0,0,0
55,2024,3,Atmospheric Deposition,,Atmospheric Deposition,2.4557448991,0.0411392831,0,0
55,2024,3,Ground Water,,Ground Water,0.0018584969,0.0139365218,0,0
55,2024,3,Bradenton,,Non-Point Source,0.3897705053,0.0879757869,17.447511263,3.1249834538
55,2024,3,Conservation,,Non-Point Source,0.4050723897,0.0617399627,12.446100272,2.9590623828
55,2024,3,FDACS (Agriculture),,Non-Point Source,5.0124040989,1.3210664841,44.114114552,14.709059208
55,2024,3,GULFPORT,,Non-Point Source,0.050045571,0.0095836068,1.8384882683,0.3337847016
55,2024,3,Greyhawk Landing,,Non-Point Source,0.0393476158,0.0083129263,1.0816643606,0.2078794495
55,2024,3,Harbourage at Braden River,,Non-Point Source,0.0045619565,0.0010788788,0.1518963669,0.0274761561
55,2024,3,Heritage Harbour,,Non-Point Source,0.0420924324,0.0086512383,1.1379051784,0.2425403885
55,2024,3,Heritage Harbour Marketplace,,Non-Point Source,0.006880514,0.0012897212,0.2136880894,0.0525364378
55,2024,3,Lakewood Ranch,,Non-Point Source,0.8987734888,0.2180847657,21.608959957,4.8057734809
55,2024,3,Lexington,,Non-Point Source,0.0043260114,0.0010083694,0.1660793369,0.0304509845
55,2024,3,MANATEE,,Non-Point Source,7.3873730699,1.7449189079,204.47621492,43.989487731
55,2024,3,MSGP PINELLAS,,Non-Point Source,0.0060684388,0.0009556889,0.2761048959,0.0409157574
55,2024,3,None,,Non-Point Source,0.0012601672,0.0000343366,0.0146715845,0.0022780837
55,2024,3,PINELLAS,,Non-Point Source,0.0468131087,0.0093022625,1.5112124814,0.2893035867
55,2024,3,Palmetto,,Non-Point Source,0.1776568394,0.0370362619,7.6982205046,1.3882413547
55,2024,3,SARASOTA,,Non-Point Source,0.6706381063,0.1566203541,19.132603158,4.632193382
55,2024,3,ST PETE BEACH,,Non-Point Source,0.035540742,0.0068810281,1.3263466878,0.2456122709
55,2024,3,ST PETERSBURG,,Non-Point Source,0.241337431,0.0454223546,8.6312614277,1.6799556196
55,2024,3,Tara,,Non-Point Source,0.0891729136,0.023123434,2.676162928,0.5480384063
55,2024,3,University Place,,Non-Point Source,0.0548071825,0.013331922,1.1653954516,0.2537154132
55,2024,3,Waterlefe,,Non-Point Source,0.0203660931,0.0043902368,0.5691439203,0.1087062459
55,2024,3,Bradenton,City of Bradenton WRF,PS - Domestic - REUSE,0.8576155289,0.0105099942,0.0723087603,0.0487663732
55,2024,3,Palmetto,City of Palmetto WWTF,PS - Domestic - REUSE,0,0,0,0
55,2024,3,Manatee Co.,Manatee County Southeast WRF,PS - Domestic - REUSE,1.0801143704,0.0675071482,0.0225023827,0.0112511914
55,2024,3,St. Petersburg,St Pete Facilities,PS - Domestic - REUSE,0.1230865189,0.005604387,0.0036735145,0.0125822015
55,2024,3,Bradenton,City of Bradenton WRF,PS - Domestic - SW,1.1434873719,0.0840799538,0.5784700823,0.3901309857
55,2024,3,Palmetto,City of Palmetto WWTF,PS - Domestic - SW,0,0,0,0
55,2024,4,Atmospheric Deposition,,Atmospheric Deposition,2.6180872887,0.0417490627,0,0
55,2024,4,Ground Water,,Ground Water,0.0018584969,0.0139365218,0,0
55,2024,4,Bradenton,,Non-Point Source,0.2229898973,0.0490233728,9.7224006573,1.7413567315
55,2024,4,Conservation,,Non-Point Source,0.0679276435,0.0094931013,3.6635017365,0.8752792156
55,2024,4,FDACS (Agriculture),,Non-Point Source,1.4960594711,0.4054156778,12.469386926,4.6731367886
55,2024,4,GULFPORT,,Non-Point Source,0.0357661524,0.0068475924,1.3136200722,0.2384928375
55,2024,4,Greyhawk Landing,,Non-Point Source,0.0225109922,0.004632271,0.6027435163,0.1158381425
55,2024,4,Harbourage at Braden River,,Non-Point Source,0.0017536108,0.0003639504,0.0519354609,0.0094164984
55,2024,4,Heritage Harbour,,Non-Point Source,0.0240813172,0.004820791,0.6340829868,0.1351525038
55,2024,4,Heritage Harbour Marketplace,,Non-Point Source,0.0039363808,0.0007186805,0.1190749322,0.0292752525
55,2024,4,Lakewood Ranch,,Non-Point Source,0.000155969,0.0000366237,0.0036288597,0.0008070484
55,2024,4,Lexington,,Non-Point Source,0.0024749354,0.0005619008,0.0925455688,0.0169684185
55,2024,4,MANATEE,,Non-Point Source,1.9737010256,0.4043718767,59.39986533,11.950996416
55,2024,4,MSGP PINELLAS,,Non-Point Source,0.0041522458,0.0006543865,0.1936519467,0.0277810784
55,2024,4,None,,Non-Point Source,0.0006921577,0.0000200051,0.008179046,0.0012805915
55,2024,4,PINELLAS,,Non-Point Source,0.0269229745,0.0053049613,0.8696073522,0.1658241057
55,2024,4,Palmetto,,Non-Point Source,0.101092281,0.0206379794,4.2897341039,0.7735795929
55,2024,4,SARASOTA,,Non-Point Source,0.0001163794,0.0000263017,0.0032129974,0.0007778986
55,2024,4,ST PETE BEACH,,Non-Point Source,0.0228667396,0.004364518,0.854260156,0.1583923874
55,2024,4,ST PETERSBURG,,Non-Point Source,0.1599681275,0.029802393,5.744148454,1.1136331607
55,2024,4,Tara,,Non-Point Source,0.0000154747,3.88319E-6,0.0004494163,0.0000920338
55,2024,4,University Place,,Non-Point Source,9.5109843E-6,2.238871E-6,0.0001957085,0.0000426072
55,2024,4,Waterlefe,,Non-Point Source,0.0116515564,0.0024464028,0.3171481102,0.0605751537
55,2024,4,Bradenton,City of Bradenton WRF,PS - Domestic - REUSE,0.6218995691,0.0112287422,0.0699637015,0.0509612147
55,2024,4,Palmetto,City of Palmetto WWTF,PS - Domestic - REUSE,0,0,0,0
55,2024,4,Manatee Co.,Manatee County Southeast WRF,PS - Domestic - REUSE,1.680395669,0.2009168735,0.0365303406,0.0273977555
55,2024,4,St. Petersburg,St Pete Facilities,PS - Domestic - REUSE,0.1104330668,0.009182782,0.005406727,0.0140322832
55,2024,4,Bradenton,City of Bradenton WRF,PS - Domestic - SW,0.5107387765,0.0553300341,0.3447486742,0.2511132318
55,2024,4,Palmetto,City of Palmetto WWTF,PS - Domestic - SW,0,0,0,0
55,2024,5,Atmospheric Deposition,,Atmospheric Deposition,0.7168908014,0.0109871833,0,0
55,2024,5,Ground Water,,Ground Water,0.0018584969,0.0139365218,0,0
55,2024,5,Bradenton,,Non-Point Source,0.1565756741,0.0334022601,6.6243943892,1.1864799825
55,2024,5,Conservation,,Non-Point Source,0.056127317,0.0077457207,0.5069825353,0.3275613794
55,2024,5,FDACS (Agriculture),,Non-Point Source,1.0684424502,0.284202848,6.3763506556,2.6359045564
55,2024,5,GULFPORT,,Non-Point Source,0.0237306178,0.0045421343,0.8713484241,0.1581966982
55,2024,5,Greyhawk Landing,,Non-Point Source,0.0158064281,0.0031562153,0.4106815702,0.0789267557
55,2024,5,Harbourage at Braden River,,Non-Point Source,0.0012311415,0.0002479303,0.0353797043,0.0064147561
55,2024,5,Heritage Harbour,,Non-Point Source,0.0169090552,0.0032846641,0.4320348367,0.0920866687
55,2024,5,Heritage Harbour Marketplace,,Non-Point Source,0.0027639883,0.0004896757,0.0811321545,0.0199468038
55,2024,5,Lakewood Ranch,,Non-Point Source,0,0,0,0
55,2024,5,Lexington,,Non-Point Source,0.0017378127,0.0003828533,0.0630562727,0.011561496
55,2024,5,MANATEE,,Non-Point Source,1.3892818767,0.2767311141,39.313667681,7.9222126111
55,2024,5,MSGP PINELLAS,,Non-Point Source,0.0027603168,0.0004345737,0.1285175379,0.0184535976
55,2024,5,None,,Non-Point Source,0.0004652552,0.0000133504,0.0054663548,0.0008556236
55,2024,5,PINELLAS,,Non-Point Source,0.0180516775,0.003542778,0.5805705686,0.1107225385
55,2024,5,Palmetto,,Non-Point Source,0.0709290324,0.0141280278,2.9357974432,0.5296001099
55,2024,5,SARASOTA,,Non-Point Source,0,0,0,0
55,2024,5,ST PETE BEACH,,Non-Point Source,0.015245012,0.0029048995,0.568310862,0.105369216
55,2024,5,ST PETERSBURG,,Non-Point Source,0.106498683,0.0198157263,3.8177346222,0.7402381299
55,2024,5,Tara,,Non-Point Source,0,0,0,0
55,2024,5,University Place,,Non-Point Source,0,0,0,0
55,2024,5,Waterlefe,,Non-Point Source,0.0081813137,0.0016668658,0.2160900621,0.0412731096
55,2024,5,Bradenton,City of Bradenton WRF,PS - Domestic - REUSE,0.7683614241,0.0239045776,0.0759824075,0.0832391543
55,2024,5,Palmetto,City of Palmetto WWTF,PS - Domestic - REUSE,0,0,0,0
55,2024,5,Manatee Co.,Manatee County Southeast WRF,PS - Domestic - REUSE,1.4771088675,0.2491508933,0.0355929848,0.0177964924
55,2024,5,St. Petersburg,St Pete Facilities,PS - Domestic - REUSE,0.2158827881,0.0153124461,0.007629232,0.0223587742
55,2024,5,Bradenton,City of Bradenton WRF,PS - Domestic - SW,0.5044797229,0.0941695483,0.2993246356,0.3279118199
55,2024,5,Palmetto,City of Palmetto WWTF,PS - Domestic - SW,0,0,0,0
55,2024,6,Atmospheric Deposition,,Atmospheric Deposition,9.8144856207,0.204281441,0,0
55,2024,6,Ground Water,,Ground Water,0.0018584969,0.0139365218,0,0
55,2024,6,Bradenton,,Non-Point Source,0.6148364362,0.1467901574,29.111679624,5.214125715
55,2024,6,Conservation,,Non-Point Source,0.2837884792,0.0436920299,7.7076562567,1.8933501173
55,2024,6,FDACS (Agriculture),,Non-Point Source,6.6396704774,1.7501457229,55.073321678,17.276598097
55,2024,6,GULFPORT,,Non-Point Source,0.0666594511,0.0127710019,2.4499478908,0.4447975762
55,2024,6,Greyhawk Landing,,Non-Point Source,0.0620681851,0.0138703591,1.8047884223,0.3468529031
55,2024,6,Harbourage at Braden River,,Non-Point Source,0.0067470825,0.0016734614,0.2359790679,0.0426974259
55,2024,6,Heritage Harbour,,Non-Point Source,0.0663979465,0.0144348426,1.8986278614,0.4046856873
55,2024,6,Heritage Harbour Marketplace,,Non-Point Source,0.0108535424,0.0021519374,0.3565447876,0.0876585734
55,2024,6,Lakewood Ranch,,Non-Point Source,1.1481661905,0.2990097799,29.627426466,6.5890584602
55,2024,6,Lexington,,Non-Point Source,0.0068239884,0.0016824937,0.2771082005,0.0508083527
55,2024,6,MANATEE,,Non-Point Source,10.369786466,2.5714818332,305.47157663,64.503009491
55,2024,6,MSGP PINELLAS,,Non-Point Source,0.0084737303,0.0013354689,0.3758277203,0.057686653
55,2024,6,None,,Non-Point Source,0.002119481,0.00005561,0.0245639498,0.0037909919
55,2024,6,PINELLAS,,Non-Point Source,0.0761744396,0.015315043,2.4710955477,0.4744799567
55,2024,6,Palmetto,,Non-Point Source,0.2852086067,0.0620989336,12.903988362,2.3278329473
55,2024,6,SARASOTA,,Non-Point Source,0.8567275395,0.2147376845,26.232164542,6.3510677551
55,2024,6,ST PETE BEACH,,Non-Point Source,0.052698384,0.0103706862,1.9707493031,0.3645053854
55,2024,6,ST PETERSBURG,,Non-Point Source,0.3479178683,0.0663001199,12.422207997,2.4273533133
55,2024,6,Tara,,Non-Point Source,0.1139167162,0.0317038785,3.6692103885,0.7513997719
55,2024,6,University Place,,Non-Point Source,0.0700151425,0.0182790166,1.5978403457,0.3478619408
55,2024,6,Waterlefe,,Non-Point Source,0.0321261254,0.0073252376,0.9496331721,0.1813795306
55,2024,6,Bradenton,City of Bradenton WRF,PS - Domestic - REUSE,0.587349593,0.0185142806,0.0685241192,0.0383054082
55,2024,6,Palmetto,City of Palmetto WWTF,PS - Domestic - REUSE,0,0,0,0
55,2024,6,Manatee Co.,Manatee County Southeast WRF,PS - Domestic - REUSE,0.8462115332,0.1313086862,0.0243164234,0.014589854
55,2024,6,St. Petersburg,St Pete Facilities,PS - Domestic - REUSE,0.2037213733,0.0111440752,0.0086698371,0.023330445
55,2024,6,Bradenton,City of Bradenton WRF,PS - Domestic - SW,0.6909995212,0.1306890399,0.4836996648,0.270391117
55,2024,6,Palmetto,City of Palmetto WWTF,PS - Domestic - SW,0,0,0,0
55,2024,7,Atmospheric Deposition,,Atmospheric Deposition,8.9085690213,0.1563323462,0,0
55,2024,7,Ground Water,,Ground Water,0.0275225005,0.1328155523,0,0
55,2024,7,Bradenton,,Non-Point Source,1.0632908286,0.2382306146,46.550984226,8.3432915425
55,2024,7,Conservation,,Non-Point Source,6.3783631257,1.0605606572,112.29924609,26.674757723
55,2024,7,FDACS (Agriculture),,Non-Point Source,29.150106712,9.7929215477,242.70092844,86.583738806
55,2024,7,GULFPORT,,Non-Point Source,0.2705603168,0.0521159842,9.7896324888,1.7675701534
55,2024,7,Greyhawk Landing,,Non-Point Source,0.1075351331,0.0225497361,2.8885839877,0.555549338
55,2024,7,Harbourage at Braden River,,Non-Point Source,0.0163787345,0.0040056797,0.5617968026,0.1008604005
55,2024,7,Heritage Harbour,,Non-Point Source,0.1151828694,0.0235013532,3.0440485058,0.6490392174
55,2024,7,Heritage Harbour Marketplace,,Non-Point Source,0.018753901,0.0034893973,0.5685901997,0.1399658499
55,2024,7,Lakewood Ranch,,Non-Point Source,4.7771326163,1.13829217,114.54583956,25.171096203
55,2024,7,Lexington,,Non-Point Source,0.0118306204,0.0027375891,0.4441081635,0.0814664162
55,2024,7,MANATEE,,Non-Point Source,32.52367129,7.9617726343,846.01284046,189.05574563
55,2024,7,MSGP PINELLAS,,Non-Point Source,0.0306941555,0.0048700584,1.4399190672,0.2003558842
55,2024,7,None,,Non-Point Source,0.0041607901,0.0001246119,0.0498543987,0.0077314949
55,2024,7,PINELLAS,,Non-Point Source,0.1733482896,0.0340573376,5.6229035972,1.0535514502
55,2024,7,Palmetto,,Non-Point Source,0.5149691568,0.1061220127,21.499437012,3.8954921082
55,2024,7,SARASOTA,,Non-Point Source,3.55982815,0.8161942916,101.28747397,24.236349655
55,2024,7,ST PETE BEACH,,Non-Point Source,0.1613716434,0.0306393406,5.9878806928,1.101524377
55,2024,7,ST PETERSBURG,,Non-Point Source,1.1525832643,0.2141894761,41.096772334,7.8850335521
55,2024,7,Tara,,Non-Point Source,0.4745439843,0.1208689215,14.216926514,2.8755605357
55,2024,7,University Place,,Non-Point Source,0.292384702,0.069849728,6.2023199437,1.3337522096
55,2024,7,Waterlefe,,Non-Point Source,0.055742619,0.0119272182,1.5225118544,0.2909704285
55,2024,7,Bradenton,City of Bradenton WRF,PS - Domestic - REUSE,0.3589567259,0.0072987868,0.0394852399,0.0234518394
55,2024,7,Palmetto,City of Palmetto WWTF,PS - Domestic - REUSE,0,0,0,0
55,2024,7,Manatee Co.,Manatee County Southeast WRF,PS - Domestic - REUSE,0.884619423,0.1143047569,0.0248488602,0.0099395441
55,2024,7,St. Petersburg,St Pete Facilities,PS - Domestic - REUSE,0.1575783516,0.0091362393,0.0118454231,0.0211871302
55,2024,7,Bradenton,City of Bradenton WRF,PS - Domestic - SW,1.584583745,0.1933192169,1.0458252717,0.6211568281
55,2024,7,Palmetto,City of Palmetto WWTF,PS - Domestic - SW,0,0,0,0
55,2024,8,Atmospheric Deposition,,Atmospheric Deposition,13.100055477,0.2925413902,0,0
55,2024,8,Ground Water,,Ground Water,0.0275225005,0.1328155523,0,0
55,2024,8,Bradenton,,Non-Point Source,32.280095523,7.5378999599,1472.9285013,263.99166659
55,2024,8,Conservation,,Non-Point Source,48.611388246,7.1286143713,798.52553608,193.15861593
55,2024,8,FDACS (Agriculture),,Non-Point Source,313.19026151,99.912803385,2306.5183883,864.67974896
55,2024,8,GULFPORT,,Non-Point Source,2.3749746992,0.4576336063,85.963354383,15.521140316
55,2024,8,Greyhawk Landing,,Non-Point Source,3.2646236347,0.7135004662,91.398232593,17.578241736
55,2024,8,Harbourage at Braden River,,Non-Point Source,0.2701503554,0.0606810946,8.5248729164,1.54439102
55,2024,8,Heritage Harbour,,Non-Point Source,3.4967987364,0.7436107651,96.317314831,20.536372702
55,2024,8,Heritage Harbour Marketplace,,Non-Point Source,0.5693434947,0.1104086793,17.990870111,4.4286859439
55,2024,8,Lakewood Ranch,,Non-Point Source,9.1220264025,2.2915722479,230.59990571,50.67362056
55,2024,8,Lexington,,Non-Point Source,0.3591619015,0.0866205744,14.052110444,2.5776942926
55,2024,8,MANATEE,,Non-Point Source,344.17939209,77.547704321,10200.476625,2096.0661069
55,2024,8,MSGP PINELLAS,,Non-Point Source,0.3649622182,0.0573491386,14.515744141,2.4957258002
55,2024,8,None,,Non-Point Source,0.1461619385,0.0033867529,1.6381403495,0.2452651744
55,2024,8,PINELLAS,,Non-Point Source,5.0365577163,1.0142946823,162.1989181,30.810885951
55,2024,8,Palmetto,,Non-Point Source,15.30172595,3.2674227003,663.2608911,119.95027431
55,2024,8,SARASOTA,,Non-Point Source,6.7975601644,1.6431354243,203.90860144,48.791819645
55,2024,8,ST PETE BEACH,,Non-Point Source,2.7832128109,0.5640505342,102.78385851,18.702549525
55,2024,8,ST PETERSBURG,,Non-Point Source,16.658283012,3.2531175137,581.04728701,113.69324431
55,2024,8,Tara,,Non-Point Source,0.9061508443,0.2433293256,28.621047487,5.7889836148
55,2024,8,University Place,,Non-Point Source,0.5583141993,0.1406191684,12.486305916,2.6850659521
55,2024,8,Waterlefe,,Non-Point Source,1.6922717818,0.377391368,48.174085706,9.2066503912
55,2024,8,Bradenton,City of Bradenton WRF,PS - Domestic - REUSE,0.628659347,0.0213304375,0.603952776,0.031044906
55,2024,8,Palmetto,City of Palmetto WWTF,PS - Domestic - REUSE,0,0,0,0
55,2024,8,Manatee Co.,Manatee County Southeast WRF,PS - Domestic - REUSE,0.8925358741,0.0065627638,0.0196882913,0.0262510551
55,2024,8,St. Petersburg,St Pete Facilities,PS - Domestic - REUSE,0.1222508616,0.0070920433,0.0128483164,0.0187559846
55,2024,8,Bradenton,City of Bradenton WRF,PS - Domestic - SW,8.4869011847,1.7277654387,48.920174853,2.514637388
55,2024,8,Palmetto,City of Palmetto WWTF,PS - Domestic - SW,0.3178455091,0.0218129271,0.1038710814,0.2077421628
55,2024,9,Atmospheric Deposition,,Atmospheric Deposition,8.1538608361,0.1613363452,0,0
55,2024,9,Ground Water,,Ground Water,0.0275225005,0.1328155523,0,0
55,2024,9,Bradenton,,Non-Point Source,4.3746510091,1.0059972208,196.57490636,35.231945811
55,2024,9,Conservation,,Non-Point Source,10.061293123,1.3495862454,41.91443047,41.055393824
55,2024,9,FDACS (Agriculture),,Non-Point Source,53.299106772,16.412392098,271.72972119,153.90723046
55,2024,9,GULFPORT,,Non-Point Source,0.7805100967,0.1503771304,28.247319202,5.1002035463
55,2024,9,Greyhawk Landing,,Non-Point Source,0.4424271009,0.0952227397,12.197875863,2.3459667053
55,2024,9,Harbourage at Braden River,,Non-Point Source,0.0396931189,0.0089857834,1.2619785263,0.2282342765
55,2024,9,Heritage Harbour,,Non-Point Source,0.473891848,0.0992412167,12.85436946,2.7407545834
55,2024,9,Heritage Harbour Marketplace,,Non-Point Source,0.0771583557,0.0147349826,2.4010354911,0.5910460175
55,2024,9,Lakewood Ranch,,Non-Point Source,3.0806731334,0.7588333991,76.361070631,16.780110585
55,2024,9,Lexington,,Non-Point Source,0.0486742046,0.0115602565,1.8753743255,0.3440153502
55,2024,9,MANATEE,,Non-Point Source,56.081703481,12.737067956,1524.3397551,337.77232143
55,2024,9,MSGP PINELLAS,,Non-Point Source,0.0949461792,0.0150310356,4.2804032175,0.6275334949
55,2024,9,None,,Non-Point Source,0.0193481938,0.0005134144,0.2244099296,0.0342125827
55,2024,9,PINELLAS,,Non-Point Source,0.7355532307,0.146270694,23.796293885,4.4868490695
55,2024,9,Palmetto,,Non-Point Source,2.089010605,0.4402303638,89.301334953,16.160775145
55,2024,9,SARASOTA,,Non-Point Source,2.2956588862,0.5441094167,67.522486918,16.156969252
55,2024,9,ST PETE BEACH,,Non-Point Source,0.5570845753,0.1082059622,20.646886962,3.7843911259
55,2024,9,ST PETERSBURG,,Non-Point Source,3.7631682588,0.7101268534,133.35817172,25.735125969
55,2024,9,Tara,,Non-Point Source,0.3060235125,0.0805763028,9.4776007042,1.9169695032
55,2024,9,University Place,,Non-Point Source,0.1885527928,0.0465647643,4.1347271372,0.889135276
55,2024,9,Waterlefe,,Non-Point Source,0.2293394223,0.0503661059,6.4292437674,1.2287062386
55,2024,9,Bradenton,City of Bradenton WRF,PS - Domestic - REUSE,0.5772099261,0.0131778115,0.3112940325,0.1764302038
55,2024,9,Palmetto,City of Palmetto WWTF,PS - Domestic - REUSE,0,0,0,0
55,2024,9,Manatee Co.,Manatee County Southeast WRF,PS - Domestic - REUSE,1.210169243,0.1222393175,0.0244478635,0.0244478635
55,2024,9,St. Petersburg,St Pete Facilities,PS - Domestic - REUSE,0.0778042072,0.0028292644,0.0241038793,0.0159838811
55,2024,9,Bradenton,City of Bradenton WRF,PS - Domestic - SW,4.8432557021,0.663434649,15.672044395,8.8823481933
55,2024,9,Palmetto,City of Palmetto WWTF,PS - Domestic - SW,0.2996021203,0.0992372954,0.0945117099,0.1890234198
55,2024,10,Atmospheric Deposition,,Atmospheric Deposition,7.2002685289,0.1442393708,0,0
55,2024,10,Ground Water,,Ground Water,0.0275225005,0.1328155523,0,0
55,2024,10,Bradenton,,Non-Point Source,4.7499847979,1.0944192028,213.85282966,38.328652654
55,2024,10,Conservation,,Non-Point Source,19.682404223,2.6272657474,322.89446912,76.458042451
55,2024,10,FDACS (Agriculture),,Non-Point Source,76.368474592,24.940495102,596.07878055,233.35299787
55,2024,10,GULFPORT,,Non-Point Source,2.1213911367,0.4087248713,76.776181804,13.8623475
55,2024,10,Greyhawk Landing,,Non-Point Source,0.4803862066,0.1035923288,13.270006419,2.5521651136
55,2024,10,Harbourage at Braden River,,Non-Point Source,0.0436635934,0.0099399917,1.3959219363,0.2523934709
55,2024,10,Heritage Harbour,,Non-Point Source,0.5145505479,0.1079640092,13.984202427,2.9816528159
55,2024,10,Heritage Harbour Marketplace,,Non-Point Source,0.0837783439,0.0160301118,2.6120741625,0.6429959227
55,2024,10,Lakewood Ranch,,Non-Point Source,3.6830695948,0.9094592449,91.518483136,20.110905399
55,2024,10,Lexington,,Non-Point Source,0.052850326,0.0125763436,2.0402100839,0.3742525303
55,2024,10,MANATEE,,Non-Point Source,66.218403736,15.183498343,1860.619753,402.36792591
55,2024,10,MSGP PINELLAS,,Non-Point Source,0.2311891134,0.0367712463,11.110133267,1.4994803093
55,2024,10,None,,Non-Point Source,0.0217485918,0.0007536573,0.2738985995,0.0433330578
55,2024,10,PINELLAS,,Non-Point Source,1.0105337807,0.1973305759,33.092798064,6.1595560914
55,2024,10,Palmetto,,Non-Point Source,2.2689725482,0.4788735594,97.140908516,17.579365875
55,2024,10,SARASOTA,,Non-Point Source,2.7445532446,0.6521132832,80.925470653,19.364072633
55,2024,10,ST PETE BEACH,,Non-Point Source,1.1297094664,0.211515929,42.063423652,7.7579860837
55,2024,10,ST PETERSBURG,,Non-Point Source,8.3883031371,1.5459410876,300.82873527,57.502883466
55,2024,10,Tara,,Non-Point Source,0.3658635128,0.0965704245,11.358872172,2.2974814222
55,2024,10,University Place,,Non-Point Source,0.225422506,0.0558077114,4.9554563949,1.0656256008
55,2024,10,Waterlefe,,Non-Point Source,0.249016154,0.0547930275,6.9943412296,1.3367031979
55,2024,10,Bradenton,City of Bradenton WRF,PS - Domestic - REUSE,1.7495356791,0.0205794742,0.422991372,0.03102809
55,2024,10,Palmetto,City of Palmetto WWTF,PS - Domestic - REUSE,0,0,0,0
55,2024,10,Manatee Co.,Manatee County Southeast WRF,PS - Domestic - REUSE,1.281765264,0.0774693291,0.0281706651,0.0140853326
55,2024,10,St. Petersburg,St Pete Facilities,PS - Domestic - REUSE,0.0537886693,0.002789276,0.0053314572,0.0104199566
55,2024,10,Bradenton,City of Bradenton WRF,PS - Domestic - SW,7.0627161208,0.4984647724,10.245465757,0.7515454334
55,2024,10,Palmetto,City of Palmetto WWTF,PS - Domestic - SW,0.931254046,0.1117965872,0.1210169243,0.2305084272
55,2024,11,Atmospheric Deposition,,Atmospheric Deposition,0.2868139937,0.0057395439,0,0
55,2024,11,Ground Water,,Ground Water,0.0018584969,0.0139365218,0,0
55,2024,11,Bradenton,,Non-Point Source,0.8383881891,0.1988931223,39.444830364,7.0648724834
55,2024,11,Conservation,,Non-Point Source,0.9528172294,0.1274946421,16.401281551,3.9545738684
55,2024,11,FDACS (Agriculture),,Non-Point Source,7.5686039702,2.2785197212,56.92073225,20.80237127
55,2024,11,GULFPORT,,Non-Point Source,0.2228747034,0.0426974483,8.1909410041,1.4870972231
55,2024,11,Greyhawk Landing,,Non-Point Source,0.0846358971,0.018793624,2.4453955965,0.4699678651
55,2024,11,Harbourage at Braden River,,Non-Point Source,0.0070311534,0.001609231,0.2289946361,0.0414993032
55,2024,11,Heritage Harbour,,Non-Point Source,0.0905399401,0.0195584702,2.5725432158,0.5483283168
55,2024,11,Heritage Harbour Marketplace,,Non-Point Source,0.0147998415,0.0029157646,0.4830998708,0.1187728638
55,2024,11,Lakewood Ranch,,Non-Point Source,0.2635149089,0.0680744348,6.7451650342,1.5001062203
55,2024,11,Lexington,,Non-Point Source,0.0093051598,0.0022796925,0.375467376,0.0688427078
55,2024,11,MANATEE,,Non-Point Source,8.8589132677,2.0183646469,271.01148985,55.421706561
55,2024,11,MSGP PINELLAS,,Non-Point Source,0.0247179358,0.0039097844,1.1857548227,0.1645145622
55,2024,11,None,,Non-Point Source,0.0030078613,0.0000975998,0.037192651,0.0059047849
55,2024,11,PINELLAS,,Non-Point Source,0.1268598594,0.0250386924,4.1628584569,0.7889588014
55,2024,11,Palmetto,,Non-Point Source,0.3849071971,0.0834952451,17.357861242,3.1295531715
55,2024,11,SARASOTA,,Non-Point Source,0.1966270053,0.048888523,5.9721784895,1.4459237693
55,2024,11,ST PETE BEACH,,Non-Point Source,0.126630006,0.0239062179,4.766758143,0.8851625096
55,2024,11,ST PETERSBURG,,Non-Point Source,0.9185027702,0.169934826,33.282233799,6.424295616
55,2024,11,Tara,,Non-Point Source,0.0261449548,0.0072179031,0.8353553639,0.1710683671
55,2024,11,University Place,,Non-Point Source,0.0160691319,0.0041615151,0.3637743171,0.079196423
55,2024,11,Waterlefe,,Non-Point Source,0.0438070395,0.0099253207,1.2867041636,0.2457599461
55,2024,11,Bradenton,City of Bradenton WRF,PS - Domestic - REUSE,1.8341530769,0.0117645172,0.0625279458,0.045390657
55,2024,11,Palmetto,City of Palmetto WWTF,PS - Domestic - REUSE,0,0,0,0
55,2024,11,Manatee Co.,Manatee County Southeast WRF,PS - Domestic - REUSE,1.740918214,0.2335378092,0.0424614199,0.0212307099
55,2024,11,St. Petersburg,St Pete Facilities,PS - Domestic - REUSE,0.1477181247,0.0040356884,0.011502404,0.0182331793
55,2024,11,Bradenton,City of Bradenton WRF,PS - Domestic - SW,1.5697706514,0.0604123857,0.3210894514,0.2330871573
55,2024,11,Palmetto,City of Palmetto WWTF,PS - Domestic - SW,0.0056456664,0.000237844,0.0012518107,0.0025036215
55,2024,12,Atmospheric Deposition,,Atmospheric Deposition,0.6266290008,0.0125977566,0,0
55,2024,12,Ground Water,,Ground Water,0.0018584969,0.0139365218,0,0
55,2024,12,Bradenton,,Non-Point Source,0.2289169313,0.0543501252,10.778811479,1.9305680343
55,2024,12,Conservation,,Non-Point Source,0.0954819888,0.0125805173,5.4777326816,1.2954000968
55,2024,12,FDACS (Agriculture),,Non-Point Source,1.5885067309,0.4614449523,15.326900419,5.8397707507
55,2024,12,GULFPORT,,Non-Point Source,0.0549206587,0.0105215488,2.0184200345,0.3664520141
55,2024,12,Greyhawk Landing,,Non-Point Source,0.0231093306,0.0051356015,0.6682360624,0.1284248144
55,2024,12,Harbourage at Braden River,,Non-Point Source,0.0018002332,0.0004035014,0.0575793384,0.0104397978
55,2024,12,Heritage Harbour,,Non-Point Source,0.0247213946,0.0053446056,0.7029807985,0.1498378241
55,2024,12,Heritage Harbour Marketplace,,Non-Point Source,0.0040410091,0.0007967705,0.1320133053,0.0324562255
55,2024,12,Lakewood Ranch,,Non-Point Source,0.0001671428,0.0000432222,0.0042826825,0.0009524569
55,2024,12,Lexington,,Non-Point Source,0.0025407188,0.0006229555,0.1026013301,0.0188121628
55,2024,12,MANATEE,,Non-Point Source,2.045039533,0.4503281627,66.761919924,13.534232206
55,2024,12,MSGP PINELLAS,,Non-Point Source,0.0061330917,0.0009699234,0.2930196371,0.0408702965
55,2024,12,None,,Non-Point Source,0.0007887231,0.0000250801,0.0096887874,0.0015339714
55,2024,12,PINELLAS,,Non-Point Source,0.0327503111,0.0064750341,1.073591771,0.2037103427
55,2024,12,Palmetto,,Non-Point Source,0.1060376708,0.0229882672,4.7769509666,0.8617330746
55,2024,12,SARASOTA,,Non-Point Source,0.000124717,0.0000310406,0.0037918931,0.000918055
55,2024,12,ST PETE BEACH,,Non-Point Source,0.031781687,0.006016487,1.1958676986,0.2220098813
55,2024,12,ST PETERSBURG,,Non-Point Source,0.2291890512,0.0424784514,8.2975943564,1.602793198
55,2024,12,Tara,,Non-Point Source,0.0000165833,4.5828363E-6,0.0005303891,0.0001086158
55,2024,12,University Place,,Non-Point Source,0.0000101924,2.6422553E-6,0.0002309699,0.0000502839
55,2024,12,Waterlefe,,Non-Point Source,0.0119612528,0.0027122226,0.3516086007,0.0671570927
55,2024,12,Bradenton,City of Bradenton WRF,PS - Domestic - REUSE,1.2123035803,0.01322513,0.0495942374,0.0854122977
55,2024,12,Palmetto,City of Palmetto WWTF,PS - Domestic - REUSE,0,0,0,0
55,2024,12,Manatee Co.,Manatee County Southeast WRF,PS - Domestic - REUSE,1.4749305499,0.0677264028,0.0301006235,0.0225754676
55,2024,12,St. Petersburg,St Pete Facilities,PS - Domestic - REUSE,0.1583063546,0.0034691088,0.013568554,0.0183883267
55,2024,12,Bradenton,City of Bradenton WRF,PS - Domestic - SW,1.3090602041,0.0856839406,0.3213147774,0.5533754499
55,2024,12,Palmetto,City of Palmetto WWTF,PS - Domestic - SW,0,0,0,0
